NOTIFICATION_REFERENCE,NOTIF_DATE,ORIGIN_COUNTRY_DESC,NOTIFYNG_COUNTRY_DESC,PRODUCT_NAME,PRODUCT_CATEGORY_DESC,HAZARD_CATEGORY_NAME,substance,unauthorised_flag,NOTIFICATION_CLASSIFICAT_DESC,NOTIFICATION_BASIS_DESC,RISK_DECISION_DESC,DISTRIBUTION_STATUS_DESC,NOTIF_SUBJECT
2026.8076,2026-09-11,Türkiye,Bulgaria,Peppers (other than sweet) (Capsicum spp.),fruits and vegetables,acetamiprid   - {pesticide residues},acetamiprid,False,border rejection notification,border control - consignment detained,serious,product not (yet) placed on the market,Acetamiprid in fresh peppers from Türkiye
2026.8075,2026-09-11,India,Romania,stafide aurii,fruits and vegetables,carbendazim   - {pesticide residues} *** chlorpyrifos  unauthorised substance - {pesticide residues} *** cypermethrin   - {pesticide residues} *** imidacloprid   - {pesticide residues} *** profenofos  unauthorised substance - {pesticide residues},carbendazim,False,information notification for attention,consumer complaint,potentially serious,no distribution from notifying country,Depasire LMA de pesticide in stafide aurii origine India ////  Exceeding of MRL for pesticides in golden raisins or. india
2026.8075,2026-09-11,India,Romania,stafide aurii,fruits and vegetables,carbendazim   - {pesticide residues} *** chlorpyrifos  unauthorised substance - {pesticide residues} *** cypermethrin   - {pesticide residues} *** imidacloprid   - {pesticide residues} *** profenofos  unauthorised substance - {pesticide residues},chlorpyrifos,True,information notification for attention,consumer complaint,potentially serious,no distribution from notifying country,Depasire LMA de pesticide in stafide aurii origine India ////  Exceeding of MRL for pesticides in golden raisins or. india
2026.8075,2026-09-11,India,Romania,stafide aurii,fruits and vegetables,carbendazim   - {pesticide residues} *** chlorpyrifos  unauthorised substance - {pesticide residues} *** cypermethrin   - {pesticide residues} *** imidacloprid   - {pesticide residues} *** profenofos  unauthorised substance - {pesticide residues},cypermethrin,False,information notification for attention,consumer complaint,potentially serious,no distribution from notifying country,Depasire LMA de pesticide in stafide aurii origine India ////  Exceeding of MRL for pesticides in golden raisins or. india
2026.8075,2026-09-11,India,Romania,stafide aurii,fruits and vegetables,carbendazim   - {pesticide residues} *** chlorpyrifos  unauthorised substance - {pesticide residues} *** cypermethrin   - {pesticide residues} *** imidacloprid   - {pesticide residues} *** profenofos  unauthorised substance - {pesticide residues},imidacloprid,False,information notification for attention,consumer complaint,potentially serious,no distribution from notifying country,Depasire LMA de pesticide in stafide aurii origine India ////  Exceeding of MRL for pesticides in golden raisins or. india
2026.8075,2026-09-11,India,Romania,stafide aurii,fruits and vegetables,carbendazim   - {pesticide residues} *** chlorpyrifos  unauthorised substance - {pesticide residues} *** cypermethrin   - {pesticide residues} *** imidacloprid   - {pesticide residues} *** profenofos  unauthorised substance - {pesticide residues},profenofos,True,information notification for attention,consumer complaint,potentially serious,no distribution from notifying country,Depasire LMA de pesticide in stafide aurii origine India ////  Exceeding of MRL for pesticides in golden raisins or. india
2026.7943,2026-09-09,Egypt,Austria,Honigmango /// honey mango,fruits and vegetables,acetamiprid   - {pesticide residues} *** chlorpyrifos  unauthorised substance - {pesticide residues} *** clothianidin   - {pesticide residues} *** cyfluthrin   - {pesticide residues} *** imidacloprid   - {pesticide residues},acetamiprid,False,information notification for attention,official control on the market,potentially serious,distribution restricted to notifying country,Unauthorised pesticides in mangoes from Egypt
2026.7943,2026-09-09,Egypt,Austria,Honigmango /// honey mango,fruits and vegetables,acetamiprid   - {pesticide residues} *** chlorpyrifos  unauthorised substance - {pesticide residues} *** clothianidin   - {pesticide residues} *** cyfluthrin   - {pesticide residues} *** imidacloprid   - {pesticide residues},chlorpyrifos,True,information notification for attention,official control on the market,potentially serious,distribution restricted to notifying country,Unauthorised pesticides in mangoes from Egypt
2026.7943,2026-09-09,Egypt,Austria,Honigmango /// honey mango,fruits and vegetables,acetamiprid   - {pesticide residues} *** chlorpyrifos  unauthorised substance - {pesticide residues} *** clothianidin   - {pesticide residues} *** cyfluthrin   - {pesticide residues} *** imidacloprid   - {pesticide residues},clothianidin,False,information notification for attention,official control on the market,potentially serious,distribution restricted to notifying country,Unauthorised pesticides in mangoes from Egypt
2026.7943,2026-09-09,Egypt,Austria,Honigmango /// honey mango,fruits and vegetables,acetamiprid   - {pesticide residues} *** chlorpyrifos  unauthorised substance - {pesticide residues} *** clothianidin   - {pesticide residues} *** cyfluthrin   - {pesticide residues} *** imidacloprid   - {pesticide residues},cyfluthrin,False,information notification for attention,official control on the market,potentially serious,distribution restricted to notifying country,Unauthorised pesticides in mangoes from Egypt
2026.7943,2026-09-09,Egypt,Austria,Honigmango /// honey mango,fruits and vegetables,acetamiprid   - {pesticide residues} *** chlorpyrifos  unauthorised substance - {pesticide residues} *** clothianidin   - {pesticide residues} *** cyfluthrin   - {pesticide residues} *** imidacloprid   - {pesticide residues},imidacloprid,False,information notification for attention,official control on the market,potentially serious,distribution restricted to notifying country,Unauthorised pesticides in mangoes from Egypt
2026.7898,2026-09-08,Türkiye,Bulgaria,"Whole tomatoes, with greatest diameter of less than 47 mm",fruits and vegetables,etoxazole   - {pesticide residues} *** indoxacarb   - {pesticide residues},etoxazole,False,border rejection notification,border control - consignment detained,serious,product not (yet) placed on the market,Etoxazole and Indoxacarb in fresh tomatoes from Türkiye
2026.7898,2026-09-08,Türkiye,Bulgaria,"Whole tomatoes, with greatest diameter of less than 47 mm",fruits and vegetables,etoxazole   - {pesticide residues} *** indoxacarb   - {pesticide residues},indoxacarb,False,border rejection notification,border control - consignment detained,serious,product not (yet) placed on the market,Etoxazole and Indoxacarb in fresh tomatoes from Türkiye
2026.7899,2026-09-08,Türkiye,Bulgaria,Sweet peppers,fruits and vegetables,acetamiprid   - {pesticide residues},acetamiprid,False,border rejection notification,border control - consignment detained,serious,product not (yet) placed on the market,Acetamiprid in fresh peppers from Türkiye
2026.7869,2026-09-07,Egypt,Germany,Mangoes,fruits and vegetables,cyfluthrin   - {pesticide residues},cyfluthrin,False,border rejection notification,border control - consignment detained,serious,product not (yet) placed on the market,Cyfluthrin in mangoes from Egypt
2026.7781,2026-09-03,Türkiye,Bulgaria,Peppers (other than sweet) (Capsicum spp.),fruits and vegetables,formetanate   - {pesticide residues},formetanate,False,border rejection notification,border control - consignment detained,serious,product not (yet) placed on the market,Formetanate in fresh peppers from Türkiye
2026.7744,2026-09-02,Türkiye,Bulgaria,Peppers (other than sweet) (Capsicum spp.),fruits and vegetables,formetanate   - {pesticide residues},formetanate,False,border rejection notification,border control - consignment detained,serious,product not (yet) placed on the market,Formetanate in fresh peppers from Türkiye
2026.7727,2026-09-01,India,Austria,Pitahaya,fruits and vegetables,acephate  unauthorised substance - {pesticide residues} *** chlorpyrifos  unauthorised substance - {pesticide residues} *** cypermethrin   - {pesticide residues} *** dithiocarbamates   - {pesticide residues} *** fluxapyroxad   - {pesticide residues} *** pyraclostrobin   - {pesticide residues},acephate,True,information notification for attention,official control on the market,potentially serious,product traded online,"Unauthorised pesticides in pitahaya from India, via Germany"
2026.7727,2026-09-01,India,Austria,Pitahaya,fruits and vegetables,acephate  unauthorised substance - {pesticide residues} *** chlorpyrifos  unauthorised substance - {pesticide residues} *** cypermethrin   - {pesticide residues} *** dithiocarbamates   - {pesticide residues} *** fluxapyroxad   - {pesticide residues} *** pyraclostrobin   - {pesticide residues},chlorpyrifos,True,information notification for attention,official control on the market,potentially serious,product traded online,"Unauthorised pesticides in pitahaya from India, via Germany"
2026.7727,2026-09-01,India,Austria,Pitahaya,fruits and vegetables,acephate  unauthorised substance - {pesticide residues} *** chlorpyrifos  unauthorised substance - {pesticide residues} *** cypermethrin   - {pesticide residues} *** dithiocarbamates   - {pesticide residues} *** fluxapyroxad   - {pesticide residues} *** pyraclostrobin   - {pesticide residues},cypermethrin,False,information notification for attention,official control on the market,potentially serious,product traded online,"Unauthorised pesticides in pitahaya from India, via Germany"
2026.7727,2026-09-01,India,Austria,Pitahaya,fruits and vegetables,acephate  unauthorised substance - {pesticide residues} *** chlorpyrifos  unauthorised substance - {pesticide residues} *** cypermethrin   - {pesticide residues} *** dithiocarbamates   - {pesticide residues} *** fluxapyroxad   - {pesticide residues} *** pyraclostrobin   - {pesticide residues},dithiocarbamates,False,information notification for attention,official control on the market,potentially serious,product traded online,"Unauthorised pesticides in pitahaya from India, via Germany"
2026.7727,2026-09-01,India,Austria,Pitahaya,fruits and vegetables,acephate  unauthorised substance - {pesticide residues} *** chlorpyrifos  unauthorised substance - {pesticide residues} *** cypermethrin   - {pesticide residues} *** dithiocarbamates   - {pesticide residues} *** fluxapyroxad   - {pesticide residues} *** pyraclostrobin   - {pesticide residues},fluxapyroxad,False,information notification for attention,official control on the market,potentially serious,product traded online,"Unauthorised pesticides in pitahaya from India, via Germany"
2026.7727,2026-09-01,India,Austria,Pitahaya,fruits and vegetables,acephate  unauthorised substance - {pesticide residues} *** chlorpyrifos  unauthorised substance - {pesticide residues} *** cypermethrin   - {pesticide residues} *** dithiocarbamates   - {pesticide residues} *** fluxapyroxad   - {pesticide residues} *** pyraclostrobin   - {pesticide residues},pyraclostrobin,False,information notification for attention,official control on the market,potentially serious,product traded online,"Unauthorised pesticides in pitahaya from India, via Germany"
2026.7662,2026-08-31,Egypt,Ireland,Mangos,fruits and vegetables,acetamiprid   - {pesticide residues} *** chlorfenapyr   - {pesticide residues} *** clothianidin   - {pesticide residues} *** pyriproxyfen    - {pesticide residues},acetamiprid,False,border rejection notification,border control - consignment detained,potential risk,no distribution from notifying country,Pesticide residues on mangos/mangoes from Egypt
2026.7662,2026-08-31,Egypt,Ireland,Mangos,fruits and vegetables,acetamiprid   - {pesticide residues} *** chlorfenapyr   - {pesticide residues} *** clothianidin   - {pesticide residues} *** pyriproxyfen    - {pesticide residues},chlorfenapyr,False,border rejection notification,border control - consignment detained,potential risk,no distribution from notifying country,Pesticide residues on mangos/mangoes from Egypt
2026.7662,2026-08-31,Egypt,Ireland,Mangos,fruits and vegetables,acetamiprid   - {pesticide residues} *** chlorfenapyr   - {pesticide residues} *** clothianidin   - {pesticide residues} *** pyriproxyfen    - {pesticide residues},clothianidin,False,border rejection notification,border control - consignment detained,potential risk,no distribution from notifying country,Pesticide residues on mangos/mangoes from Egypt
2026.7662,2026-08-31,Egypt,Ireland,Mangos,fruits and vegetables,acetamiprid   - {pesticide residues} *** chlorfenapyr   - {pesticide residues} *** clothianidin   - {pesticide residues} *** pyriproxyfen    - {pesticide residues},pyriproxyfen,False,border rejection notification,border control - consignment detained,potential risk,no distribution from notifying country,Pesticide residues on mangos/mangoes from Egypt
2026.7683,2026-08-31,Türkiye,Netherlands,Sun-dried tomatoes diced,fruits and vegetables,chlorate  unauthorised substance - {pesticide residues},chlorate,True,alert notification,company's own check,serious,no distribution to other member countries,Pesticide residues in sun-dried tomatoes diced from Turkiye
2026.7534,2026-08-26,Morocco,Germany,green beans,fruits and vegetables,spiroxamine  - {pesticide residues},spiroxamine,False,information notification for attention,official control on the market,potential risk,product (presumably) no longer on the market,"Spiroxamine in green beans from Morocco, via Spain"
2026.7529,2026-08-26,Egypt,Denmark,grapes,fruits and vegetables,acetamiprid   - {pesticide residues},acetamiprid,False,information notification for attention,official control on the market,serious,product (presumably) no longer on the market,Acetamiprid in green seedless grapes from Egypt via the Netherlands
2026.7508,2026-08-25,Egypt,Italy,Mango,fruits and vegetables,dimethoate   - {pesticide residues},dimethoate,False,border rejection notification,border control - consignment detained,potentially serious,no distribution to other member countries,Dimethoate on mango
2026.7489,2026-08-25,Türkiye,Croatia,Horn peppars,fruits and vegetables,thiamethoxam   - {pesticide residues},thiamethoxam,False,border rejection notification,border control - consignment detained,no risk,product allowed to travel to destination under customs seals,Pesticide residues in horn peppers from Republic of  North Macedonia
2026.7502,2026-08-25,Türkiye,Croatia,Fresh peach,fruits and vegetables,etoxazole   - {pesticide residues},etoxazole,False,border rejection notification,border control - consignment detained,no risk,product allowed to travel to destination under customs seals,Etoxazole in peach from Turkey
2026.7449,2026-08-24,Kenya,Switzerland,Peppers (other than sweet) (Capsicum spp.),fruits and vegetables,acetamiprid   - {pesticide residues} *** chlorfenapyr   - {pesticide residues} *** fenpyroximate    - {pesticide residues} *** lambda-cyhalothrin   - {pesticide residues},acetamiprid,False,border rejection notification,border control - consignment detained,potential risk,product not (yet) placed on the market,High results for pesticides for Peppers (Capsicum) from Kenya
2026.7449,2026-08-24,Kenya,Switzerland,Peppers (other than sweet) (Capsicum spp.),fruits and vegetables,acetamiprid   - {pesticide residues} *** chlorfenapyr   - {pesticide residues} *** fenpyroximate    - {pesticide residues} *** lambda-cyhalothrin   - {pesticide residues},chlorfenapyr,False,border rejection notification,border control - consignment detained,potential risk,product not (yet) placed on the market,High results for pesticides for Peppers (Capsicum) from Kenya
2026.7449,2026-08-24,Kenya,Switzerland,Peppers (other than sweet) (Capsicum spp.),fruits and vegetables,acetamiprid   - {pesticide residues} *** chlorfenapyr   - {pesticide residues} *** fenpyroximate    - {pesticide residues} *** lambda-cyhalothrin   - {pesticide residues},fenpyroximate,False,border rejection notification,border control - consignment detained,potential risk,product not (yet) placed on the market,High results for pesticides for Peppers (Capsicum) from Kenya
2026.7449,2026-08-24,Kenya,Switzerland,Peppers (other than sweet) (Capsicum spp.),fruits and vegetables,acetamiprid   - {pesticide residues} *** chlorfenapyr   - {pesticide residues} *** fenpyroximate    - {pesticide residues} *** lambda-cyhalothrin   - {pesticide residues},lambda-cyhalothrin,False,border rejection notification,border control - consignment detained,potential risk,product not (yet) placed on the market,High results for pesticides for Peppers (Capsicum) from Kenya
2026.7417,2026-08-21,Egypt,Italy,Frozen strawberries,fruits and vegetables,oxamyl  unauthorised substance - {pesticide residues},oxamyl,True,border rejection notification,border control - consignment detained,serious,product not (yet) placed on the market,Oxamyl on frozen strawberries
2026.7413,2026-08-21,Türkiye,Bulgaria,Peppers (other than sweet) (Capsicum spp.),fruits and vegetables,emamectin   - {pesticide residues} *** formetanate   - {pesticide residues} *** tebufenpyrad   - {pesticide residues},emamectin,False,border rejection notification,border control - consignment detained,serious,product not (yet) placed on the market,Emamectin Formetanate and  Tebufenpyrad in fresh peppers from Türkiye
2026.7413,2026-08-21,Türkiye,Bulgaria,Peppers (other than sweet) (Capsicum spp.),fruits and vegetables,emamectin   - {pesticide residues} *** formetanate   - {pesticide residues} *** tebufenpyrad   - {pesticide residues},formetanate,False,border rejection notification,border control - consignment detained,serious,product not (yet) placed on the market,Emamectin Formetanate and  Tebufenpyrad in fresh peppers from Türkiye
2026.7413,2026-08-21,Türkiye,Bulgaria,Peppers (other than sweet) (Capsicum spp.),fruits and vegetables,emamectin   - {pesticide residues} *** formetanate   - {pesticide residues} *** tebufenpyrad   - {pesticide residues},tebufenpyrad,False,border rejection notification,border control - consignment detained,serious,product not (yet) placed on the market,Emamectin Formetanate and  Tebufenpyrad in fresh peppers from Türkiye
2026.7390,2026-08-20,Egypt,Germany,mangoes,fruits and vegetables,chlorpyrifos  unauthorised substance - {pesticide residues} *** clothianidin   - {pesticide residues} *** cyfluthrin   - {pesticide residues} *** fenpropathrin  unauthorised substance - {pesticide residues} *** flonicamid   - {pesticide residues} *** imidacloprid   - {pesticide residues} *** thiamethoxam   - {pesticide residues},chlorpyrifos,True,border rejection notification,border control - consignment detained,not serious,product not (yet) placed on the market,Pesticide residues in mangoes from Egypt
2026.7390,2026-08-20,Egypt,Germany,mangoes,fruits and vegetables,chlorpyrifos  unauthorised substance - {pesticide residues} *** clothianidin   - {pesticide residues} *** cyfluthrin   - {pesticide residues} *** fenpropathrin  unauthorised substance - {pesticide residues} *** flonicamid   - {pesticide residues} *** imidacloprid   - {pesticide residues} *** thiamethoxam   - {pesticide residues},clothianidin,False,border rejection notification,border control - consignment detained,not serious,product not (yet) placed on the market,Pesticide residues in mangoes from Egypt
2026.7390,2026-08-20,Egypt,Germany,mangoes,fruits and vegetables,chlorpyrifos  unauthorised substance - {pesticide residues} *** clothianidin   - {pesticide residues} *** cyfluthrin   - {pesticide residues} *** fenpropathrin  unauthorised substance - {pesticide residues} *** flonicamid   - {pesticide residues} *** imidacloprid   - {pesticide residues} *** thiamethoxam   - {pesticide residues},cyfluthrin,False,border rejection notification,border control - consignment detained,not serious,product not (yet) placed on the market,Pesticide residues in mangoes from Egypt
2026.7390,2026-08-20,Egypt,Germany,mangoes,fruits and vegetables,chlorpyrifos  unauthorised substance - {pesticide residues} *** clothianidin   - {pesticide residues} *** cyfluthrin   - {pesticide residues} *** fenpropathrin  unauthorised substance - {pesticide residues} *** flonicamid   - {pesticide residues} *** imidacloprid   - {pesticide residues} *** thiamethoxam   - {pesticide residues},fenpropathrin,True,border rejection notification,border control - consignment detained,not serious,product not (yet) placed on the market,Pesticide residues in mangoes from Egypt
2026.7390,2026-08-20,Egypt,Germany,mangoes,fruits and vegetables,chlorpyrifos  unauthorised substance - {pesticide residues} *** clothianidin   - {pesticide residues} *** cyfluthrin   - {pesticide residues} *** fenpropathrin  unauthorised substance - {pesticide residues} *** flonicamid   - {pesticide residues} *** imidacloprid   - {pesticide residues} *** thiamethoxam   - {pesticide residues},flonicamid,False,border rejection notification,border control - consignment detained,not serious,product not (yet) placed on the market,Pesticide residues in mangoes from Egypt
2026.7390,2026-08-20,Egypt,Germany,mangoes,fruits and vegetables,chlorpyrifos  unauthorised substance - {pesticide residues} *** clothianidin   - {pesticide residues} *** cyfluthrin   - {pesticide residues} *** fenpropathrin  unauthorised substance - {pesticide residues} *** flonicamid   - {pesticide residues} *** imidacloprid   - {pesticide residues} *** thiamethoxam   - {pesticide residues},imidacloprid,False,border rejection notification,border control - consignment detained,not serious,product not (yet) placed on the market,Pesticide residues in mangoes from Egypt
2026.7390,2026-08-20,Egypt,Germany,mangoes,fruits and vegetables,chlorpyrifos  unauthorised substance - {pesticide residues} *** clothianidin   - {pesticide residues} *** cyfluthrin   - {pesticide residues} *** fenpropathrin  unauthorised substance - {pesticide residues} *** flonicamid   - {pesticide residues} *** imidacloprid   - {pesticide residues} *** thiamethoxam   - {pesticide residues},thiamethoxam,False,border rejection notification,border control - consignment detained,not serious,product not (yet) placed on the market,Pesticide residues in mangoes from Egypt
2026.7378,2026-08-20,Türkiye,Bulgaria,Sweet peppers,fruits and vegetables,chlorpyrifos-methyl  unauthorised substance - {pesticide residues},chlorpyrifos-methyl,True,border rejection notification,border control - consignment detained,serious,product not (yet) placed on the market,Chlorpyrifos-methyl in peppers from Türkiye
2026.7325,2026-08-18,Kenya,France,Green beans,fruits and vegetables,flutriafol   - {pesticide residues},flutriafol,False,border rejection notification,border control - consignment detained,not serious,product not (yet) placed on the market,Flutriafole in green beans from Kenya
2026.7300,2026-08-18,Kenya,Sweden,Peppers (other than sweet) (Capsicum spp.),fruits and vegetables,acetamiprid   - {pesticide residues},acetamiprid,False,border rejection notification,border control - consignment detained,not serious,product not (yet) placed on the market,Acetamiprid in bell peppers/chillies
2026.7144,2026-08-12,Türkiye,Germany, fresh chili peppers,fruits and vegetables,ethephon   - {pesticide residues},ethephon,False,information notification for attention,official control on the market,potentially serious,product (presumably) no longer on the market,Ethephon in fresh chili peppers from Türkiye
2026.7005,2026-08-06,Egypt,Poland,Pomarańcze/ Oranges,fruits and vegetables,glufosinate unauthorised substance - {pesticide residues},glufosinate,True,information notification for attention,official control on the market,serious,product (presumably) no longer on the market,glufosinate in oranges from Egypt via Netherlands
2026.6902,2026-08-04,Türkiye,Bulgaria,Peppers (other than sweet) (Capsicum spp.),fruits and vegetables,acetamiprid   - {pesticide residues},acetamiprid,False,border rejection notification,border control - consignment detained,serious,product not (yet) placed on the market,acetamiprid in fresh pepppers from Türkiye
2026.6899,2026-08-04,Kenya,Spain,Peppers (other than sweet) (Capsicum spp.),fruits and vegetables,chlorpyrifos  unauthorised substance - {pesticide residues},chlorpyrifos,True,border rejection notification,border control - consignment detained,serious,no distribution from notifying country,Chlorpyrifos en pimientos de Kenia // Chlorpyrifos in peppers from Kenya
2026.6853,2026-07-31,Kenya,France,Green beans,fruits and vegetables,hexaconazole  unauthorised substance - {pesticide residues},hexaconazole,True,border rejection notification,border control - consignment detained,potentially serious,product not (yet) placed on the market,Hexaconazole in green beans from Kenya
2026.6832,2026-07-31,Kenya,France,Beans,fruits and vegetables,flutriafol   - {pesticide residues},flutriafol,False,border rejection notification,border control - consignment detained,not serious,product not (yet) placed on the market,Flutriafole in beans from Kenya
2026.6857,2026-07-31,Kenya,France,Green beans,fruits and vegetables,carbendazim  unauthorised substance - {pesticide residues},carbendazim,True,border rejection notification,border control - consignment detained,potentially serious,product not (yet) placed on the market,Carbendazim in green beans from Kenya
2026.6689,2026-07-28,Türkiye,Austria, pitahaya (dragon fruit),fruits and vegetables,acetamiprid   - {pesticide residues} *** formetanate   - {pesticide residues} *** sulfoxaflor   - {pesticide residues},acetamiprid,False,alert notification,official control on the market,serious,distribution to other member countries,"Pesticide residues of acetamiprid, formetanate, and sulfoxaflor in pitahaya (dragon fruit) from Turkey"
2026.6689,2026-07-28,Türkiye,Austria, pitahaya (dragon fruit),fruits and vegetables,acetamiprid   - {pesticide residues} *** formetanate   - {pesticide residues} *** sulfoxaflor   - {pesticide residues},formetanate,False,alert notification,official control on the market,serious,distribution to other member countries,"Pesticide residues of acetamiprid, formetanate, and sulfoxaflor in pitahaya (dragon fruit) from Turkey"
2026.6689,2026-07-28,Türkiye,Austria, pitahaya (dragon fruit),fruits and vegetables,acetamiprid   - {pesticide residues} *** formetanate   - {pesticide residues} *** sulfoxaflor   - {pesticide residues},sulfoxaflor,False,alert notification,official control on the market,serious,distribution to other member countries,"Pesticide residues of acetamiprid, formetanate, and sulfoxaflor in pitahaya (dragon fruit) from Turkey"
2026.6655,2026-07-27,Türkiye,Bulgaria,Sweet peppers,fruits and vegetables,fosthiazate   - {pesticide residues},fosthiazate,False,border rejection notification,border control - consignment detained,serious,product not (yet) placed on the market,Fosthiazate in fresh peppers from Türkiye
2026.6664,2026-07-27,Türkiye,Bulgaria,Peppers (other than sweet) (Capsicum spp.),fruits and vegetables,Acrinathrin   - {pesticide residues} *** acetamiprid   - {pesticide residues},Acrinathrin,False,border rejection notification,border control - consignment detained,serious,product not (yet) placed on the market, Acetamiprid and Acrinatrin in fresh peppers from Türkiye
2026.6664,2026-07-27,Türkiye,Bulgaria,Peppers (other than sweet) (Capsicum spp.),fruits and vegetables,Acrinathrin   - {pesticide residues} *** acetamiprid   - {pesticide residues},acetamiprid,False,border rejection notification,border control - consignment detained,serious,product not (yet) placed on the market, Acetamiprid and Acrinatrin in fresh peppers from Türkiye
2026.6544,2026-07-23,Egypt,Netherlands,Strawberry,fruits and vegetables,oxamyl  unauthorised substance - {pesticide residues},oxamyl,True,border rejection notification,border control - consignment detained,not serious,product not (yet) placed on the market,Strawberry Egypt Pesticide Residue
2026.6518,2026-07-23,Türkiye,Italy,foglie di vite,fruits and vegetables,dithiocarbamates   - {pesticide residues},dithiocarbamates,False,border rejection notification,border control - consignment detained,potentially serious,product not (yet) placed on the market,Foglie di vite in salamoia dalla Turchia: residui di Dithiocarbamates/dithiocarbamates in brined vine leaves from Türkiye
2026.6362,2026-07-16,Kenya,France,Beans,fruits and vegetables,indoxacarb   - {pesticide residues},indoxacarb,False,border rejection notification,border control - consignment detained,not serious,product not (yet) placed on the market,Indoxacarbe in beans from Kenya
2026.6163,2026-07-10,Egypt,Netherlands,Orange,fruits and vegetables,chlorpropham   - {pesticide residues},chlorpropham,False,border rejection notification,border control - consignment detained,not serious,product not (yet) placed on the market,chlorpropham in oranges from Egypt
2026.6085,2026-07-08,Türkiye,Germany,pears,fruits and vegetables,acetamiprid   - {pesticide residues},acetamiprid,False,information notification for attention,official control on the market,serious,product (presumably) no longer on the market,Acetamiprid in pears from Turkey
2026.5998,2026-07-07,India,Switzerland,Bottle Gourd,fruits and vegetables,Imidaclopride   - {pesticide residues} *** thiamethoxam   - {pesticide residues},Imidaclopride,False,border rejection notification,border control - consignment detained,no risk,product not (yet) placed on the market,High results for pesticides for Bottle Gourd from India
2026.5998,2026-07-07,India,Switzerland,Bottle Gourd,fruits and vegetables,Imidaclopride   - {pesticide residues} *** thiamethoxam   - {pesticide residues},thiamethoxam,False,border rejection notification,border control - consignment detained,no risk,product not (yet) placed on the market,High results for pesticides for Bottle Gourd from India
2026.5969,2026-07-06,Türkiye,Bulgaria,Sweet peppers,fruits and vegetables,Spirotetramat  unauthorised substance - {pesticide residues} *** flonicamid   - {pesticide residues},Spirotetramat,True,border rejection notification,border control - consignment detained,serious,product not (yet) placed on the market,Flonicamid and  Spirotetramat in fresh peppers from Türkiye
2026.5969,2026-07-06,Türkiye,Bulgaria,Sweet peppers,fruits and vegetables,Spirotetramat  unauthorised substance - {pesticide residues} *** flonicamid   - {pesticide residues},flonicamid,False,border rejection notification,border control - consignment detained,serious,product not (yet) placed on the market,Flonicamid and  Spirotetramat in fresh peppers from Türkiye
2026.5907,2026-07-03,Egypt,Poland,Truskawka mrożona//frozen strawberry,fruits and vegetables,bifenazate  - {pesticide residues} *** dodine   - {pesticide residues},bifenazate,False,border rejection notification,border control - consignment detained,potential risk,product not (yet) placed on the market,Przekroczenie NDP pestycydów dodyny i bifenazatu w mrożonej truskawce pochodzącej z Egiptu///Exceeding the MRLs of the pesticides dodine and bifenazate in frozen strawberries from Egypt
2026.5907,2026-07-03,Egypt,Poland,Truskawka mrożona//frozen strawberry,fruits and vegetables,bifenazate  - {pesticide residues} *** dodine   - {pesticide residues},dodine,False,border rejection notification,border control - consignment detained,potential risk,product not (yet) placed on the market,Przekroczenie NDP pestycydów dodyny i bifenazatu w mrożonej truskawce pochodzącej z Egiptu///Exceeding the MRLs of the pesticides dodine and bifenazate in frozen strawberries from Egypt
2026.5876,2026-07-02,Egypt,Slovenia,White oranges,fruits and vegetables,chlorpyrifos  unauthorised substance - {pesticide residues},chlorpyrifos,True,border rejection notification,border control - consignment detained,potential risk,product not (yet) placed on the market,Chlorpyrifos - ethyl in orange from Egypt
2026.5702,2026-06-26,Egypt,Netherlands,oranges,fruits and vegetables,chlorpropham   - {pesticide residues},chlorpropham,False,border rejection notification,border control - consignment detained,not serious,product not (yet) placed on the market,chlorpropham in oranges from Egypt
2026.5661,2026-06-26,Kenya,Italy,chili green birdseye,fruits and vegetables,clothianidin   - {pesticide residues} *** lambda-cyhalothrin   - {pesticide residues} *** thiamethoxam   - {pesticide residues},clothianidin,False,border rejection notification,border control - consignment detained,serious,product not (yet) placed on the market,Clothianidin - Thiamethoxam and Lambda-Cyhalothrin above legal limits in fresh peppers (capsicum spp.)from Kenya
2026.5661,2026-06-26,Kenya,Italy,chili green birdseye,fruits and vegetables,clothianidin   - {pesticide residues} *** lambda-cyhalothrin   - {pesticide residues} *** thiamethoxam   - {pesticide residues},lambda-cyhalothrin,False,border rejection notification,border control - consignment detained,serious,product not (yet) placed on the market,Clothianidin - Thiamethoxam and Lambda-Cyhalothrin above legal limits in fresh peppers (capsicum spp.)from Kenya
2026.5661,2026-06-26,Kenya,Italy,chili green birdseye,fruits and vegetables,clothianidin   - {pesticide residues} *** lambda-cyhalothrin   - {pesticide residues} *** thiamethoxam   - {pesticide residues},thiamethoxam,False,border rejection notification,border control - consignment detained,serious,product not (yet) placed on the market,Clothianidin - Thiamethoxam and Lambda-Cyhalothrin above legal limits in fresh peppers (capsicum spp.)from Kenya
2026.5613,2026-06-25,Egypt,Poland,Mrożona truskawka // Frozen strawberries,fruits and vegetables,oxamyl  unauthorised substance - {pesticide residues},oxamyl,True,border rejection notification,border control - consignment detained,no risk,product not (yet) placed on the market,przekroczenie  NDP pozostałości pestycydu Oksamylu w truskawce mrożonej z Egiptu // Exceeding the MRL for the pesticide oxamyl in frozen strawberries from Egypt
2026.5567,2026-06-24,Türkiye,Bulgaria,Peppers (other than sweet) (Capsicum spp.),fruits and vegetables,pyridaben   - {pesticide residues},pyridaben,False,border rejection notification,border control - consignment detained,serious,product not (yet) placed on the market,Pyridaben in hot fresh peppers from Türkiye
2026.5565,2026-06-24,Türkiye,Bulgaria,Sweet peppers,fruits and vegetables,pyridaben   - {pesticide residues},pyridaben,False,border rejection notification,border control - consignment detained,serious,product not (yet) placed on the market,Pyridaben in fresh peppers from Türkiye
2026.5545,2026-06-23,Türkiye,Bulgaria,Sweet peppers,fruits and vegetables,acetamiprid   - {pesticide residues},acetamiprid,False,border rejection notification,border control - consignment detained,serious,product not (yet) placed on the market, Acetamiprid in fresh peppers from Türkiye
2026.5531,2026-06-23,Türkiye,Bulgaria,Peppers (other than sweet) (Capsicum spp.)/ chilli peppers ,fruits and vegetables,formetanate   - {pesticide residues},formetanate,False,border rejection notification,border control - consignment detained,serious,product not (yet) placed on the market, Formetanate in fresh peppers from Türkiye
2026.5532,2026-06-23,Türkiye,Bulgaria,Sweet peppers,fruits and vegetables,tebufenpyrad   - {pesticide residues},tebufenpyrad,False,border rejection notification,border control - consignment detained,serious,product not (yet) placed on the market,Tebufenpyrad in fresh peppers from Türkiye
2026.5488,2026-06-22,Egypt,Italy,dried tomatoes,fruits and vegetables,chlorfenapyr   - {pesticide residues} *** chlorpyrifos  unauthorised substance - {pesticide residues},chlorfenapyr,False,information notification for attention,border control - consignment released,potentially serious,product not (yet) placed on the market,Chlorpyrifos and Chlorfenapyr above legal limits in dried tomatoes from Egypt
2026.5488,2026-06-22,Egypt,Italy,dried tomatoes,fruits and vegetables,chlorfenapyr   - {pesticide residues} *** chlorpyrifos  unauthorised substance - {pesticide residues},chlorpyrifos,True,information notification for attention,border control - consignment released,potentially serious,product not (yet) placed on the market,Chlorpyrifos and Chlorfenapyr above legal limits in dried tomatoes from Egypt
2026.5476,2026-06-22,Türkiye,Bulgaria,Peppers (other than sweet) (Capsicum spp.),fruits and vegetables,acetamiprid   - {pesticide residues} *** bifenazate  - {pesticide residues} *** formetanate   - {pesticide residues} *** malathion   - {pesticide residues},acetamiprid,False,border rejection notification,border control - consignment detained,serious,product not (yet) placed on the market,"Acetamiprid, Formetanate, Bifenazate and Malathion in hot fresh peppers from Türkiye"
2026.5476,2026-06-22,Türkiye,Bulgaria,Peppers (other than sweet) (Capsicum spp.),fruits and vegetables,acetamiprid   - {pesticide residues} *** bifenazate  - {pesticide residues} *** formetanate   - {pesticide residues} *** malathion   - {pesticide residues},bifenazate,False,border rejection notification,border control - consignment detained,serious,product not (yet) placed on the market,"Acetamiprid, Formetanate, Bifenazate and Malathion in hot fresh peppers from Türkiye"
2026.5476,2026-06-22,Türkiye,Bulgaria,Peppers (other than sweet) (Capsicum spp.),fruits and vegetables,acetamiprid   - {pesticide residues} *** bifenazate  - {pesticide residues} *** formetanate   - {pesticide residues} *** malathion   - {pesticide residues},formetanate,False,border rejection notification,border control - consignment detained,serious,product not (yet) placed on the market,"Acetamiprid, Formetanate, Bifenazate and Malathion in hot fresh peppers from Türkiye"
2026.5476,2026-06-22,Türkiye,Bulgaria,Peppers (other than sweet) (Capsicum spp.),fruits and vegetables,acetamiprid   - {pesticide residues} *** bifenazate  - {pesticide residues} *** formetanate   - {pesticide residues} *** malathion   - {pesticide residues},malathion,False,border rejection notification,border control - consignment detained,serious,product not (yet) placed on the market,"Acetamiprid, Formetanate, Bifenazate and Malathion in hot fresh peppers from Türkiye"
2026.5480,2026-06-22,Türkiye,Bulgaria,Peppers (other than sweet) (Capsicum spp.),fruits and vegetables,acetamiprid   - {pesticide residues} *** pymetrozine   - {pesticide residues} *** thiacloprid   - {pesticide residues},acetamiprid,False,border rejection notification,border control - consignment detained,serious,product not (yet) placed on the market,"Acetamiprid,  Pymetrozine and Thiacloprid in fresh peppers from Türkiye"
2026.5480,2026-06-22,Türkiye,Bulgaria,Peppers (other than sweet) (Capsicum spp.),fruits and vegetables,acetamiprid   - {pesticide residues} *** pymetrozine   - {pesticide residues} *** thiacloprid   - {pesticide residues},pymetrozine,False,border rejection notification,border control - consignment detained,serious,product not (yet) placed on the market,"Acetamiprid,  Pymetrozine and Thiacloprid in fresh peppers from Türkiye"
2026.5480,2026-06-22,Türkiye,Bulgaria,Peppers (other than sweet) (Capsicum spp.),fruits and vegetables,acetamiprid   - {pesticide residues} *** pymetrozine   - {pesticide residues} *** thiacloprid   - {pesticide residues},thiacloprid,False,border rejection notification,border control - consignment detained,serious,product not (yet) placed on the market,"Acetamiprid,  Pymetrozine and Thiacloprid in fresh peppers from Türkiye"
2026.5491,2026-06-22,Türkiye,Bulgaria,Sweet peppers,fruits and vegetables,chlorpyrifos-methyl  unauthorised substance - {pesticide residues},chlorpyrifos-methyl,True,border rejection notification,border control - consignment detained,potential risk,product not (yet) placed on the market,Chlorpyrifos-methyl in fresh peppers from Türkiye
2026.5418,2026-06-19,Türkiye,Bulgaria,Sweet peppers,fruits and vegetables,fenbutatin oxide  unauthorised substance - {pesticide residues} *** fosthiazate   - {pesticide residues},fenbutatin oxide,True,border rejection notification,border control - consignment detained,serious,product not (yet) placed on the market,Fenbutatin oxide and Fosthiazate in fresh peppers from Türkiye
2026.5418,2026-06-19,Türkiye,Bulgaria,Sweet peppers,fruits and vegetables,fenbutatin oxide  unauthorised substance - {pesticide residues} *** fosthiazate   - {pesticide residues},fosthiazate,False,border rejection notification,border control - consignment detained,serious,product not (yet) placed on the market,Fenbutatin oxide and Fosthiazate in fresh peppers from Türkiye
2026.5405,2026-06-18,Egypt,Poland,Truskawka mrożona/ frozen strawberry,fruits and vegetables,oxamyl  unauthorised substance - {pesticide residues},oxamyl,True,border rejection notification,border control - consignment detained,potential risk,product not (yet) placed on the market,Przekroczenie NDP pestycydu oksamylu w mrożonej truskawce pochodzącej z Egiptu/// Exceeding the MRL for the pesticide oxamyl in frozen strawberries from Egypt
2026.5307,2026-06-16,Egypt,Italy,Sun Dried Tomato,fruits and vegetables,chlorfenapyr  unauthorised substance - {pesticide residues} *** chlorpyrifos  unauthorised substance - {pesticide residues},chlorfenapyr,True,information notification for attention,border control - consignment released,serious,information on distribution not (yet) available,Chlorpyrifos ethyl and Chlorfenapyr in dried tomatoes
2026.5307,2026-06-16,Egypt,Italy,Sun Dried Tomato,fruits and vegetables,chlorfenapyr  unauthorised substance - {pesticide residues} *** chlorpyrifos  unauthorised substance - {pesticide residues},chlorpyrifos,True,information notification for attention,border control - consignment released,serious,information on distribution not (yet) available,Chlorpyrifos ethyl and Chlorfenapyr in dried tomatoes
2026.5309,2026-06-16,Kenya,France,Green beans,fruits and vegetables,profenofos  unauthorised substance - {pesticide residues},profenofos,True,border rejection notification,border control - consignment detained,no risk,product not (yet) placed on the market,Profenofos in green beans from Kenya
2026.5251,2026-06-15,Türkiye,Bulgaria,Sweet peppers,fruits and vegetables,acetamiprid   - {pesticide residues} *** cyflumetofen   - {pesticide residues},acetamiprid,False,border rejection notification,border control - consignment detained,serious,product not (yet) placed on the market,Acetamiprid and cyflumetofen in fresh peppers fromTürkiye
2026.5251,2026-06-15,Türkiye,Bulgaria,Sweet peppers,fruits and vegetables,acetamiprid   - {pesticide residues} *** cyflumetofen   - {pesticide residues},cyflumetofen,False,border rejection notification,border control - consignment detained,serious,product not (yet) placed on the market,Acetamiprid and cyflumetofen in fresh peppers fromTürkiye
2026.5282,2026-06-15,Türkiye,Bulgaria,Tomatoes,fruits and vegetables,indoxacarb   - {pesticide residues},indoxacarb,False,border rejection notification,border control - consignment detained,serious,product not (yet) placed on the market,Indoxacarb in fresh tomatoes from Türkiye
2026.5202,2026-06-12,Türkiye,Bulgaria,Sweet peppers,fruits and vegetables,formetanate   - {pesticide residues},formetanate,False,border rejection notification,border control - consignment detained,serious,product not (yet) placed on the market,Formetanate in fresh peppers from Türkiye
2026.5161,2026-06-11,Türkiye,Bulgaria,Sweet peppers,fruits and vegetables,cyflumetofen   - {pesticide residues} *** flonicamid   - {pesticide residues} *** pirimiphos-methyl   - {pesticide residues},cyflumetofen,False,border rejection notification,border control - consignment detained,serious,product not (yet) placed on the market,"Cyflumetofen, flonicamid and pirimiphos-methyl in fresh peppers from Türkiye"
2026.5161,2026-06-11,Türkiye,Bulgaria,Sweet peppers,fruits and vegetables,cyflumetofen   - {pesticide residues} *** flonicamid   - {pesticide residues} *** pirimiphos-methyl   - {pesticide residues},flonicamid,False,border rejection notification,border control - consignment detained,serious,product not (yet) placed on the market,"Cyflumetofen, flonicamid and pirimiphos-methyl in fresh peppers from Türkiye"
2026.5161,2026-06-11,Türkiye,Bulgaria,Sweet peppers,fruits and vegetables,cyflumetofen   - {pesticide residues} *** flonicamid   - {pesticide residues} *** pirimiphos-methyl   - {pesticide residues},pirimiphos-methyl,False,border rejection notification,border control - consignment detained,serious,product not (yet) placed on the market,"Cyflumetofen, flonicamid and pirimiphos-methyl in fresh peppers from Türkiye"
2026.5065,2026-06-09,Egypt,Malta,Fresh Oranges,fruits and vegetables,chlorpropham   - {pesticide residues},chlorpropham,False,border rejection notification,border control - consignment detained,potentially serious,product not (yet) placed on the market,Exceeded permitted level of pesticide Chloropham in oranges from Egypt
2026.5026,2026-06-08,India,Poland,Winogrono białe // White grape,fruits and vegetables,chlorpyrifos  unauthorised substance - {pesticide residues},chlorpyrifos,True,information notification for attention,surveillance programme / monitoring sample,potentially serious,product (presumably) no longer on the market,Przekroczenie NDP pestycydu chloropiryfosu w winogronach białych // Exceedance of the MRL for the pesticide chlorpyrifos in white grapes from India
2026.4968,2026-06-05,Egypt,Germany,frozen strawberries,fruits and vegetables,oxamyl  unauthorised substance - {pesticide residues},oxamyl,True,information notification for attention,company's own check,serious,product not (yet) placed on the market,Unauthorized substance oxamyl in frozen strawberries from Egypt
2026.4890,2026-06-03,Egypt,Cyprus,FRESH LEMONS,fruits and vegetables,lufenuron   - {pesticide residues} *** propiconazole   - {pesticide residues},lufenuron,False,border rejection notification,border control - consignment detained,not serious,product not (yet) placed on the market,Residues of unauthorised pesticides (Lufenuron and Propiconazole) in Fresh Lemons from Egypt
2026.4890,2026-06-03,Egypt,Cyprus,FRESH LEMONS,fruits and vegetables,lufenuron   - {pesticide residues} *** propiconazole   - {pesticide residues},propiconazole,False,border rejection notification,border control - consignment detained,not serious,product not (yet) placed on the market,Residues of unauthorised pesticides (Lufenuron and Propiconazole) in Fresh Lemons from Egypt
2026.4810,2026-06-01,Egypt,Netherlands,strawberry,fruits and vegetables,propargite   - {pesticide residues},propargite,False,border rejection notification,border control - consignment detained,not serious,product not (yet) placed on the market,propargite in strawberry diced frozen from Egypt
2026.4749,2026-05-29,Egypt,Slovenia,carrots,fruits and vegetables,cadusafos  unauthorised substance - {pesticide residues},cadusafos,True,alert notification,border control - consignment released,serious,distribution to other member countries,cadusafos in carrots from Egypt
2026.4717,2026-05-28,Egypt,Italy,PEACHES,fruits and vegetables,chlorpyrifos  unauthorised substance - {pesticide residues} *** clothianidin   - {pesticide residues} *** dimethoate   - {pesticide residues} *** imidacloprid   - {pesticide residues},chlorpyrifos,True,information notification for attention,border control - consignment released,potentially serious,product (presumably) no longer on the market,"chlorpyrifos, clothianidin , imidacloprid , dimethoate in fresh peaches from Egypt"
2026.4717,2026-05-28,Egypt,Italy,PEACHES,fruits and vegetables,chlorpyrifos  unauthorised substance - {pesticide residues} *** clothianidin   - {pesticide residues} *** dimethoate   - {pesticide residues} *** imidacloprid   - {pesticide residues},clothianidin,False,information notification for attention,border control - consignment released,potentially serious,product (presumably) no longer on the market,"chlorpyrifos, clothianidin , imidacloprid , dimethoate in fresh peaches from Egypt"
2026.4717,2026-05-28,Egypt,Italy,PEACHES,fruits and vegetables,chlorpyrifos  unauthorised substance - {pesticide residues} *** clothianidin   - {pesticide residues} *** dimethoate   - {pesticide residues} *** imidacloprid   - {pesticide residues},dimethoate,False,information notification for attention,border control - consignment released,potentially serious,product (presumably) no longer on the market,"chlorpyrifos, clothianidin , imidacloprid , dimethoate in fresh peaches from Egypt"
2026.4717,2026-05-28,Egypt,Italy,PEACHES,fruits and vegetables,chlorpyrifos  unauthorised substance - {pesticide residues} *** clothianidin   - {pesticide residues} *** dimethoate   - {pesticide residues} *** imidacloprid   - {pesticide residues},imidacloprid,False,information notification for attention,border control - consignment released,potentially serious,product (presumably) no longer on the market,"chlorpyrifos, clothianidin , imidacloprid , dimethoate in fresh peaches from Egypt"
2026.4585,2026-05-26,Kenya,France,Green beans,fruits and vegetables,penconazole   - {pesticide residues},penconazole,False,border rejection notification,border control - consignment detained,potentially serious,product not (yet) placed on the market,Penconazole in green beans from Kenya
2026.4588,2026-05-26,India,France,Dry red chilli,fruits and vegetables,buprofezin   - {pesticide residues} *** dinotefuran  unauthorised substance - {pesticide residues} *** ethion   - {pesticide residues} *** fipronil  unauthorised substance - {pesticide residues} *** flusilazole   - {pesticide residues} *** propargite   - {pesticide residues} *** tolfenpyrad   - {pesticide residues},buprofezin,False,border rejection notification,border control - consignment detained,potentially serious,product not (yet) placed on the market,Multiple pesticide residues in dry red chilli from India
2026.4588,2026-05-26,India,France,Dry red chilli,fruits and vegetables,buprofezin   - {pesticide residues} *** dinotefuran  unauthorised substance - {pesticide residues} *** ethion   - {pesticide residues} *** fipronil  unauthorised substance - {pesticide residues} *** flusilazole   - {pesticide residues} *** propargite   - {pesticide residues} *** tolfenpyrad   - {pesticide residues},dinotefuran,True,border rejection notification,border control - consignment detained,potentially serious,product not (yet) placed on the market,Multiple pesticide residues in dry red chilli from India
2026.4588,2026-05-26,India,France,Dry red chilli,fruits and vegetables,buprofezin   - {pesticide residues} *** dinotefuran  unauthorised substance - {pesticide residues} *** ethion   - {pesticide residues} *** fipronil  unauthorised substance - {pesticide residues} *** flusilazole   - {pesticide residues} *** propargite   - {pesticide residues} *** tolfenpyrad   - {pesticide residues},ethion,False,border rejection notification,border control - consignment detained,potentially serious,product not (yet) placed on the market,Multiple pesticide residues in dry red chilli from India
2026.4588,2026-05-26,India,France,Dry red chilli,fruits and vegetables,buprofezin   - {pesticide residues} *** dinotefuran  unauthorised substance - {pesticide residues} *** ethion   - {pesticide residues} *** fipronil  unauthorised substance - {pesticide residues} *** flusilazole   - {pesticide residues} *** propargite   - {pesticide residues} *** tolfenpyrad   - {pesticide residues},fipronil,True,border rejection notification,border control - consignment detained,potentially serious,product not (yet) placed on the market,Multiple pesticide residues in dry red chilli from India
2026.4588,2026-05-26,India,France,Dry red chilli,fruits and vegetables,buprofezin   - {pesticide residues} *** dinotefuran  unauthorised substance - {pesticide residues} *** ethion   - {pesticide residues} *** fipronil  unauthorised substance - {pesticide residues} *** flusilazole   - {pesticide residues} *** propargite   - {pesticide residues} *** tolfenpyrad   - {pesticide residues},flusilazole,False,border rejection notification,border control - consignment detained,potentially serious,product not (yet) placed on the market,Multiple pesticide residues in dry red chilli from India
2026.4588,2026-05-26,India,France,Dry red chilli,fruits and vegetables,buprofezin   - {pesticide residues} *** dinotefuran  unauthorised substance - {pesticide residues} *** ethion   - {pesticide residues} *** fipronil  unauthorised substance - {pesticide residues} *** flusilazole   - {pesticide residues} *** propargite   - {pesticide residues} *** tolfenpyrad   - {pesticide residues},propargite,False,border rejection notification,border control - consignment detained,potentially serious,product not (yet) placed on the market,Multiple pesticide residues in dry red chilli from India
2026.4588,2026-05-26,India,France,Dry red chilli,fruits and vegetables,buprofezin   - {pesticide residues} *** dinotefuran  unauthorised substance - {pesticide residues} *** ethion   - {pesticide residues} *** fipronil  unauthorised substance - {pesticide residues} *** flusilazole   - {pesticide residues} *** propargite   - {pesticide residues} *** tolfenpyrad   - {pesticide residues},tolfenpyrad,False,border rejection notification,border control - consignment detained,potentially serious,product not (yet) placed on the market,Multiple pesticide residues in dry red chilli from India
2026.4572,2026-05-25,Egypt,Cyprus,FRESH LEMONS,fruits and vegetables,clothianidin   - {pesticide residues},clothianidin,False,border rejection notification,border control - consignment detained,not serious,product not (yet) placed on the market,RESIDUES OF UNAUTHORISED  PESTICIDE - CLOTHIANIDIN - IN FRESH LEMONS FROM EGYPT
2026.4528,2026-05-22,India,Italy,sesame seeds ,fruits and vegetables,tolfenpyrad   - {pesticide residues},tolfenpyrad,False,border rejection notification,border control - consignment detained,potentially serious,product not (yet) placed on the market,Tolfenpyrad in Sesame Seeds from India
2026.4492,2026-05-21,Egypt,Netherlands,oranges,fruits and vegetables,oxamyl  unauthorised substance - {pesticide residues},oxamyl,True,border rejection notification,border control - consignment detained,serious,product not (yet) placed on the market,oxamyl in Egyptian oranges
2026.4493,2026-05-21,Egypt,Netherlands,oranges,fruits and vegetables,dimethoate   - {pesticide residues},dimethoate,False,border rejection notification,border control - consignment detained,serious,product not (yet) placed on the market,dimethoate in Egyptian oranges
2026.4083,2026-05-21,Türkiye,Bulgaria,Sweet peppers,fruits and vegetables,cyflumetofen   - {pesticide residues},cyflumetofen,False,border rejection notification,border control - consignment detained,not serious,product not (yet) placed on the market, cyflumetofen in fresh peppers from Türkiye
2026.4490,2026-05-21,Türkiye,Bulgaria,Sweet peppers,fruits and vegetables,fosthiazate   - {pesticide residues},fosthiazate,False,border rejection notification,border control - consignment detained,serious,product not (yet) placed on the market,Fosthiazate in fresh peppers from Türkiye
2026.4313,2026-05-18,Türkiye,Bulgaria,Sweet peppers,fruits and vegetables,formetanate   - {pesticide residues},formetanate,False,border rejection notification,border control - consignment detained,serious,product not (yet) placed on the market,Formetanate in fresh peppers from Türkiye
2026.4312,2026-05-18,Türkiye,Bulgaria,Sweet peppers,fruits and vegetables,formetanate   - {pesticide residues},formetanate,False,border rejection notification,border control - consignment detained,serious,product not (yet) placed on the market,Formetanate in fresh peppers from Türkiye
2026.4137,2026-05-12,Kenya,Netherlands,"green beans, wax beans and string beans",fruits and vegetables,flutriafol   - {pesticide residues},flutriafol,False,border rejection notification,border control - consignment detained,not serious,product not (yet) placed on the market,Beans Kenya Pesticide Residue
2026.4133,2026-05-11,India,France,Bottle Gourd,fruits and vegetables,monocrotophos  unauthorised substance - {pesticide residues},monocrotophos,True,border rejection notification,border control - consignment detained,serious,product not (yet) placed on the market,Monocrotophos in bottle gourds from India
2026.4048,2026-05-08,Egypt,Netherlands,Peppers (other than sweet) (Capsicum spp.),fruits and vegetables,chlorfenapyr  unauthorised substance - {pesticide residues} *** clothianidin   - {pesticide residues} *** imidacloprid   - {pesticide residues},chlorfenapyr,True,border rejection notification,border control - consignment detained,serious,product not (yet) placed on the market,Peppers Egypt Pesticide Residue 
2026.4048,2026-05-08,Egypt,Netherlands,Peppers (other than sweet) (Capsicum spp.),fruits and vegetables,chlorfenapyr  unauthorised substance - {pesticide residues} *** clothianidin   - {pesticide residues} *** imidacloprid   - {pesticide residues},clothianidin,False,border rejection notification,border control - consignment detained,serious,product not (yet) placed on the market,Peppers Egypt Pesticide Residue 
2026.4048,2026-05-08,Egypt,Netherlands,Peppers (other than sweet) (Capsicum spp.),fruits and vegetables,chlorfenapyr  unauthorised substance - {pesticide residues} *** clothianidin   - {pesticide residues} *** imidacloprid   - {pesticide residues},imidacloprid,False,border rejection notification,border control - consignment detained,serious,product not (yet) placed on the market,Peppers Egypt Pesticide Residue 
2026.4045,2026-05-08,Kenya,Netherlands,"green beans, wax beans and string beans",fruits and vegetables,flutriafol   - {pesticide residues},flutriafol,False,border rejection notification,border control - consignment detained,not serious,product not (yet) placed on the market,Beans Kenya Pesticide Residue
2026.4075,2026-05-08,Kenya,Netherlands,Green Beans,fruits and vegetables,bifenthrin   - {pesticide residues},bifenthrin,False,border rejection notification,border control - consignment detained,not serious,product not (yet) placed on the market,Beans Kenya Pesticide Residue
2026.3930,2026-05-05,Egypt,Greece,Tomatoes,fruits and vegetables,chlorpyrifos  unauthorised substance - {pesticide residues},chlorpyrifos,True,border rejection notification,border control - consignment detained,potentially serious,product not (yet) placed on the market,Chlorpyrifos in tomatoes from Egypt
2026.3867,2026-05-04,Türkiye,Bulgaria,Sweet peppers,fruits and vegetables,fosthiazate   - {pesticide residues},fosthiazate,False,border rejection notification,border control - consignment detained,serious,product not (yet) placed on the market,Fosthiazate in fresh peppers from Türkiye
2026.3878,2026-05-04,Türkiye,Bulgaria,"Whole tomatoes, with greatest diameter of less than 47 mm",fruits and vegetables,indoxacarb   - {pesticide residues},indoxacarb,False,border rejection notification,border control - consignment detained,serious,product not (yet) placed on the market,Indoxacarb in fresh tomatoes from Türkiye
2026.3880,2026-05-04,Türkiye,Bulgaria,"Lemons (Citrus limon, Citrus limonum)",fruits and vegetables,prochloraz   - {pesticide residues},prochloraz,False,border rejection notification,border control - consignment detained,serious,product not (yet) placed on the market,Prochloraz in fresh lemon-lamas from Türkiye
2026.3797,2026-04-30,Egypt,Germany,frozen strawberries ,fruits and vegetables,pesticide residues   - {pesticide residues},pesticide residues,False,information notification for attention,company's own check,serious,product not (yet) placed on the market,Oxamyl in frozen strawberries from Egypt
2026.3801,2026-04-30,Egypt,Romania,FRESH EGYPTIAN ORANGE / PORTOCALE PROASPETE ORIGINE EGIPT,fruits and vegetables,chlorpropham   - {pesticide residues},chlorpropham,False,border rejection notification,border control - consignment detained,potentially serious,product not (yet) placed on the market,Exceeded MRL pesticide CHLORPROPHAM in oranges from Egypt / Depasire limita la pesticidul CHLORPROPHAM in portocalele din Egipt.
2026.3802,2026-04-30,Egypt,Romania,FRESH EGYPTIAN ORANGES / PORTOCALE PROASPETE ORIGINE EGIPT,fruits and vegetables,chlorpropham   - {pesticide residues},chlorpropham,False,border rejection notification,border control - consignment detained,potentially serious,product not (yet) placed on the market,Exceeded MRL pesticide CHLORPROPHAM in oranges from Egypt / Depasire limita la pesticidul CHLORPROPHAM in portocalele din Egipt. 
2026.3824,2026-04-30,Türkiye,Poland,Pomagranate,fruits and vegetables,Azoxystrobin   - {pesticide residues} *** prochloraz   - {pesticide residues},Azoxystrobin,False,information notification for attention,official control on the market,serious,product (presumably) no longer on the market,azoxystrobin and prochloraz in pomegranate from Turkey
2026.3824,2026-04-30,Türkiye,Poland,Pomagranate,fruits and vegetables,Azoxystrobin   - {pesticide residues} *** prochloraz   - {pesticide residues},prochloraz,False,information notification for attention,official control on the market,serious,product (presumably) no longer on the market,azoxystrobin and prochloraz in pomegranate from Turkey
2026.3724,2026-04-29,Egypt,Romania,FRESH EGYPTIAN VALENCIA ORANGES,fruits and vegetables,chlorpropham   - {pesticide residues},chlorpropham,False,border rejection notification,border control - consignment detained,potentially serious,product not (yet) placed on the market,Exceeded of MRL of pesticide CHLORPROPHAM in oranges from Egypt
2026.3729,2026-04-29,Türkiye,Switzerland,Cucumber,fruits and vegetables,etoxazole   - {pesticide residues} *** formetanate   - {pesticide residues},etoxazole,False,information notification for attention,official control on the market,serious,distribution restricted to notifying country,Pesticide residues in cucumber
2026.3729,2026-04-29,Türkiye,Switzerland,Cucumber,fruits and vegetables,etoxazole   - {pesticide residues} *** formetanate   - {pesticide residues},formetanate,False,information notification for attention,official control on the market,serious,distribution restricted to notifying country,Pesticide residues in cucumber
2026.3677,2026-04-28,Türkiye,Bulgaria,Sweet peppers,fruits and vegetables,abamectin   - {pesticide residues},abamectin,False,border rejection notification,border control - consignment detained,serious,product not (yet) placed on the market, Abamectin in fresh peppers from Türkiye
2026.3711,2026-04-28,Türkiye,Bulgaria,"Whole tomatoes, with greatest diameter of less than 47 mm",fruits and vegetables,acetamiprid   - {pesticide residues} *** indoxacarb   - {pesticide residues},acetamiprid,False,border rejection notification,border control - consignment detained,serious,product not (yet) placed on the market,acetamiprid and Indoxacarb in fresh tomatoes from Türkiye
2026.3711,2026-04-28,Türkiye,Bulgaria,"Whole tomatoes, with greatest diameter of less than 47 mm",fruits and vegetables,acetamiprid   - {pesticide residues} *** indoxacarb   - {pesticide residues},indoxacarb,False,border rejection notification,border control - consignment detained,serious,product not (yet) placed on the market,acetamiprid and Indoxacarb in fresh tomatoes from Türkiye
2026.3602,2026-04-24,Türkiye,Bulgaria,Sweet peppers,fruits and vegetables,abamectin   - {pesticide residues} *** pirimiphos-methyl   - {pesticide residues},abamectin,False,border rejection notification,border control - consignment detained,serious,product not (yet) placed on the market, Abamectin and  Pirimiphos-methyl in fresh peppers from Türkiye
2026.3602,2026-04-24,Türkiye,Bulgaria,Sweet peppers,fruits and vegetables,abamectin   - {pesticide residues} *** pirimiphos-methyl   - {pesticide residues},pirimiphos-methyl,False,border rejection notification,border control - consignment detained,serious,product not (yet) placed on the market, Abamectin and  Pirimiphos-methyl in fresh peppers from Türkiye
2026.3552,2026-04-24,Türkiye,Luxembourg,Raisins secs (dried grapes),fruits and vegetables,acetamiprid   - {pesticide residues},acetamiprid,False,alert notification,official control on the market,serious,no distribution from notifying country,Acetamiprid in raisins (dried grapes)
2026.3384,2026-04-21,Egypt,Romania,FRESH EGYPTIAN ORANGES,fruits and vegetables,chlorpropham   - {pesticide residues},chlorpropham,False,border rejection notification,border control - consignment detained,potentially serious,product not (yet) placed on the market,Exceeded PESTICIDES CHLORPROPHAM in oranges from Egipt
2026.3387,2026-04-21,Türkiye,Bulgaria,Pomegranates,fruits and vegetables,imazalil   - {pesticide residues} *** prochloraz   - {pesticide residues},imazalil,False,border rejection notification,border control - consignment detained,serious,product not (yet) placed on the market,Imazalil and Prochloraz in fresh pomegranate from Türkiye
2026.3387,2026-04-21,Türkiye,Bulgaria,Pomegranates,fruits and vegetables,imazalil   - {pesticide residues} *** prochloraz   - {pesticide residues},prochloraz,False,border rejection notification,border control - consignment detained,serious,product not (yet) placed on the market,Imazalil and Prochloraz in fresh pomegranate from Türkiye
2026.3357,2026-04-20,Türkiye,Bulgaria,"Whole tomatoes, with greatest diameter of less than 47 mm",fruits and vegetables,indoxacarb   - {pesticide residues},indoxacarb,False,border rejection notification,border control - consignment detained,serious,product not (yet) placed on the market,Indoxacarb in fresh tomatoes from Türkiye
2026.3294,2026-04-17,Egypt,Latvia,oranges,fruits and vegetables,lambda-cyhalothrin   - {pesticide residues},lambda-cyhalothrin,False,information notification for attention,official control on the market,potentially serious,product (presumably) no longer on the market,Exceedance of the pesticide lambda-cyhalothrin (0.74 ± 0.37 mg/kg) in Navel oranges from Egypt.
2026.3284,2026-04-17,Türkiye,Germany,grape leaves ,fruits and vegetables,Azoxystrobin   - {pesticide residues} *** fluopyram   - {pesticide residues} *** indoxacarb   - {pesticide residues} *** lambda-cyhalothrin   - {pesticide residues} *** metalaxyl   - {pesticide residues} *** pyraclostrobin   - {pesticide residues} *** tebuconazole   - {pesticide residues} *** trifloxystrobin   - {pesticide residues},Azoxystrobin,False,information notification for follow-up,official control on the market,potential risk,no distribution from notifying country,"Pesticide residues in grape leaves from Turkiye, via the Netherlands"
2026.3284,2026-04-17,Türkiye,Germany,grape leaves ,fruits and vegetables,Azoxystrobin   - {pesticide residues} *** fluopyram   - {pesticide residues} *** indoxacarb   - {pesticide residues} *** lambda-cyhalothrin   - {pesticide residues} *** metalaxyl   - {pesticide residues} *** pyraclostrobin   - {pesticide residues} *** tebuconazole   - {pesticide residues} *** trifloxystrobin   - {pesticide residues},fluopyram,False,information notification for follow-up,official control on the market,potential risk,no distribution from notifying country,"Pesticide residues in grape leaves from Turkiye, via the Netherlands"
2026.3284,2026-04-17,Türkiye,Germany,grape leaves ,fruits and vegetables,Azoxystrobin   - {pesticide residues} *** fluopyram   - {pesticide residues} *** indoxacarb   - {pesticide residues} *** lambda-cyhalothrin   - {pesticide residues} *** metalaxyl   - {pesticide residues} *** pyraclostrobin   - {pesticide residues} *** tebuconazole   - {pesticide residues} *** trifloxystrobin   - {pesticide residues},indoxacarb,False,information notification for follow-up,official control on the market,potential risk,no distribution from notifying country,"Pesticide residues in grape leaves from Turkiye, via the Netherlands"
2026.3284,2026-04-17,Türkiye,Germany,grape leaves ,fruits and vegetables,Azoxystrobin   - {pesticide residues} *** fluopyram   - {pesticide residues} *** indoxacarb   - {pesticide residues} *** lambda-cyhalothrin   - {pesticide residues} *** metalaxyl   - {pesticide residues} *** pyraclostrobin   - {pesticide residues} *** tebuconazole   - {pesticide residues} *** trifloxystrobin   - {pesticide residues},lambda-cyhalothrin,False,information notification for follow-up,official control on the market,potential risk,no distribution from notifying country,"Pesticide residues in grape leaves from Turkiye, via the Netherlands"
2026.3284,2026-04-17,Türkiye,Germany,grape leaves ,fruits and vegetables,Azoxystrobin   - {pesticide residues} *** fluopyram   - {pesticide residues} *** indoxacarb   - {pesticide residues} *** lambda-cyhalothrin   - {pesticide residues} *** metalaxyl   - {pesticide residues} *** pyraclostrobin   - {pesticide residues} *** tebuconazole   - {pesticide residues} *** trifloxystrobin   - {pesticide residues},metalaxyl,False,information notification for follow-up,official control on the market,potential risk,no distribution from notifying country,"Pesticide residues in grape leaves from Turkiye, via the Netherlands"
2026.3284,2026-04-17,Türkiye,Germany,grape leaves ,fruits and vegetables,Azoxystrobin   - {pesticide residues} *** fluopyram   - {pesticide residues} *** indoxacarb   - {pesticide residues} *** lambda-cyhalothrin   - {pesticide residues} *** metalaxyl   - {pesticide residues} *** pyraclostrobin   - {pesticide residues} *** tebuconazole   - {pesticide residues} *** trifloxystrobin   - {pesticide residues},pyraclostrobin,False,information notification for follow-up,official control on the market,potential risk,no distribution from notifying country,"Pesticide residues in grape leaves from Turkiye, via the Netherlands"
2026.3284,2026-04-17,Türkiye,Germany,grape leaves ,fruits and vegetables,Azoxystrobin   - {pesticide residues} *** fluopyram   - {pesticide residues} *** indoxacarb   - {pesticide residues} *** lambda-cyhalothrin   - {pesticide residues} *** metalaxyl   - {pesticide residues} *** pyraclostrobin   - {pesticide residues} *** tebuconazole   - {pesticide residues} *** trifloxystrobin   - {pesticide residues},tebuconazole,False,information notification for follow-up,official control on the market,potential risk,no distribution from notifying country,"Pesticide residues in grape leaves from Turkiye, via the Netherlands"
2026.3284,2026-04-17,Türkiye,Germany,grape leaves ,fruits and vegetables,Azoxystrobin   - {pesticide residues} *** fluopyram   - {pesticide residues} *** indoxacarb   - {pesticide residues} *** lambda-cyhalothrin   - {pesticide residues} *** metalaxyl   - {pesticide residues} *** pyraclostrobin   - {pesticide residues} *** tebuconazole   - {pesticide residues} *** trifloxystrobin   - {pesticide residues},trifloxystrobin,False,information notification for follow-up,official control on the market,potential risk,no distribution from notifying country,"Pesticide residues in grape leaves from Turkiye, via the Netherlands"
2026.3226,2026-04-16,Türkiye,Bulgaria,Sweet peppers,fruits and vegetables,fosthiazate   - {pesticide residues},fosthiazate,False,border rejection notification,border control - consignment detained,serious,product not (yet) placed on the market, Fosthiazate in fresh peppers from Türkiye
2026.3191,2026-04-15,Türkiye,Bulgaria,Peppers (other than sweet) (Capsicum spp.),fruits and vegetables,fosthiazate   - {pesticide residues},fosthiazate,False,border rejection notification,border control - consignment detained,serious,product not (yet) placed on the market,Fosthiazate in fresh peppers from Türkiye
2026.3129,2026-04-14,Egypt,Slovenia,White oranges,fruits and vegetables,chlorpyrifos  unauthorised substance - {pesticide residues},chlorpyrifos,True,border rejection notification,border control - consignment detained,potential risk,product not (yet) placed on the market,Chlorpyrifos - ethyl in orange from Egypt
2026.3151,2026-04-14,Egypt,Croatia,Frozen strawberries,fruits and vegetables,chlorfenapyr  unauthorised substance - {pesticide residues},chlorfenapyr,True,border rejection notification,border control - consignment detained,not serious,product not (yet) placed on the market,Chlorfenapyr in frozen strawberries from republic of North Macedonia
2026.3154,2026-04-14,Türkiye,Bulgaria,Sweet peppers,fruits and vegetables,etoxazole   - {pesticide residues} *** fosthiazate   - {pesticide residues},etoxazole,False,border rejection notification,border control - consignment detained,serious,product not (yet) placed on the market,Etoxazole and Fosthiazate in fresh peppers from Türkiye
2026.3154,2026-04-14,Türkiye,Bulgaria,Sweet peppers,fruits and vegetables,etoxazole   - {pesticide residues} *** fosthiazate   - {pesticide residues},fosthiazate,False,border rejection notification,border control - consignment detained,serious,product not (yet) placed on the market,Etoxazole and Fosthiazate in fresh peppers from Türkiye
2026.3155,2026-04-14,Türkiye,Bulgaria,Pomegranates,fruits and vegetables,imazalil   - {pesticide residues} *** prochloraz   - {pesticide residues},imazalil,False,border rejection notification,border control - consignment detained,serious,product not (yet) placed on the market,Imazalil and Prochloraz in pomegranate from Türkiye
2026.3155,2026-04-14,Türkiye,Bulgaria,Pomegranates,fruits and vegetables,imazalil   - {pesticide residues} *** prochloraz   - {pesticide residues},prochloraz,False,border rejection notification,border control - consignment detained,serious,product not (yet) placed on the market,Imazalil and Prochloraz in pomegranate from Türkiye
2026.3139,2026-04-14,Türkiye,Bulgaria,Peppers (other than sweet) (Capsicum spp.),fruits and vegetables,indoxacarb   - {pesticide residues} *** tebufenpyrad   - {pesticide residues},indoxacarb,False,border rejection notification,border control - consignment detained,serious,product not (yet) placed on the market, Indoxacarb and Tebufenpyrad in fresh peppers from Türkiye
2026.3139,2026-04-14,Türkiye,Bulgaria,Peppers (other than sweet) (Capsicum spp.),fruits and vegetables,indoxacarb   - {pesticide residues} *** tebufenpyrad   - {pesticide residues},tebufenpyrad,False,border rejection notification,border control - consignment detained,serious,product not (yet) placed on the market, Indoxacarb and Tebufenpyrad in fresh peppers from Türkiye
2026.3158,2026-04-14,India,Germany,Bottle gourd,fruits and vegetables,acephate  unauthorised substance - {pesticide residues} *** methamidophos  unauthorised substance - {pesticide residues} *** omethoate   - {pesticide residues} *** thiamethoxam   - {pesticide residues},acephate,True,border rejection notification,border control - consignment detained,potential risk,product not (yet) placed on the market,Pesticide residues in bottle gourds from India
2026.3158,2026-04-14,India,Germany,Bottle gourd,fruits and vegetables,acephate  unauthorised substance - {pesticide residues} *** methamidophos  unauthorised substance - {pesticide residues} *** omethoate   - {pesticide residues} *** thiamethoxam   - {pesticide residues},methamidophos,True,border rejection notification,border control - consignment detained,potential risk,product not (yet) placed on the market,Pesticide residues in bottle gourds from India
2026.3158,2026-04-14,India,Germany,Bottle gourd,fruits and vegetables,acephate  unauthorised substance - {pesticide residues} *** methamidophos  unauthorised substance - {pesticide residues} *** omethoate   - {pesticide residues} *** thiamethoxam   - {pesticide residues},omethoate,False,border rejection notification,border control - consignment detained,potential risk,product not (yet) placed on the market,Pesticide residues in bottle gourds from India
2026.3158,2026-04-14,India,Germany,Bottle gourd,fruits and vegetables,acephate  unauthorised substance - {pesticide residues} *** methamidophos  unauthorised substance - {pesticide residues} *** omethoate   - {pesticide residues} *** thiamethoxam   - {pesticide residues},thiamethoxam,False,border rejection notification,border control - consignment detained,potential risk,product not (yet) placed on the market,Pesticide residues in bottle gourds from India
2026.3152,2026-04-14,India,Germany,Bottle Gourd,fruits and vegetables,acephate  unauthorised substance - {pesticide residues} *** dimethoate   - {pesticide residues} *** methamidophos  unauthorised substance - {pesticide residues} *** omethoate   - {pesticide residues},acephate,True,border rejection notification,border control - consignment detained,potential risk,no distribution from notifying country,Pesticide residues in bottle gourds from India
2026.3152,2026-04-14,India,Germany,Bottle Gourd,fruits and vegetables,acephate  unauthorised substance - {pesticide residues} *** dimethoate   - {pesticide residues} *** methamidophos  unauthorised substance - {pesticide residues} *** omethoate   - {pesticide residues},dimethoate,False,border rejection notification,border control - consignment detained,potential risk,no distribution from notifying country,Pesticide residues in bottle gourds from India
2026.3152,2026-04-14,India,Germany,Bottle Gourd,fruits and vegetables,acephate  unauthorised substance - {pesticide residues} *** dimethoate   - {pesticide residues} *** methamidophos  unauthorised substance - {pesticide residues} *** omethoate   - {pesticide residues},methamidophos,True,border rejection notification,border control - consignment detained,potential risk,no distribution from notifying country,Pesticide residues in bottle gourds from India
2026.3152,2026-04-14,India,Germany,Bottle Gourd,fruits and vegetables,acephate  unauthorised substance - {pesticide residues} *** dimethoate   - {pesticide residues} *** methamidophos  unauthorised substance - {pesticide residues} *** omethoate   - {pesticide residues},omethoate,False,border rejection notification,border control - consignment detained,potential risk,no distribution from notifying country,Pesticide residues in bottle gourds from India
2026.3119,2026-04-13,Egypt,Denmark,Frozen strawberries,fruits and vegetables,dimethoate   - {pesticide residues},dimethoate,False,alert notification,official control on the market,potentially serious,no distribution to other member countries,Pesticide (dimethoate) in frozen strawberries from Egypt
2026.3006,2026-04-09,Egypt,Croatia,White oranges,fruits and vegetables,chlorpropham   - {pesticide residues},chlorpropham,False,border rejection notification,border control - consignment detained,potential risk,product not (yet) placed on the market,Pesticide residues in organges from Egypt
2026.3004,2026-04-09,Egypt,Croatia,fresh orange,fruits and vegetables,chlorpropham   - {pesticide residues},chlorpropham,False,border rejection notification,border control - consignment detained,potential risk,product allowed to travel to destination under customs seals,Pesticides residues of chlorpropham in orange from Egypt
2026.3008,2026-04-09,Türkiye,Bulgaria,Other,fruits and vegetables,acetamiprid   - {pesticide residues},acetamiprid,False,border rejection notification,border control - consignment detained,serious,product not (yet) placed on the market,Acetamiprid in fresh tomatoes from Türkiye
2026.2980,2026-04-08,Morocco,Germany,peppers,fruits and vegetables,abamectin   - {pesticide residues},abamectin,False,alert notification,company's own check,serious,no distribution from notifying country,"Avermectin B1a in bell peppers from Morocco, via Spain"
2026.2953,2026-04-07,Egypt,Austria,Weinblätter // grape leaves,fruits and vegetables,Azoxystrobin   - {pesticide residues} *** acetamiprid   - {pesticide residues} *** boscalid   - {pesticide residues} *** carbendazim  unauthorised substance - {pesticide residues} *** cyfluthrin   - {pesticide residues} *** difenoconazole   - {pesticide residues} *** diniconazole   - {pesticide residues} *** emamectin   - {pesticide residues} *** imidacloprid   - {pesticide residues} *** lambda-cyhalothrin   - {pesticide residues} *** lufenuron   - {pesticide residues} *** methoxyfenozide   - {pesticide residues} *** propiconazole   - {pesticide residues} *** pyraclostrobin   - {pesticide residues} *** thiacloprid   - {pesticide residues} *** thiophanate-methyl   - {pesticide residues},Azoxystrobin,False,information notification for follow-up,official control on the market,potentially serious,no distribution from notifying country,"Pesticide residues in grape leaves from Egypt, via Germany"
2026.2953,2026-04-07,Egypt,Austria,Weinblätter // grape leaves,fruits and vegetables,Azoxystrobin   - {pesticide residues} *** acetamiprid   - {pesticide residues} *** boscalid   - {pesticide residues} *** carbendazim  unauthorised substance - {pesticide residues} *** cyfluthrin   - {pesticide residues} *** difenoconazole   - {pesticide residues} *** diniconazole   - {pesticide residues} *** emamectin   - {pesticide residues} *** imidacloprid   - {pesticide residues} *** lambda-cyhalothrin   - {pesticide residues} *** lufenuron   - {pesticide residues} *** methoxyfenozide   - {pesticide residues} *** propiconazole   - {pesticide residues} *** pyraclostrobin   - {pesticide residues} *** thiacloprid   - {pesticide residues} *** thiophanate-methyl   - {pesticide residues},acetamiprid,False,information notification for follow-up,official control on the market,potentially serious,no distribution from notifying country,"Pesticide residues in grape leaves from Egypt, via Germany"
2026.2953,2026-04-07,Egypt,Austria,Weinblätter // grape leaves,fruits and vegetables,Azoxystrobin   - {pesticide residues} *** acetamiprid   - {pesticide residues} *** boscalid   - {pesticide residues} *** carbendazim  unauthorised substance - {pesticide residues} *** cyfluthrin   - {pesticide residues} *** difenoconazole   - {pesticide residues} *** diniconazole   - {pesticide residues} *** emamectin   - {pesticide residues} *** imidacloprid   - {pesticide residues} *** lambda-cyhalothrin   - {pesticide residues} *** lufenuron   - {pesticide residues} *** methoxyfenozide   - {pesticide residues} *** propiconazole   - {pesticide residues} *** pyraclostrobin   - {pesticide residues} *** thiacloprid   - {pesticide residues} *** thiophanate-methyl   - {pesticide residues},boscalid,False,information notification for follow-up,official control on the market,potentially serious,no distribution from notifying country,"Pesticide residues in grape leaves from Egypt, via Germany"
2026.2953,2026-04-07,Egypt,Austria,Weinblätter // grape leaves,fruits and vegetables,Azoxystrobin   - {pesticide residues} *** acetamiprid   - {pesticide residues} *** boscalid   - {pesticide residues} *** carbendazim  unauthorised substance - {pesticide residues} *** cyfluthrin   - {pesticide residues} *** difenoconazole   - {pesticide residues} *** diniconazole   - {pesticide residues} *** emamectin   - {pesticide residues} *** imidacloprid   - {pesticide residues} *** lambda-cyhalothrin   - {pesticide residues} *** lufenuron   - {pesticide residues} *** methoxyfenozide   - {pesticide residues} *** propiconazole   - {pesticide residues} *** pyraclostrobin   - {pesticide residues} *** thiacloprid   - {pesticide residues} *** thiophanate-methyl   - {pesticide residues},carbendazim,True,information notification for follow-up,official control on the market,potentially serious,no distribution from notifying country,"Pesticide residues in grape leaves from Egypt, via Germany"
2026.2953,2026-04-07,Egypt,Austria,Weinblätter // grape leaves,fruits and vegetables,Azoxystrobin   - {pesticide residues} *** acetamiprid   - {pesticide residues} *** boscalid   - {pesticide residues} *** carbendazim  unauthorised substance - {pesticide residues} *** cyfluthrin   - {pesticide residues} *** difenoconazole   - {pesticide residues} *** diniconazole   - {pesticide residues} *** emamectin   - {pesticide residues} *** imidacloprid   - {pesticide residues} *** lambda-cyhalothrin   - {pesticide residues} *** lufenuron   - {pesticide residues} *** methoxyfenozide   - {pesticide residues} *** propiconazole   - {pesticide residues} *** pyraclostrobin   - {pesticide residues} *** thiacloprid   - {pesticide residues} *** thiophanate-methyl   - {pesticide residues},cyfluthrin,False,information notification for follow-up,official control on the market,potentially serious,no distribution from notifying country,"Pesticide residues in grape leaves from Egypt, via Germany"
2026.2953,2026-04-07,Egypt,Austria,Weinblätter // grape leaves,fruits and vegetables,Azoxystrobin   - {pesticide residues} *** acetamiprid   - {pesticide residues} *** boscalid   - {pesticide residues} *** carbendazim  unauthorised substance - {pesticide residues} *** cyfluthrin   - {pesticide residues} *** difenoconazole   - {pesticide residues} *** diniconazole   - {pesticide residues} *** emamectin   - {pesticide residues} *** imidacloprid   - {pesticide residues} *** lambda-cyhalothrin   - {pesticide residues} *** lufenuron   - {pesticide residues} *** methoxyfenozide   - {pesticide residues} *** propiconazole   - {pesticide residues} *** pyraclostrobin   - {pesticide residues} *** thiacloprid   - {pesticide residues} *** thiophanate-methyl   - {pesticide residues},difenoconazole,False,information notification for follow-up,official control on the market,potentially serious,no distribution from notifying country,"Pesticide residues in grape leaves from Egypt, via Germany"
2026.2953,2026-04-07,Egypt,Austria,Weinblätter // grape leaves,fruits and vegetables,Azoxystrobin   - {pesticide residues} *** acetamiprid   - {pesticide residues} *** boscalid   - {pesticide residues} *** carbendazim  unauthorised substance - {pesticide residues} *** cyfluthrin   - {pesticide residues} *** difenoconazole   - {pesticide residues} *** diniconazole   - {pesticide residues} *** emamectin   - {pesticide residues} *** imidacloprid   - {pesticide residues} *** lambda-cyhalothrin   - {pesticide residues} *** lufenuron   - {pesticide residues} *** methoxyfenozide   - {pesticide residues} *** propiconazole   - {pesticide residues} *** pyraclostrobin   - {pesticide residues} *** thiacloprid   - {pesticide residues} *** thiophanate-methyl   - {pesticide residues},diniconazole,False,information notification for follow-up,official control on the market,potentially serious,no distribution from notifying country,"Pesticide residues in grape leaves from Egypt, via Germany"
2026.2953,2026-04-07,Egypt,Austria,Weinblätter // grape leaves,fruits and vegetables,Azoxystrobin   - {pesticide residues} *** acetamiprid   - {pesticide residues} *** boscalid   - {pesticide residues} *** carbendazim  unauthorised substance - {pesticide residues} *** cyfluthrin   - {pesticide residues} *** difenoconazole   - {pesticide residues} *** diniconazole   - {pesticide residues} *** emamectin   - {pesticide residues} *** imidacloprid   - {pesticide residues} *** lambda-cyhalothrin   - {pesticide residues} *** lufenuron   - {pesticide residues} *** methoxyfenozide   - {pesticide residues} *** propiconazole   - {pesticide residues} *** pyraclostrobin   - {pesticide residues} *** thiacloprid   - {pesticide residues} *** thiophanate-methyl   - {pesticide residues},emamectin,False,information notification for follow-up,official control on the market,potentially serious,no distribution from notifying country,"Pesticide residues in grape leaves from Egypt, via Germany"
2026.2953,2026-04-07,Egypt,Austria,Weinblätter // grape leaves,fruits and vegetables,Azoxystrobin   - {pesticide residues} *** acetamiprid   - {pesticide residues} *** boscalid   - {pesticide residues} *** carbendazim  unauthorised substance - {pesticide residues} *** cyfluthrin   - {pesticide residues} *** difenoconazole   - {pesticide residues} *** diniconazole   - {pesticide residues} *** emamectin   - {pesticide residues} *** imidacloprid   - {pesticide residues} *** lambda-cyhalothrin   - {pesticide residues} *** lufenuron   - {pesticide residues} *** methoxyfenozide   - {pesticide residues} *** propiconazole   - {pesticide residues} *** pyraclostrobin   - {pesticide residues} *** thiacloprid   - {pesticide residues} *** thiophanate-methyl   - {pesticide residues},imidacloprid,False,information notification for follow-up,official control on the market,potentially serious,no distribution from notifying country,"Pesticide residues in grape leaves from Egypt, via Germany"
2026.2953,2026-04-07,Egypt,Austria,Weinblätter // grape leaves,fruits and vegetables,Azoxystrobin   - {pesticide residues} *** acetamiprid   - {pesticide residues} *** boscalid   - {pesticide residues} *** carbendazim  unauthorised substance - {pesticide residues} *** cyfluthrin   - {pesticide residues} *** difenoconazole   - {pesticide residues} *** diniconazole   - {pesticide residues} *** emamectin   - {pesticide residues} *** imidacloprid   - {pesticide residues} *** lambda-cyhalothrin   - {pesticide residues} *** lufenuron   - {pesticide residues} *** methoxyfenozide   - {pesticide residues} *** propiconazole   - {pesticide residues} *** pyraclostrobin   - {pesticide residues} *** thiacloprid   - {pesticide residues} *** thiophanate-methyl   - {pesticide residues},lambda-cyhalothrin,False,information notification for follow-up,official control on the market,potentially serious,no distribution from notifying country,"Pesticide residues in grape leaves from Egypt, via Germany"
2026.2953,2026-04-07,Egypt,Austria,Weinblätter // grape leaves,fruits and vegetables,Azoxystrobin   - {pesticide residues} *** acetamiprid   - {pesticide residues} *** boscalid   - {pesticide residues} *** carbendazim  unauthorised substance - {pesticide residues} *** cyfluthrin   - {pesticide residues} *** difenoconazole   - {pesticide residues} *** diniconazole   - {pesticide residues} *** emamectin   - {pesticide residues} *** imidacloprid   - {pesticide residues} *** lambda-cyhalothrin   - {pesticide residues} *** lufenuron   - {pesticide residues} *** methoxyfenozide   - {pesticide residues} *** propiconazole   - {pesticide residues} *** pyraclostrobin   - {pesticide residues} *** thiacloprid   - {pesticide residues} *** thiophanate-methyl   - {pesticide residues},lufenuron,False,information notification for follow-up,official control on the market,potentially serious,no distribution from notifying country,"Pesticide residues in grape leaves from Egypt, via Germany"
2026.2953,2026-04-07,Egypt,Austria,Weinblätter // grape leaves,fruits and vegetables,Azoxystrobin   - {pesticide residues} *** acetamiprid   - {pesticide residues} *** boscalid   - {pesticide residues} *** carbendazim  unauthorised substance - {pesticide residues} *** cyfluthrin   - {pesticide residues} *** difenoconazole   - {pesticide residues} *** diniconazole   - {pesticide residues} *** emamectin   - {pesticide residues} *** imidacloprid   - {pesticide residues} *** lambda-cyhalothrin   - {pesticide residues} *** lufenuron   - {pesticide residues} *** methoxyfenozide   - {pesticide residues} *** propiconazole   - {pesticide residues} *** pyraclostrobin   - {pesticide residues} *** thiacloprid   - {pesticide residues} *** thiophanate-methyl   - {pesticide residues},methoxyfenozide,False,information notification for follow-up,official control on the market,potentially serious,no distribution from notifying country,"Pesticide residues in grape leaves from Egypt, via Germany"
2026.2953,2026-04-07,Egypt,Austria,Weinblätter // grape leaves,fruits and vegetables,Azoxystrobin   - {pesticide residues} *** acetamiprid   - {pesticide residues} *** boscalid   - {pesticide residues} *** carbendazim  unauthorised substance - {pesticide residues} *** cyfluthrin   - {pesticide residues} *** difenoconazole   - {pesticide residues} *** diniconazole   - {pesticide residues} *** emamectin   - {pesticide residues} *** imidacloprid   - {pesticide residues} *** lambda-cyhalothrin   - {pesticide residues} *** lufenuron   - {pesticide residues} *** methoxyfenozide   - {pesticide residues} *** propiconazole   - {pesticide residues} *** pyraclostrobin   - {pesticide residues} *** thiacloprid   - {pesticide residues} *** thiophanate-methyl   - {pesticide residues},propiconazole,False,information notification for follow-up,official control on the market,potentially serious,no distribution from notifying country,"Pesticide residues in grape leaves from Egypt, via Germany"
2026.2953,2026-04-07,Egypt,Austria,Weinblätter // grape leaves,fruits and vegetables,Azoxystrobin   - {pesticide residues} *** acetamiprid   - {pesticide residues} *** boscalid   - {pesticide residues} *** carbendazim  unauthorised substance - {pesticide residues} *** cyfluthrin   - {pesticide residues} *** difenoconazole   - {pesticide residues} *** diniconazole   - {pesticide residues} *** emamectin   - {pesticide residues} *** imidacloprid   - {pesticide residues} *** lambda-cyhalothrin   - {pesticide residues} *** lufenuron   - {pesticide residues} *** methoxyfenozide   - {pesticide residues} *** propiconazole   - {pesticide residues} *** pyraclostrobin   - {pesticide residues} *** thiacloprid   - {pesticide residues} *** thiophanate-methyl   - {pesticide residues},pyraclostrobin,False,information notification for follow-up,official control on the market,potentially serious,no distribution from notifying country,"Pesticide residues in grape leaves from Egypt, via Germany"
2026.2953,2026-04-07,Egypt,Austria,Weinblätter // grape leaves,fruits and vegetables,Azoxystrobin   - {pesticide residues} *** acetamiprid   - {pesticide residues} *** boscalid   - {pesticide residues} *** carbendazim  unauthorised substance - {pesticide residues} *** cyfluthrin   - {pesticide residues} *** difenoconazole   - {pesticide residues} *** diniconazole   - {pesticide residues} *** emamectin   - {pesticide residues} *** imidacloprid   - {pesticide residues} *** lambda-cyhalothrin   - {pesticide residues} *** lufenuron   - {pesticide residues} *** methoxyfenozide   - {pesticide residues} *** propiconazole   - {pesticide residues} *** pyraclostrobin   - {pesticide residues} *** thiacloprid   - {pesticide residues} *** thiophanate-methyl   - {pesticide residues},thiacloprid,False,information notification for follow-up,official control on the market,potentially serious,no distribution from notifying country,"Pesticide residues in grape leaves from Egypt, via Germany"
2026.2953,2026-04-07,Egypt,Austria,Weinblätter // grape leaves,fruits and vegetables,Azoxystrobin   - {pesticide residues} *** acetamiprid   - {pesticide residues} *** boscalid   - {pesticide residues} *** carbendazim  unauthorised substance - {pesticide residues} *** cyfluthrin   - {pesticide residues} *** difenoconazole   - {pesticide residues} *** diniconazole   - {pesticide residues} *** emamectin   - {pesticide residues} *** imidacloprid   - {pesticide residues} *** lambda-cyhalothrin   - {pesticide residues} *** lufenuron   - {pesticide residues} *** methoxyfenozide   - {pesticide residues} *** propiconazole   - {pesticide residues} *** pyraclostrobin   - {pesticide residues} *** thiacloprid   - {pesticide residues} *** thiophanate-methyl   - {pesticide residues},thiophanate-methyl,False,information notification for follow-up,official control on the market,potentially serious,no distribution from notifying country,"Pesticide residues in grape leaves from Egypt, via Germany"
2026.2839,2026-04-02,Kenya,France,Green beans,fruits and vegetables,bifenthrin   - {pesticide residues},bifenthrin,False,border rejection notification,border control - consignment detained,potentially serious,product not (yet) placed on the market,Bifenthrin in green beans from Kenya
2026.2807,2026-04-01,Egypt,Austria,Weinblätter /// grape leaves,fruits and vegetables,carbendazim  unauthorised substance - {pesticide residues} *** chlorfenapyr  unauthorised substance - {pesticide residues} *** imidacloprid   - {pesticide residues} *** lufenuron   - {pesticide residues} *** thiophanate-methyl   - {pesticide residues},carbendazim,True,information notification for follow-up,official control on the market,potentially serious,no distribution from notifying country,"Unauthorised pesticides in grape leaves from Egypt, via Germany and Luxembourg"
2026.2807,2026-04-01,Egypt,Austria,Weinblätter /// grape leaves,fruits and vegetables,carbendazim  unauthorised substance - {pesticide residues} *** chlorfenapyr  unauthorised substance - {pesticide residues} *** imidacloprid   - {pesticide residues} *** lufenuron   - {pesticide residues} *** thiophanate-methyl   - {pesticide residues},chlorfenapyr,True,information notification for follow-up,official control on the market,potentially serious,no distribution from notifying country,"Unauthorised pesticides in grape leaves from Egypt, via Germany and Luxembourg"
2026.2807,2026-04-01,Egypt,Austria,Weinblätter /// grape leaves,fruits and vegetables,carbendazim  unauthorised substance - {pesticide residues} *** chlorfenapyr  unauthorised substance - {pesticide residues} *** imidacloprid   - {pesticide residues} *** lufenuron   - {pesticide residues} *** thiophanate-methyl   - {pesticide residues},imidacloprid,False,information notification for follow-up,official control on the market,potentially serious,no distribution from notifying country,"Unauthorised pesticides in grape leaves from Egypt, via Germany and Luxembourg"
2026.2807,2026-04-01,Egypt,Austria,Weinblätter /// grape leaves,fruits and vegetables,carbendazim  unauthorised substance - {pesticide residues} *** chlorfenapyr  unauthorised substance - {pesticide residues} *** imidacloprid   - {pesticide residues} *** lufenuron   - {pesticide residues} *** thiophanate-methyl   - {pesticide residues},lufenuron,False,information notification for follow-up,official control on the market,potentially serious,no distribution from notifying country,"Unauthorised pesticides in grape leaves from Egypt, via Germany and Luxembourg"
2026.2807,2026-04-01,Egypt,Austria,Weinblätter /// grape leaves,fruits and vegetables,carbendazim  unauthorised substance - {pesticide residues} *** chlorfenapyr  unauthorised substance - {pesticide residues} *** imidacloprid   - {pesticide residues} *** lufenuron   - {pesticide residues} *** thiophanate-methyl   - {pesticide residues},thiophanate-methyl,False,information notification for follow-up,official control on the market,potentially serious,no distribution from notifying country,"Unauthorised pesticides in grape leaves from Egypt, via Germany and Luxembourg"
2026.2740,2026-03-31,Türkiye,Bulgaria,Pomegranates,fruits and vegetables,imazalil   - {pesticide residues} *** prochloraz   - {pesticide residues},imazalil,False,border rejection notification,border control - consignment detained,serious,product not (yet) placed on the market, imazalil and prochloraz in pomegranate from Türkiye
2026.2740,2026-03-31,Türkiye,Bulgaria,Pomegranates,fruits and vegetables,imazalil   - {pesticide residues} *** prochloraz   - {pesticide residues},prochloraz,False,border rejection notification,border control - consignment detained,serious,product not (yet) placed on the market, imazalil and prochloraz in pomegranate from Türkiye
2026.2586,2026-03-26,Egypt,Slovenia,White oranges,fruits and vegetables,chlorpropham   - {pesticide residues},chlorpropham,False,border rejection notification,border control - consignment detained,potential risk,product not (yet) placed on the market,Chlorpropham above legal limits in oranges from Egypt
2026.2439,2026-03-23,Türkiye,Bulgaria,tomatoe,fruits and vegetables,acetamiprid   - {pesticide residues} *** indoxacarb   - {pesticide residues},acetamiprid,False,border rejection notification,border control - consignment detained,serious,product not (yet) placed on the market,Acetamiprid and Indoxacarb in fresh tomatoes from Türkiye
2026.2439,2026-03-23,Türkiye,Bulgaria,tomatoe,fruits and vegetables,acetamiprid   - {pesticide residues} *** indoxacarb   - {pesticide residues},indoxacarb,False,border rejection notification,border control - consignment detained,serious,product not (yet) placed on the market,Acetamiprid and Indoxacarb in fresh tomatoes from Türkiye
2026.2432,2026-03-20,Egypt,Romania,FRESH EGYPTIAN ORANGE / PORTOCALE PROASPETE ORIGINE EGIPT,fruits and vegetables,oxamyl  unauthorised substance - {pesticide residues},oxamyl,True,border rejection notification,border control - consignment detained,potentially serious,product not (yet) placed on the market,Exceeded MRL pesticide Oxamyl in oranges from Egypt / Depasire limita la pesticidul Oxamyl in portocalele din Egipt. 
2026.2414,2026-03-20,Türkiye,Germany,pomegranates,fruits and vegetables,acetamiprid   - {pesticide residues},acetamiprid,False,information notification for follow-up,official control on the market,potential risk,distribution to other member countries,Acetamiprid in pomegranates from Turkey
2026.2342,2026-03-19,Egypt,Slovenia,Sweet peppers,fruits and vegetables,profenofos  unauthorised substance - {pesticide residues},profenofos,True,border rejection notification,border control - consignment detained,potential risk,product not (yet) placed on the market,Pesticide residue (profenofos) in Fresh Peppers from Egypt
2026.2119,2026-03-19,Türkiye,Bulgaria,Pomegranates,fruits and vegetables,malathion   - {pesticide residues} *** pyraclostrobin   - {pesticide residues} *** pyrimethanil   - {pesticide residues} *** pyriproxyfen    - {pesticide residues} *** sulfoxaflor   - {pesticide residues},malathion,False,border rejection notification,border control - consignment detained,not serious,product not (yet) placed on the market,"Pyraclostrobin,Pyrimethanil, Sulfoxaflor,Malathion, Pyriproxyfen in fresh pomegranate from  Türkiye"
2026.2119,2026-03-19,Türkiye,Bulgaria,Pomegranates,fruits and vegetables,malathion   - {pesticide residues} *** pyraclostrobin   - {pesticide residues} *** pyrimethanil   - {pesticide residues} *** pyriproxyfen    - {pesticide residues} *** sulfoxaflor   - {pesticide residues},pyraclostrobin,False,border rejection notification,border control - consignment detained,not serious,product not (yet) placed on the market,"Pyraclostrobin,Pyrimethanil, Sulfoxaflor,Malathion, Pyriproxyfen in fresh pomegranate from  Türkiye"
2026.2119,2026-03-19,Türkiye,Bulgaria,Pomegranates,fruits and vegetables,malathion   - {pesticide residues} *** pyraclostrobin   - {pesticide residues} *** pyrimethanil   - {pesticide residues} *** pyriproxyfen    - {pesticide residues} *** sulfoxaflor   - {pesticide residues},pyrimethanil,False,border rejection notification,border control - consignment detained,not serious,product not (yet) placed on the market,"Pyraclostrobin,Pyrimethanil, Sulfoxaflor,Malathion, Pyriproxyfen in fresh pomegranate from  Türkiye"
2026.2119,2026-03-19,Türkiye,Bulgaria,Pomegranates,fruits and vegetables,malathion   - {pesticide residues} *** pyraclostrobin   - {pesticide residues} *** pyrimethanil   - {pesticide residues} *** pyriproxyfen    - {pesticide residues} *** sulfoxaflor   - {pesticide residues},pyriproxyfen,False,border rejection notification,border control - consignment detained,not serious,product not (yet) placed on the market,"Pyraclostrobin,Pyrimethanil, Sulfoxaflor,Malathion, Pyriproxyfen in fresh pomegranate from  Türkiye"
2026.2119,2026-03-19,Türkiye,Bulgaria,Pomegranates,fruits and vegetables,malathion   - {pesticide residues} *** pyraclostrobin   - {pesticide residues} *** pyrimethanil   - {pesticide residues} *** pyriproxyfen    - {pesticide residues} *** sulfoxaflor   - {pesticide residues},sulfoxaflor,False,border rejection notification,border control - consignment detained,not serious,product not (yet) placed on the market,"Pyraclostrobin,Pyrimethanil, Sulfoxaflor,Malathion, Pyriproxyfen in fresh pomegranate from  Türkiye"
2026.2288,2026-03-18,Egypt,Italy,olives in brine,fruits and vegetables,chlorpyrifos  unauthorised substance - {pesticide residues},chlorpyrifos,True,information notification for attention,border control - consignment released,potentially serious,information on distribution not (yet) available, chlorpyrifos in olives in brine from Egypt
2026.2158,2026-03-14,Kenya,Italy,Capsicum spp,fruits and vegetables,acetamiprid   - {pesticide residues},acetamiprid,False,border rejection notification,border control - consignment detained,serious,product not (yet) placed on the market,Residues of acetamiprid above legal limits in Capsicum spp from Kenya  
2026.2144,2026-03-13,Egypt,Austria,Weinblätter /// grape leaves,fruits and vegetables,carbendazim  unauthorised substance - {pesticide residues} *** chlorpyrifos  unauthorised substance - {pesticide residues} *** cyfluthrin   - {pesticide residues} *** dimethomorph   - {pesticide residues} *** imidacloprid   - {pesticide residues} *** indoxacarb   - {pesticide residues} *** lufenuron   - {pesticide residues} *** propiconazole   - {pesticide residues} *** thiamethoxam   - {pesticide residues} *** thiophanate-methyl   - {pesticide residues},carbendazim,True,information notification for follow-up,official control on the market,potentially serious,distribution to other member countries,"Unauthorised pesticides in grape leaves from Egypt, via Germany and Luxembourg"
2026.2144,2026-03-13,Egypt,Austria,Weinblätter /// grape leaves,fruits and vegetables,carbendazim  unauthorised substance - {pesticide residues} *** chlorpyrifos  unauthorised substance - {pesticide residues} *** cyfluthrin   - {pesticide residues} *** dimethomorph   - {pesticide residues} *** imidacloprid   - {pesticide residues} *** indoxacarb   - {pesticide residues} *** lufenuron   - {pesticide residues} *** propiconazole   - {pesticide residues} *** thiamethoxam   - {pesticide residues} *** thiophanate-methyl   - {pesticide residues},chlorpyrifos,True,information notification for follow-up,official control on the market,potentially serious,distribution to other member countries,"Unauthorised pesticides in grape leaves from Egypt, via Germany and Luxembourg"
2026.2144,2026-03-13,Egypt,Austria,Weinblätter /// grape leaves,fruits and vegetables,carbendazim  unauthorised substance - {pesticide residues} *** chlorpyrifos  unauthorised substance - {pesticide residues} *** cyfluthrin   - {pesticide residues} *** dimethomorph   - {pesticide residues} *** imidacloprid   - {pesticide residues} *** indoxacarb   - {pesticide residues} *** lufenuron   - {pesticide residues} *** propiconazole   - {pesticide residues} *** thiamethoxam   - {pesticide residues} *** thiophanate-methyl   - {pesticide residues},cyfluthrin,False,information notification for follow-up,official control on the market,potentially serious,distribution to other member countries,"Unauthorised pesticides in grape leaves from Egypt, via Germany and Luxembourg"
2026.2144,2026-03-13,Egypt,Austria,Weinblätter /// grape leaves,fruits and vegetables,carbendazim  unauthorised substance - {pesticide residues} *** chlorpyrifos  unauthorised substance - {pesticide residues} *** cyfluthrin   - {pesticide residues} *** dimethomorph   - {pesticide residues} *** imidacloprid   - {pesticide residues} *** indoxacarb   - {pesticide residues} *** lufenuron   - {pesticide residues} *** propiconazole   - {pesticide residues} *** thiamethoxam   - {pesticide residues} *** thiophanate-methyl   - {pesticide residues},dimethomorph,False,information notification for follow-up,official control on the market,potentially serious,distribution to other member countries,"Unauthorised pesticides in grape leaves from Egypt, via Germany and Luxembourg"
2026.2144,2026-03-13,Egypt,Austria,Weinblätter /// grape leaves,fruits and vegetables,carbendazim  unauthorised substance - {pesticide residues} *** chlorpyrifos  unauthorised substance - {pesticide residues} *** cyfluthrin   - {pesticide residues} *** dimethomorph   - {pesticide residues} *** imidacloprid   - {pesticide residues} *** indoxacarb   - {pesticide residues} *** lufenuron   - {pesticide residues} *** propiconazole   - {pesticide residues} *** thiamethoxam   - {pesticide residues} *** thiophanate-methyl   - {pesticide residues},imidacloprid,False,information notification for follow-up,official control on the market,potentially serious,distribution to other member countries,"Unauthorised pesticides in grape leaves from Egypt, via Germany and Luxembourg"
2026.2144,2026-03-13,Egypt,Austria,Weinblätter /// grape leaves,fruits and vegetables,carbendazim  unauthorised substance - {pesticide residues} *** chlorpyrifos  unauthorised substance - {pesticide residues} *** cyfluthrin   - {pesticide residues} *** dimethomorph   - {pesticide residues} *** imidacloprid   - {pesticide residues} *** indoxacarb   - {pesticide residues} *** lufenuron   - {pesticide residues} *** propiconazole   - {pesticide residues} *** thiamethoxam   - {pesticide residues} *** thiophanate-methyl   - {pesticide residues},indoxacarb,False,information notification for follow-up,official control on the market,potentially serious,distribution to other member countries,"Unauthorised pesticides in grape leaves from Egypt, via Germany and Luxembourg"
2026.2144,2026-03-13,Egypt,Austria,Weinblätter /// grape leaves,fruits and vegetables,carbendazim  unauthorised substance - {pesticide residues} *** chlorpyrifos  unauthorised substance - {pesticide residues} *** cyfluthrin   - {pesticide residues} *** dimethomorph   - {pesticide residues} *** imidacloprid   - {pesticide residues} *** indoxacarb   - {pesticide residues} *** lufenuron   - {pesticide residues} *** propiconazole   - {pesticide residues} *** thiamethoxam   - {pesticide residues} *** thiophanate-methyl   - {pesticide residues},lufenuron,False,information notification for follow-up,official control on the market,potentially serious,distribution to other member countries,"Unauthorised pesticides in grape leaves from Egypt, via Germany and Luxembourg"
2026.2144,2026-03-13,Egypt,Austria,Weinblätter /// grape leaves,fruits and vegetables,carbendazim  unauthorised substance - {pesticide residues} *** chlorpyrifos  unauthorised substance - {pesticide residues} *** cyfluthrin   - {pesticide residues} *** dimethomorph   - {pesticide residues} *** imidacloprid   - {pesticide residues} *** indoxacarb   - {pesticide residues} *** lufenuron   - {pesticide residues} *** propiconazole   - {pesticide residues} *** thiamethoxam   - {pesticide residues} *** thiophanate-methyl   - {pesticide residues},propiconazole,False,information notification for follow-up,official control on the market,potentially serious,distribution to other member countries,"Unauthorised pesticides in grape leaves from Egypt, via Germany and Luxembourg"
2026.2144,2026-03-13,Egypt,Austria,Weinblätter /// grape leaves,fruits and vegetables,carbendazim  unauthorised substance - {pesticide residues} *** chlorpyrifos  unauthorised substance - {pesticide residues} *** cyfluthrin   - {pesticide residues} *** dimethomorph   - {pesticide residues} *** imidacloprid   - {pesticide residues} *** indoxacarb   - {pesticide residues} *** lufenuron   - {pesticide residues} *** propiconazole   - {pesticide residues} *** thiamethoxam   - {pesticide residues} *** thiophanate-methyl   - {pesticide residues},thiamethoxam,False,information notification for follow-up,official control on the market,potentially serious,distribution to other member countries,"Unauthorised pesticides in grape leaves from Egypt, via Germany and Luxembourg"
2026.2144,2026-03-13,Egypt,Austria,Weinblätter /// grape leaves,fruits and vegetables,carbendazim  unauthorised substance - {pesticide residues} *** chlorpyrifos  unauthorised substance - {pesticide residues} *** cyfluthrin   - {pesticide residues} *** dimethomorph   - {pesticide residues} *** imidacloprid   - {pesticide residues} *** indoxacarb   - {pesticide residues} *** lufenuron   - {pesticide residues} *** propiconazole   - {pesticide residues} *** thiamethoxam   - {pesticide residues} *** thiophanate-methyl   - {pesticide residues},thiophanate-methyl,False,information notification for follow-up,official control on the market,potentially serious,distribution to other member countries,"Unauthorised pesticides in grape leaves from Egypt, via Germany and Luxembourg"
2026.2142,2026-03-13,Türkiye,Luxembourg,Pomegranates ,fruits and vegetables,prochloraz   - {pesticide residues},prochloraz,False,alert notification,official control on the market,serious,no distribution from notifying country,exceedance of maximal limit for Prochloraz in Pomegranates  from Turkey via France
2026.2008,2026-03-11,Egypt,Cyprus,Frozen Strawberry,fruits and vegetables,fosthiazate   - {pesticide residues},fosthiazate,False,border rejection notification,border control - consignment detained,not serious,no distribution from notifying country,Residues of pesticide Fosthiazate in frozen strawberries from Egypt
2026.1898,2026-03-06,Egypt,Slovenia,White oranges,fruits and vegetables,dimethoate   - {pesticide residues},dimethoate,False,border rejection notification,border control - consignment detained,potential risk,product not (yet) placed on the market,Dimethoate in oranges from Egypt
2026.1841,2026-03-05,Türkiye,Bulgaria,Pomegranates,fruits and vegetables,imazalil   - {pesticide residues} *** prochloraz   - {pesticide residues},imazalil,False,border rejection notification,border control - consignment detained,serious,product not (yet) placed on the market,Imazalil and Prochloraz in pomegranate from Türkiye
2026.1841,2026-03-05,Türkiye,Bulgaria,Pomegranates,fruits and vegetables,imazalil   - {pesticide residues} *** prochloraz   - {pesticide residues},prochloraz,False,border rejection notification,border control - consignment detained,serious,product not (yet) placed on the market,Imazalil and Prochloraz in pomegranate from Türkiye
2026.1782,2026-03-04,Egypt,Belgium,Broccoli,fruits and vegetables,chlorate  unauthorised substance - {pesticide residues},chlorate,True,information notification for attention,company's own check,serious,distribution restricted to notifying country,Chlorate in frozen broccoli from Egypt
2026.1799,2026-03-04,Türkiye,Bulgaria,Sweet peppers,fruits and vegetables,tebufenpyrad   - {pesticide residues},tebufenpyrad,False,border rejection notification,border control - consignment detained,serious,product not (yet) placed on the market,Tebufenpyrad in dresh peppers from Türkiye
2026.1784,2026-03-04,India,France,Drumsticks (Moringa oleifera),fruits and vegetables,tebuconazole   - {pesticide residues},tebuconazole,False,border rejection notification,border control - consignment detained,potentially serious,product not (yet) placed on the market,Tebuconazole in drumsticks from India
2026.1757,2026-03-03,Egypt,Germany,Strawberries (frozen) conventional,fruits and vegetables,oxamyl  unauthorised substance - {pesticide residues},oxamyl,True,alert notification,company's own check,serious,product not (yet) placed on the market,Oxamyl in frozen strawberries from Egypt
2026.1729,2026-03-03,India,Italy,Lagenaria siceraria,fruits and vegetables,acephate  unauthorised substance - {pesticide residues},acephate,True,border rejection notification,border control - consignment detained,potentially serious,product not (yet) placed on the market,Acefate In Bottle Gourd Da India/Acefate In Bottle Gourd From India
2026.1697,2026-03-02,Egypt,France,Chili peppers,fruits and vegetables,chlorfenapyr  unauthorised substance - {pesticide residues},chlorfenapyr,True,border rejection notification,border control - consignment detained,not serious,product not (yet) placed on the market,Chlorfenapyr in chili peppers from Egypt
2026.1702,2026-03-02,Egypt,France,Oranges,fruits and vegetables,chlorpyrifos  unauthorised substance - {pesticide residues},chlorpyrifos,True,border rejection notification,border control - consignment detained,potentially serious,product not (yet) placed on the market,Chlorpyrifos in orange from Egypt
2026.1652,2026-02-27,Egypt,Slovenia,"Strawberries,frozen",fruits and vegetables,oxamyl  unauthorised substance - {pesticide residues},oxamyl,True,border rejection notification,border control - consignment detained,potentially serious,product not (yet) placed on the market, Oxamyl in frozen strawberries from Egypt
2026.1645,2026-02-27,Egypt,Italy,pomodori secchi/dried tomatoes,fruits and vegetables,chlorfenapyr  unauthorised substance - {pesticide residues} *** chlorpyrifos  unauthorised substance - {pesticide residues},chlorfenapyr,True,information notification for attention,border control - consignment released,serious,distribution restricted to notifying country,Pesticides above legal limits in dried tomatoes from Egypt
2026.1645,2026-02-27,Egypt,Italy,pomodori secchi/dried tomatoes,fruits and vegetables,chlorfenapyr  unauthorised substance - {pesticide residues} *** chlorpyrifos  unauthorised substance - {pesticide residues},chlorpyrifos,True,information notification for attention,border control - consignment released,serious,distribution restricted to notifying country,Pesticides above legal limits in dried tomatoes from Egypt
2026.1635,2026-02-27,Egypt,Lithuania,Oranges,fruits and vegetables,chlorpyrifos  unauthorised substance - {pesticide residues},chlorpyrifos,True,border rejection notification,border control - consignment detained,serious,product not (yet) placed on the market,Unauthorized levels of chlorpyrifos in oranges from Egypt
2026.1589,2026-02-26,Türkiye,Bulgaria,Pomegranates,fruits and vegetables,imazalil   - {pesticide residues} *** prochloraz   - {pesticide residues} *** propiconazole   - {pesticide residues} *** tebuconazole   - {pesticide residues},imazalil,False,border rejection notification,border control - consignment detained,serious,product not (yet) placed on the market,"Imazalil, Prohloraz, Propiconazole and Tebuconazole in fresh pomegranate from Türkiye"
2026.1589,2026-02-26,Türkiye,Bulgaria,Pomegranates,fruits and vegetables,imazalil   - {pesticide residues} *** prochloraz   - {pesticide residues} *** propiconazole   - {pesticide residues} *** tebuconazole   - {pesticide residues},prochloraz,False,border rejection notification,border control - consignment detained,serious,product not (yet) placed on the market,"Imazalil, Prohloraz, Propiconazole and Tebuconazole in fresh pomegranate from Türkiye"
2026.1589,2026-02-26,Türkiye,Bulgaria,Pomegranates,fruits and vegetables,imazalil   - {pesticide residues} *** prochloraz   - {pesticide residues} *** propiconazole   - {pesticide residues} *** tebuconazole   - {pesticide residues},propiconazole,False,border rejection notification,border control - consignment detained,serious,product not (yet) placed on the market,"Imazalil, Prohloraz, Propiconazole and Tebuconazole in fresh pomegranate from Türkiye"
2026.1589,2026-02-26,Türkiye,Bulgaria,Pomegranates,fruits and vegetables,imazalil   - {pesticide residues} *** prochloraz   - {pesticide residues} *** propiconazole   - {pesticide residues} *** tebuconazole   - {pesticide residues},tebuconazole,False,border rejection notification,border control - consignment detained,serious,product not (yet) placed on the market,"Imazalil, Prohloraz, Propiconazole and Tebuconazole in fresh pomegranate from Türkiye"
2026.1583,2026-02-26,Türkiye,Bulgaria,Pomegranates,fruits and vegetables,imazalil   - {pesticide residues} *** prochloraz   - {pesticide residues},imazalil,False,border rejection notification,border control - consignment detained,serious,product (presumably) no longer on the market,Imazalil and Prohloraz in fresh pomegranate from 
2026.1583,2026-02-26,Türkiye,Bulgaria,Pomegranates,fruits and vegetables,imazalil   - {pesticide residues} *** prochloraz   - {pesticide residues},prochloraz,False,border rejection notification,border control - consignment detained,serious,product (presumably) no longer on the market,Imazalil and Prohloraz in fresh pomegranate from 
2026.1581,2026-02-26,Kenya,France,Green beans,fruits and vegetables,acephate  unauthorised substance - {pesticide residues} *** methamidophos  unauthorised substance - {pesticide residues},acephate,True,border rejection notification,border control - consignment detained,not serious,product not (yet) placed on the market,Acephate and Methamidophos in green beans from Kenya
2026.1581,2026-02-26,Kenya,France,Green beans,fruits and vegetables,acephate  unauthorised substance - {pesticide residues} *** methamidophos  unauthorised substance - {pesticide residues},methamidophos,True,border rejection notification,border control - consignment detained,not serious,product not (yet) placed on the market,Acephate and Methamidophos in green beans from Kenya
2026.1561,2026-02-25,Egypt,Austria,Weinblätter /// grape leaves,fruits and vegetables,Spirotetramat  unauthorised substance - {pesticide residues} *** bifenthrin   - {pesticide residues} *** carbendazim  unauthorised substance - {pesticide residues} *** chlorfenapyr  unauthorised substance - {pesticide residues} *** chlorpyrifos  unauthorised substance - {pesticide residues} *** cyfluthrin   - {pesticide residues} *** dimethomorph   - {pesticide residues} *** fenbuconazole unauthorised substance - {pesticide residues} *** flusilazole   - {pesticide residues} *** imidacloprid   - {pesticide residues} *** lufenuron   - {pesticide residues} *** prochloraz   - {pesticide residues} *** propiconazole   - {pesticide residues} *** teflubenzuron   - {pesticide residues} *** thiamethoxam   - {pesticide residues},Spirotetramat,True,information notification for follow-up,official control on the market,potentially serious,no distribution from notifying country,"Unauthorised pesticides in grape leaves from Egypt, via Germany"
2026.1561,2026-02-25,Egypt,Austria,Weinblätter /// grape leaves,fruits and vegetables,Spirotetramat  unauthorised substance - {pesticide residues} *** bifenthrin   - {pesticide residues} *** carbendazim  unauthorised substance - {pesticide residues} *** chlorfenapyr  unauthorised substance - {pesticide residues} *** chlorpyrifos  unauthorised substance - {pesticide residues} *** cyfluthrin   - {pesticide residues} *** dimethomorph   - {pesticide residues} *** fenbuconazole unauthorised substance - {pesticide residues} *** flusilazole   - {pesticide residues} *** imidacloprid   - {pesticide residues} *** lufenuron   - {pesticide residues} *** prochloraz   - {pesticide residues} *** propiconazole   - {pesticide residues} *** teflubenzuron   - {pesticide residues} *** thiamethoxam   - {pesticide residues},bifenthrin,False,information notification for follow-up,official control on the market,potentially serious,no distribution from notifying country,"Unauthorised pesticides in grape leaves from Egypt, via Germany"
2026.1561,2026-02-25,Egypt,Austria,Weinblätter /// grape leaves,fruits and vegetables,Spirotetramat  unauthorised substance - {pesticide residues} *** bifenthrin   - {pesticide residues} *** carbendazim  unauthorised substance - {pesticide residues} *** chlorfenapyr  unauthorised substance - {pesticide residues} *** chlorpyrifos  unauthorised substance - {pesticide residues} *** cyfluthrin   - {pesticide residues} *** dimethomorph   - {pesticide residues} *** fenbuconazole unauthorised substance - {pesticide residues} *** flusilazole   - {pesticide residues} *** imidacloprid   - {pesticide residues} *** lufenuron   - {pesticide residues} *** prochloraz   - {pesticide residues} *** propiconazole   - {pesticide residues} *** teflubenzuron   - {pesticide residues} *** thiamethoxam   - {pesticide residues},carbendazim,True,information notification for follow-up,official control on the market,potentially serious,no distribution from notifying country,"Unauthorised pesticides in grape leaves from Egypt, via Germany"
2026.1561,2026-02-25,Egypt,Austria,Weinblätter /// grape leaves,fruits and vegetables,Spirotetramat  unauthorised substance - {pesticide residues} *** bifenthrin   - {pesticide residues} *** carbendazim  unauthorised substance - {pesticide residues} *** chlorfenapyr  unauthorised substance - {pesticide residues} *** chlorpyrifos  unauthorised substance - {pesticide residues} *** cyfluthrin   - {pesticide residues} *** dimethomorph   - {pesticide residues} *** fenbuconazole unauthorised substance - {pesticide residues} *** flusilazole   - {pesticide residues} *** imidacloprid   - {pesticide residues} *** lufenuron   - {pesticide residues} *** prochloraz   - {pesticide residues} *** propiconazole   - {pesticide residues} *** teflubenzuron   - {pesticide residues} *** thiamethoxam   - {pesticide residues},chlorfenapyr,True,information notification for follow-up,official control on the market,potentially serious,no distribution from notifying country,"Unauthorised pesticides in grape leaves from Egypt, via Germany"
2026.1561,2026-02-25,Egypt,Austria,Weinblätter /// grape leaves,fruits and vegetables,Spirotetramat  unauthorised substance - {pesticide residues} *** bifenthrin   - {pesticide residues} *** carbendazim  unauthorised substance - {pesticide residues} *** chlorfenapyr  unauthorised substance - {pesticide residues} *** chlorpyrifos  unauthorised substance - {pesticide residues} *** cyfluthrin   - {pesticide residues} *** dimethomorph   - {pesticide residues} *** fenbuconazole unauthorised substance - {pesticide residues} *** flusilazole   - {pesticide residues} *** imidacloprid   - {pesticide residues} *** lufenuron   - {pesticide residues} *** prochloraz   - {pesticide residues} *** propiconazole   - {pesticide residues} *** teflubenzuron   - {pesticide residues} *** thiamethoxam   - {pesticide residues},chlorpyrifos,True,information notification for follow-up,official control on the market,potentially serious,no distribution from notifying country,"Unauthorised pesticides in grape leaves from Egypt, via Germany"
2026.1561,2026-02-25,Egypt,Austria,Weinblätter /// grape leaves,fruits and vegetables,Spirotetramat  unauthorised substance - {pesticide residues} *** bifenthrin   - {pesticide residues} *** carbendazim  unauthorised substance - {pesticide residues} *** chlorfenapyr  unauthorised substance - {pesticide residues} *** chlorpyrifos  unauthorised substance - {pesticide residues} *** cyfluthrin   - {pesticide residues} *** dimethomorph   - {pesticide residues} *** fenbuconazole unauthorised substance - {pesticide residues} *** flusilazole   - {pesticide residues} *** imidacloprid   - {pesticide residues} *** lufenuron   - {pesticide residues} *** prochloraz   - {pesticide residues} *** propiconazole   - {pesticide residues} *** teflubenzuron   - {pesticide residues} *** thiamethoxam   - {pesticide residues},cyfluthrin,False,information notification for follow-up,official control on the market,potentially serious,no distribution from notifying country,"Unauthorised pesticides in grape leaves from Egypt, via Germany"
2026.1561,2026-02-25,Egypt,Austria,Weinblätter /// grape leaves,fruits and vegetables,Spirotetramat  unauthorised substance - {pesticide residues} *** bifenthrin   - {pesticide residues} *** carbendazim  unauthorised substance - {pesticide residues} *** chlorfenapyr  unauthorised substance - {pesticide residues} *** chlorpyrifos  unauthorised substance - {pesticide residues} *** cyfluthrin   - {pesticide residues} *** dimethomorph   - {pesticide residues} *** fenbuconazole unauthorised substance - {pesticide residues} *** flusilazole   - {pesticide residues} *** imidacloprid   - {pesticide residues} *** lufenuron   - {pesticide residues} *** prochloraz   - {pesticide residues} *** propiconazole   - {pesticide residues} *** teflubenzuron   - {pesticide residues} *** thiamethoxam   - {pesticide residues},dimethomorph,False,information notification for follow-up,official control on the market,potentially serious,no distribution from notifying country,"Unauthorised pesticides in grape leaves from Egypt, via Germany"
2026.1561,2026-02-25,Egypt,Austria,Weinblätter /// grape leaves,fruits and vegetables,Spirotetramat  unauthorised substance - {pesticide residues} *** bifenthrin   - {pesticide residues} *** carbendazim  unauthorised substance - {pesticide residues} *** chlorfenapyr  unauthorised substance - {pesticide residues} *** chlorpyrifos  unauthorised substance - {pesticide residues} *** cyfluthrin   - {pesticide residues} *** dimethomorph   - {pesticide residues} *** fenbuconazole unauthorised substance - {pesticide residues} *** flusilazole   - {pesticide residues} *** imidacloprid   - {pesticide residues} *** lufenuron   - {pesticide residues} *** prochloraz   - {pesticide residues} *** propiconazole   - {pesticide residues} *** teflubenzuron   - {pesticide residues} *** thiamethoxam   - {pesticide residues},fenbuconazole,True,information notification for follow-up,official control on the market,potentially serious,no distribution from notifying country,"Unauthorised pesticides in grape leaves from Egypt, via Germany"
2026.1561,2026-02-25,Egypt,Austria,Weinblätter /// grape leaves,fruits and vegetables,Spirotetramat  unauthorised substance - {pesticide residues} *** bifenthrin   - {pesticide residues} *** carbendazim  unauthorised substance - {pesticide residues} *** chlorfenapyr  unauthorised substance - {pesticide residues} *** chlorpyrifos  unauthorised substance - {pesticide residues} *** cyfluthrin   - {pesticide residues} *** dimethomorph   - {pesticide residues} *** fenbuconazole unauthorised substance - {pesticide residues} *** flusilazole   - {pesticide residues} *** imidacloprid   - {pesticide residues} *** lufenuron   - {pesticide residues} *** prochloraz   - {pesticide residues} *** propiconazole   - {pesticide residues} *** teflubenzuron   - {pesticide residues} *** thiamethoxam   - {pesticide residues},flusilazole,False,information notification for follow-up,official control on the market,potentially serious,no distribution from notifying country,"Unauthorised pesticides in grape leaves from Egypt, via Germany"
2026.1561,2026-02-25,Egypt,Austria,Weinblätter /// grape leaves,fruits and vegetables,Spirotetramat  unauthorised substance - {pesticide residues} *** bifenthrin   - {pesticide residues} *** carbendazim  unauthorised substance - {pesticide residues} *** chlorfenapyr  unauthorised substance - {pesticide residues} *** chlorpyrifos  unauthorised substance - {pesticide residues} *** cyfluthrin   - {pesticide residues} *** dimethomorph   - {pesticide residues} *** fenbuconazole unauthorised substance - {pesticide residues} *** flusilazole   - {pesticide residues} *** imidacloprid   - {pesticide residues} *** lufenuron   - {pesticide residues} *** prochloraz   - {pesticide residues} *** propiconazole   - {pesticide residues} *** teflubenzuron   - {pesticide residues} *** thiamethoxam   - {pesticide residues},imidacloprid,False,information notification for follow-up,official control on the market,potentially serious,no distribution from notifying country,"Unauthorised pesticides in grape leaves from Egypt, via Germany"
2026.1561,2026-02-25,Egypt,Austria,Weinblätter /// grape leaves,fruits and vegetables,Spirotetramat  unauthorised substance - {pesticide residues} *** bifenthrin   - {pesticide residues} *** carbendazim  unauthorised substance - {pesticide residues} *** chlorfenapyr  unauthorised substance - {pesticide residues} *** chlorpyrifos  unauthorised substance - {pesticide residues} *** cyfluthrin   - {pesticide residues} *** dimethomorph   - {pesticide residues} *** fenbuconazole unauthorised substance - {pesticide residues} *** flusilazole   - {pesticide residues} *** imidacloprid   - {pesticide residues} *** lufenuron   - {pesticide residues} *** prochloraz   - {pesticide residues} *** propiconazole   - {pesticide residues} *** teflubenzuron   - {pesticide residues} *** thiamethoxam   - {pesticide residues},lufenuron,False,information notification for follow-up,official control on the market,potentially serious,no distribution from notifying country,"Unauthorised pesticides in grape leaves from Egypt, via Germany"
2026.1561,2026-02-25,Egypt,Austria,Weinblätter /// grape leaves,fruits and vegetables,Spirotetramat  unauthorised substance - {pesticide residues} *** bifenthrin   - {pesticide residues} *** carbendazim  unauthorised substance - {pesticide residues} *** chlorfenapyr  unauthorised substance - {pesticide residues} *** chlorpyrifos  unauthorised substance - {pesticide residues} *** cyfluthrin   - {pesticide residues} *** dimethomorph   - {pesticide residues} *** fenbuconazole unauthorised substance - {pesticide residues} *** flusilazole   - {pesticide residues} *** imidacloprid   - {pesticide residues} *** lufenuron   - {pesticide residues} *** prochloraz   - {pesticide residues} *** propiconazole   - {pesticide residues} *** teflubenzuron   - {pesticide residues} *** thiamethoxam   - {pesticide residues},prochloraz,False,information notification for follow-up,official control on the market,potentially serious,no distribution from notifying country,"Unauthorised pesticides in grape leaves from Egypt, via Germany"
2026.1561,2026-02-25,Egypt,Austria,Weinblätter /// grape leaves,fruits and vegetables,Spirotetramat  unauthorised substance - {pesticide residues} *** bifenthrin   - {pesticide residues} *** carbendazim  unauthorised substance - {pesticide residues} *** chlorfenapyr  unauthorised substance - {pesticide residues} *** chlorpyrifos  unauthorised substance - {pesticide residues} *** cyfluthrin   - {pesticide residues} *** dimethomorph   - {pesticide residues} *** fenbuconazole unauthorised substance - {pesticide residues} *** flusilazole   - {pesticide residues} *** imidacloprid   - {pesticide residues} *** lufenuron   - {pesticide residues} *** prochloraz   - {pesticide residues} *** propiconazole   - {pesticide residues} *** teflubenzuron   - {pesticide residues} *** thiamethoxam   - {pesticide residues},propiconazole,False,information notification for follow-up,official control on the market,potentially serious,no distribution from notifying country,"Unauthorised pesticides in grape leaves from Egypt, via Germany"
2026.1561,2026-02-25,Egypt,Austria,Weinblätter /// grape leaves,fruits and vegetables,Spirotetramat  unauthorised substance - {pesticide residues} *** bifenthrin   - {pesticide residues} *** carbendazim  unauthorised substance - {pesticide residues} *** chlorfenapyr  unauthorised substance - {pesticide residues} *** chlorpyrifos  unauthorised substance - {pesticide residues} *** cyfluthrin   - {pesticide residues} *** dimethomorph   - {pesticide residues} *** fenbuconazole unauthorised substance - {pesticide residues} *** flusilazole   - {pesticide residues} *** imidacloprid   - {pesticide residues} *** lufenuron   - {pesticide residues} *** prochloraz   - {pesticide residues} *** propiconazole   - {pesticide residues} *** teflubenzuron   - {pesticide residues} *** thiamethoxam   - {pesticide residues},teflubenzuron,False,information notification for follow-up,official control on the market,potentially serious,no distribution from notifying country,"Unauthorised pesticides in grape leaves from Egypt, via Germany"
2026.1561,2026-02-25,Egypt,Austria,Weinblätter /// grape leaves,fruits and vegetables,Spirotetramat  unauthorised substance - {pesticide residues} *** bifenthrin   - {pesticide residues} *** carbendazim  unauthorised substance - {pesticide residues} *** chlorfenapyr  unauthorised substance - {pesticide residues} *** chlorpyrifos  unauthorised substance - {pesticide residues} *** cyfluthrin   - {pesticide residues} *** dimethomorph   - {pesticide residues} *** fenbuconazole unauthorised substance - {pesticide residues} *** flusilazole   - {pesticide residues} *** imidacloprid   - {pesticide residues} *** lufenuron   - {pesticide residues} *** prochloraz   - {pesticide residues} *** propiconazole   - {pesticide residues} *** teflubenzuron   - {pesticide residues} *** thiamethoxam   - {pesticide residues},thiamethoxam,False,information notification for follow-up,official control on the market,potentially serious,no distribution from notifying country,"Unauthorised pesticides in grape leaves from Egypt, via Germany"
2026.1548,2026-02-25,Egypt,Greece,Fresh oranges,fruits and vegetables,chlorpyrifos  unauthorised substance - {pesticide residues},chlorpyrifos,True,border rejection notification,border control - consignment detained,serious,product not (yet) placed on the market,Chlorpyrifos in fresh oranges from Egypt
2026.1563,2026-02-25,India,France,Bottle Gourd,fruits and vegetables,acephate  unauthorised substance - {pesticide residues},acephate,True,border rejection notification,border control - consignment detained,not serious,product not (yet) placed on the market,Acephate in bottle gourds from Kenya
2026.1508,2026-02-24,Egypt,Croatia,Potatoes,fruits and vegetables,fenamiphos   - {pesticide residues},fenamiphos,False,border rejection notification,border control - consignment detained,serious,product allowed to travel to destination under customs seals,Fenamiphos in potatoes from Egypt
2026.1511,2026-02-24,Türkiye,Bulgaria,Pomegranates,fruits and vegetables,imazalil   - {pesticide residues} *** prochloraz   - {pesticide residues},imazalil,False,border rejection notification,border control - consignment detained,serious,product not (yet) placed on the market,Imazalil and Prochloraz in pomegranate from Türkiye
2026.1511,2026-02-24,Türkiye,Bulgaria,Pomegranates,fruits and vegetables,imazalil   - {pesticide residues} *** prochloraz   - {pesticide residues},prochloraz,False,border rejection notification,border control - consignment detained,serious,product not (yet) placed on the market,Imazalil and Prochloraz in pomegranate from Türkiye
2026.1537,2026-02-24,Kenya,France,Green beans,fruits and vegetables,hexaconazole  unauthorised substance - {pesticide residues},hexaconazole,True,border rejection notification,border control - consignment detained,not serious,product not (yet) placed on the market,Hexaconazole in green beans from Kenya
2026.1485,2026-02-23,Egypt,Croatia,Fresh potatoes,fruits and vegetables,imidacloprid   - {pesticide residues},imidacloprid,False,border rejection notification,border control - consignment detained,no risk,product allowed to travel to destination under customs seals,Imidacloprid in potatoes from Egypt
2026.1490,2026-02-23,Egypt,Romania,portocale/oranges,fruits and vegetables,chlorpyrifos  unauthorised substance - {pesticide residues},chlorpyrifos,True,information notification for attention,official control on the market,serious,distribution restricted to notifying country,Depasirea limitei maxime admise pentru clorpirifos in portocale origine Egipt/Exceeding the maximum permitted limit for Chlorpyrifos in oranges originating in Egipt
2026.1470,2026-02-23,Türkiye,Bulgaria,Pomegranates,fruits and vegetables,imazalil   - {pesticide residues} *** prochloraz   - {pesticide residues},imazalil,False,border rejection notification,border control - consignment detained,serious,product not (yet) placed on the market,Prochloraz and Imazalil on fresh pomegranate from Türkiye
2026.1470,2026-02-23,Türkiye,Bulgaria,Pomegranates,fruits and vegetables,imazalil   - {pesticide residues} *** prochloraz   - {pesticide residues},prochloraz,False,border rejection notification,border control - consignment detained,serious,product not (yet) placed on the market,Prochloraz and Imazalil on fresh pomegranate from Türkiye
2026.1426,2026-02-20,Türkiye,Bulgaria,Other,fruits and vegetables,chlorpyrifos-methyl  unauthorised substance - {pesticide residues},chlorpyrifos-methyl,True,border rejection notification,border control - consignment detained,serious,product not (yet) placed on the market,chlorpyrifos-methyl in fresh mandarin from Türkiye
2026.1421,2026-02-19,Türkiye,Italy, vine leaves ,fruits and vegetables,dithiocarbamates   - {pesticide residues} *** pyraclostrobin   - {pesticide residues},dithiocarbamates,False,border rejection notification,border control - consignment detained,potentially serious,product not (yet) placed on the market,dithicarbamates and pyraclostrobin in vine leaves from Türkiye
2026.1421,2026-02-19,Türkiye,Italy, vine leaves ,fruits and vegetables,dithiocarbamates   - {pesticide residues} *** pyraclostrobin   - {pesticide residues},pyraclostrobin,False,border rejection notification,border control - consignment detained,potentially serious,product not (yet) placed on the market,dithicarbamates and pyraclostrobin in vine leaves from Türkiye
2026.1248,2026-02-16,Türkiye,Bulgaria,Sweet peppers,fruits and vegetables,formetanate   - {pesticide residues},formetanate,False,border rejection notification,border control - consignment detained,serious,product not (yet) placed on the market,Formetanate in fresh peppers from Türkiye
2026.1215,2026-02-13,Türkiye,Austria,Melanzani // Eggplant,fruits and vegetables,indoxacarb   - {pesticide residues},indoxacarb,False,information notification for attention,official control on the market,potential risk,distribution restricted to notifying country,Unauthorised pesticide indoxacarbe in eggplants from Türkiye
2026.1202,2026-02-13,Türkiye,Netherlands,Vine leaves,fruits and vegetables,dimethomorph   - {pesticide residues},dimethomorph,False,border rejection notification,border control - consignment detained,not serious,product not (yet) placed on the market,dimethomorph in Turkish grape leaves
2026.1146,2026-02-11,Türkiye,Germany,locust beans,fruits and vegetables,acetamiprid   - {pesticide residues},acetamiprid,False,information notification for attention,official control on the market,potential risk,distribution restricted to notifying country,Acetamiprid in locust beans from Turkey
2026.1107,2026-02-11,India,Sweden,Okra,fruits and vegetables,acephate  unauthorised substance - {pesticide residues},acephate,True,border rejection notification,border control - consignment detained,potentially serious,product not (yet) placed on the market,Pesticides in okra from India
2026.1038,2026-02-09,Egypt,Italy,Pitted black olives,fruits and vegetables,chlorpyrifos  unauthorised substance - {pesticide residues},chlorpyrifos,True,border rejection notification,border control - consignment detained,potentially serious,product not (yet) placed on the market,Chlorpyriphos pesticide residues in black olives from Egypt
2026.0958,2026-02-05,Türkiye,Bulgaria,fresh tomatoes,fruits and vegetables,indoxacarb   - {pesticide residues},indoxacarb,False,border rejection notification,border control - consignment detained,serious,product not (yet) placed on the market,Indoxacarb in fresh tomatoes from Türkiye
2026.0962,2026-02-05,Kenya,Sweden,Peppers (other than sweet) (Capsicum spp.),fruits and vegetables,carbendazim   - {pesticide residues},carbendazim,False,border rejection notification,border control - consignment detained,potentially serious,product not (yet) placed on the market,Pesticides in fresh chili
2026.0950,2026-02-04,Morocco,Spain,Pimiento picante fresco (Capsicum annuum)/Fresh hot pepper (Capsicum annuum),fruits and vegetables,fenazaquin   - {pesticide residues} *** flonicamid   - {pesticide residues} *** formetanate   - {pesticide residues},fenazaquin,False,information notification for attention,border control - consignment released,serious,distribution restricted to notifying country,"Plaguicidas (fenazaquina, formetanato y flonicamida suma) en pimientos picantes procedentes de Marruecos/Pesticides (fenazaquin, formetanate and flonicamid)) in hot peppers from Morocco."
2026.0950,2026-02-04,Morocco,Spain,Pimiento picante fresco (Capsicum annuum)/Fresh hot pepper (Capsicum annuum),fruits and vegetables,fenazaquin   - {pesticide residues} *** flonicamid   - {pesticide residues} *** formetanate   - {pesticide residues},flonicamid,False,information notification for attention,border control - consignment released,serious,distribution restricted to notifying country,"Plaguicidas (fenazaquina, formetanato y flonicamida suma) en pimientos picantes procedentes de Marruecos/Pesticides (fenazaquin, formetanate and flonicamid)) in hot peppers from Morocco."
2026.0950,2026-02-04,Morocco,Spain,Pimiento picante fresco (Capsicum annuum)/Fresh hot pepper (Capsicum annuum),fruits and vegetables,fenazaquin   - {pesticide residues} *** flonicamid   - {pesticide residues} *** formetanate   - {pesticide residues},formetanate,False,information notification for attention,border control - consignment released,serious,distribution restricted to notifying country,"Plaguicidas (fenazaquina, formetanato y flonicamida suma) en pimientos picantes procedentes de Marruecos/Pesticides (fenazaquin, formetanate and flonicamid)) in hot peppers from Morocco."
2026.0889,2026-02-03,Egypt,Slovenia,fresh oranges,fruits and vegetables,chlorpyrifos  unauthorised substance - {pesticide residues},chlorpyrifos,True,border rejection notification,border control - consignment detained,potentially serious,product not (yet) placed on the market,Unauthorised substance chlorpyriphos in oranges from Egypt
2026.0727,2026-01-29,Egypt,Italy,Table olives,fruits and vegetables,chlorpyrifos  unauthorised substance - {pesticide residues},chlorpyrifos,True,border rejection notification,border control - consignment detained,potentially serious,product not (yet) placed on the market,Table olives
2026.0701,2026-01-28,Morocco,Spain,Apio de campo/chirivía fresca (Pastinaca sativa) / Fresh parsnip (Pastinaca sativa),fruits and vegetables,chlorpyrifos  unauthorised substance - {pesticide residues} *** dithiocarbamates   - {pesticide residues},chlorpyrifos,True,alert notification,border control - consignment released,serious,distribution to other member countries,Plaguicidas (clorpirifos y ditiocarbamatos) en chirivías procedentes de Marruecos/Pesticides (chlorpyrifos and dithiocarbamates) in parsnips from Morocco.
2026.0701,2026-01-28,Morocco,Spain,Apio de campo/chirivía fresca (Pastinaca sativa) / Fresh parsnip (Pastinaca sativa),fruits and vegetables,chlorpyrifos  unauthorised substance - {pesticide residues} *** dithiocarbamates   - {pesticide residues},dithiocarbamates,False,alert notification,border control - consignment released,serious,distribution to other member countries,Plaguicidas (clorpirifos y ditiocarbamatos) en chirivías procedentes de Marruecos/Pesticides (chlorpyrifos and dithiocarbamates) in parsnips from Morocco.
2026.0642,2026-01-27,Egypt,Poland,TRUSKAWKI MROŻONE /// FROZEN STRAWBERRIES,fruits and vegetables,oxamyl  unauthorised substance - {pesticide residues},oxamyl,True,border rejection notification,border control - consignment detained,serious,product not (yet) placed on the market,Oxamyl in frozen strawberries from Egypt
2026.0556,2026-01-23,India,Switzerland,Okra,fruits and vegetables,flonicamid   - {pesticide residues},flonicamid,False,border rejection notification,border control - consignment detained,potential risk,product not (yet) placed on the market,High results for pesticides for okra from India
2026.0558,2026-01-23,India,Switzerland,Guavas (guajava L.),fruits and vegetables,clothianidin   - {pesticide residues} *** fluopyram   - {pesticide residues} *** thiamethoxam   - {pesticide residues},clothianidin,False,border rejection notification,border control - consignment detained,potential risk,product not (yet) placed on the market,High results for pesticides for Guavas from India.
2026.0558,2026-01-23,India,Switzerland,Guavas (guajava L.),fruits and vegetables,clothianidin   - {pesticide residues} *** fluopyram   - {pesticide residues} *** thiamethoxam   - {pesticide residues},fluopyram,False,border rejection notification,border control - consignment detained,potential risk,product not (yet) placed on the market,High results for pesticides for Guavas from India.
2026.0558,2026-01-23,India,Switzerland,Guavas (guajava L.),fruits and vegetables,clothianidin   - {pesticide residues} *** fluopyram   - {pesticide residues} *** thiamethoxam   - {pesticide residues},thiamethoxam,False,border rejection notification,border control - consignment detained,potential risk,product not (yet) placed on the market,High results for pesticides for Guavas from India.
2026.0510,2026-01-22,Egypt,Slovenia,Sweet peppers,fruits and vegetables,picoxystrobin   unauthorised substance - {pesticide residues},picoxystrobin,True,border rejection notification,border control - consignment detained,potential risk,product not (yet) placed on the market,Pycoxistrobin in peppers from Egypt
2026.0539,2026-01-22,Egypt,Italy,Orange,fruits and vegetables,chlorpropham   - {pesticide residues},chlorpropham,False,border rejection notification,border control - consignment detained,potential risk,product not (yet) placed on the market,Chlorpropham in Orange from Egypt
2026.0505,2026-01-21,Egypt,France,Sweet peppers,fruits and vegetables,acetamiprid   - {pesticide residues} *** chlorfenapyr  unauthorised substance - {pesticide residues} *** chlorpyrifos  unauthorised substance - {pesticide residues},acetamiprid,False,border rejection notification,border control - consignment detained,serious,product not (yet) placed on the market,"Chlorfenapyr, chlorpyrifos and acetamiprid in sweet peppers from Egypt"
2026.0505,2026-01-21,Egypt,France,Sweet peppers,fruits and vegetables,acetamiprid   - {pesticide residues} *** chlorfenapyr  unauthorised substance - {pesticide residues} *** chlorpyrifos  unauthorised substance - {pesticide residues},chlorfenapyr,True,border rejection notification,border control - consignment detained,serious,product not (yet) placed on the market,"Chlorfenapyr, chlorpyrifos and acetamiprid in sweet peppers from Egypt"
2026.0505,2026-01-21,Egypt,France,Sweet peppers,fruits and vegetables,acetamiprid   - {pesticide residues} *** chlorfenapyr  unauthorised substance - {pesticide residues} *** chlorpyrifos  unauthorised substance - {pesticide residues},chlorpyrifos,True,border rejection notification,border control - consignment detained,serious,product not (yet) placed on the market,"Chlorfenapyr, chlorpyrifos and acetamiprid in sweet peppers from Egypt"
2026.0451,2026-01-20,Egypt,Belgium,Vine leaves,fruits and vegetables,abamectin  unauthorised - {pesticide residues} *** acetamiprid   - {pesticide residues} *** boscalid   - {pesticide residues} *** chlorfenapyr  unauthorised substance - {pesticide residues} *** chlorpyrifos  unauthorised substance - {pesticide residues} *** difenoconazole   - {pesticide residues} *** emamectin   - {pesticide residues} *** imidacloprid   - {pesticide residues} *** propiconazole   - {pesticide residues} *** pyraclostrobin   - {pesticide residues} *** spirodiclofen unauthorised substance - {pesticide residues},abamectin,True,border rejection notification,border control - consignment detained,serious,product not (yet) placed on the market,Pesticides residues in vine leaves from Egypt
2026.0451,2026-01-20,Egypt,Belgium,Vine leaves,fruits and vegetables,abamectin  unauthorised - {pesticide residues} *** acetamiprid   - {pesticide residues} *** boscalid   - {pesticide residues} *** chlorfenapyr  unauthorised substance - {pesticide residues} *** chlorpyrifos  unauthorised substance - {pesticide residues} *** difenoconazole   - {pesticide residues} *** emamectin   - {pesticide residues} *** imidacloprid   - {pesticide residues} *** propiconazole   - {pesticide residues} *** pyraclostrobin   - {pesticide residues} *** spirodiclofen unauthorised substance - {pesticide residues},acetamiprid,False,border rejection notification,border control - consignment detained,serious,product not (yet) placed on the market,Pesticides residues in vine leaves from Egypt
2026.0451,2026-01-20,Egypt,Belgium,Vine leaves,fruits and vegetables,abamectin  unauthorised - {pesticide residues} *** acetamiprid   - {pesticide residues} *** boscalid   - {pesticide residues} *** chlorfenapyr  unauthorised substance - {pesticide residues} *** chlorpyrifos  unauthorised substance - {pesticide residues} *** difenoconazole   - {pesticide residues} *** emamectin   - {pesticide residues} *** imidacloprid   - {pesticide residues} *** propiconazole   - {pesticide residues} *** pyraclostrobin   - {pesticide residues} *** spirodiclofen unauthorised substance - {pesticide residues},boscalid,False,border rejection notification,border control - consignment detained,serious,product not (yet) placed on the market,Pesticides residues in vine leaves from Egypt
2026.0451,2026-01-20,Egypt,Belgium,Vine leaves,fruits and vegetables,abamectin  unauthorised - {pesticide residues} *** acetamiprid   - {pesticide residues} *** boscalid   - {pesticide residues} *** chlorfenapyr  unauthorised substance - {pesticide residues} *** chlorpyrifos  unauthorised substance - {pesticide residues} *** difenoconazole   - {pesticide residues} *** emamectin   - {pesticide residues} *** imidacloprid   - {pesticide residues} *** propiconazole   - {pesticide residues} *** pyraclostrobin   - {pesticide residues} *** spirodiclofen unauthorised substance - {pesticide residues},chlorfenapyr,True,border rejection notification,border control - consignment detained,serious,product not (yet) placed on the market,Pesticides residues in vine leaves from Egypt
2026.0451,2026-01-20,Egypt,Belgium,Vine leaves,fruits and vegetables,abamectin  unauthorised - {pesticide residues} *** acetamiprid   - {pesticide residues} *** boscalid   - {pesticide residues} *** chlorfenapyr  unauthorised substance - {pesticide residues} *** chlorpyrifos  unauthorised substance - {pesticide residues} *** difenoconazole   - {pesticide residues} *** emamectin   - {pesticide residues} *** imidacloprid   - {pesticide residues} *** propiconazole   - {pesticide residues} *** pyraclostrobin   - {pesticide residues} *** spirodiclofen unauthorised substance - {pesticide residues},chlorpyrifos,True,border rejection notification,border control - consignment detained,serious,product not (yet) placed on the market,Pesticides residues in vine leaves from Egypt
2026.0451,2026-01-20,Egypt,Belgium,Vine leaves,fruits and vegetables,abamectin  unauthorised - {pesticide residues} *** acetamiprid   - {pesticide residues} *** boscalid   - {pesticide residues} *** chlorfenapyr  unauthorised substance - {pesticide residues} *** chlorpyrifos  unauthorised substance - {pesticide residues} *** difenoconazole   - {pesticide residues} *** emamectin   - {pesticide residues} *** imidacloprid   - {pesticide residues} *** propiconazole   - {pesticide residues} *** pyraclostrobin   - {pesticide residues} *** spirodiclofen unauthorised substance - {pesticide residues},difenoconazole,False,border rejection notification,border control - consignment detained,serious,product not (yet) placed on the market,Pesticides residues in vine leaves from Egypt
2026.0451,2026-01-20,Egypt,Belgium,Vine leaves,fruits and vegetables,abamectin  unauthorised - {pesticide residues} *** acetamiprid   - {pesticide residues} *** boscalid   - {pesticide residues} *** chlorfenapyr  unauthorised substance - {pesticide residues} *** chlorpyrifos  unauthorised substance - {pesticide residues} *** difenoconazole   - {pesticide residues} *** emamectin   - {pesticide residues} *** imidacloprid   - {pesticide residues} *** propiconazole   - {pesticide residues} *** pyraclostrobin   - {pesticide residues} *** spirodiclofen unauthorised substance - {pesticide residues},emamectin,False,border rejection notification,border control - consignment detained,serious,product not (yet) placed on the market,Pesticides residues in vine leaves from Egypt
2026.0451,2026-01-20,Egypt,Belgium,Vine leaves,fruits and vegetables,abamectin  unauthorised - {pesticide residues} *** acetamiprid   - {pesticide residues} *** boscalid   - {pesticide residues} *** chlorfenapyr  unauthorised substance - {pesticide residues} *** chlorpyrifos  unauthorised substance - {pesticide residues} *** difenoconazole   - {pesticide residues} *** emamectin   - {pesticide residues} *** imidacloprid   - {pesticide residues} *** propiconazole   - {pesticide residues} *** pyraclostrobin   - {pesticide residues} *** spirodiclofen unauthorised substance - {pesticide residues},imidacloprid,False,border rejection notification,border control - consignment detained,serious,product not (yet) placed on the market,Pesticides residues in vine leaves from Egypt
2026.0451,2026-01-20,Egypt,Belgium,Vine leaves,fruits and vegetables,abamectin  unauthorised - {pesticide residues} *** acetamiprid   - {pesticide residues} *** boscalid   - {pesticide residues} *** chlorfenapyr  unauthorised substance - {pesticide residues} *** chlorpyrifos  unauthorised substance - {pesticide residues} *** difenoconazole   - {pesticide residues} *** emamectin   - {pesticide residues} *** imidacloprid   - {pesticide residues} *** propiconazole   - {pesticide residues} *** pyraclostrobin   - {pesticide residues} *** spirodiclofen unauthorised substance - {pesticide residues},propiconazole,False,border rejection notification,border control - consignment detained,serious,product not (yet) placed on the market,Pesticides residues in vine leaves from Egypt
2026.0451,2026-01-20,Egypt,Belgium,Vine leaves,fruits and vegetables,abamectin  unauthorised - {pesticide residues} *** acetamiprid   - {pesticide residues} *** boscalid   - {pesticide residues} *** chlorfenapyr  unauthorised substance - {pesticide residues} *** chlorpyrifos  unauthorised substance - {pesticide residues} *** difenoconazole   - {pesticide residues} *** emamectin   - {pesticide residues} *** imidacloprid   - {pesticide residues} *** propiconazole   - {pesticide residues} *** pyraclostrobin   - {pesticide residues} *** spirodiclofen unauthorised substance - {pesticide residues},pyraclostrobin,False,border rejection notification,border control - consignment detained,serious,product not (yet) placed on the market,Pesticides residues in vine leaves from Egypt
2026.0451,2026-01-20,Egypt,Belgium,Vine leaves,fruits and vegetables,abamectin  unauthorised - {pesticide residues} *** acetamiprid   - {pesticide residues} *** boscalid   - {pesticide residues} *** chlorfenapyr  unauthorised substance - {pesticide residues} *** chlorpyrifos  unauthorised substance - {pesticide residues} *** difenoconazole   - {pesticide residues} *** emamectin   - {pesticide residues} *** imidacloprid   - {pesticide residues} *** propiconazole   - {pesticide residues} *** pyraclostrobin   - {pesticide residues} *** spirodiclofen unauthorised substance - {pesticide residues},spirodiclofen,True,border rejection notification,border control - consignment detained,serious,product not (yet) placed on the market,Pesticides residues in vine leaves from Egypt
2026.0450,2026-01-20,Egypt,Belgium,Vine leaves,fruits and vegetables,Azoxystrobin   - {pesticide residues} *** acetamiprid   - {pesticide residues} *** boscalid   - {pesticide residues} *** carbendazim  unauthorised substance - {pesticide residues} *** chlorpyrifos  unauthorised substance - {pesticide residues} *** flusilazole   - {pesticide residues} *** imidacloprid   - {pesticide residues} *** lambda-cyhalothrin   - {pesticide residues} *** lufenuron   - {pesticide residues} *** prochloraz   - {pesticide residues} *** pyriproxyfen    - {pesticide residues} *** tebuconazole   - {pesticide residues} *** thiamethoxam   - {pesticide residues} *** thiophanate-methyl   - {pesticide residues},Azoxystrobin,False,border rejection notification,border control - consignment detained,serious,product not (yet) placed on the market,Pesticides residues in vine leaves from Egypt
2026.0450,2026-01-20,Egypt,Belgium,Vine leaves,fruits and vegetables,Azoxystrobin   - {pesticide residues} *** acetamiprid   - {pesticide residues} *** boscalid   - {pesticide residues} *** carbendazim  unauthorised substance - {pesticide residues} *** chlorpyrifos  unauthorised substance - {pesticide residues} *** flusilazole   - {pesticide residues} *** imidacloprid   - {pesticide residues} *** lambda-cyhalothrin   - {pesticide residues} *** lufenuron   - {pesticide residues} *** prochloraz   - {pesticide residues} *** pyriproxyfen    - {pesticide residues} *** tebuconazole   - {pesticide residues} *** thiamethoxam   - {pesticide residues} *** thiophanate-methyl   - {pesticide residues},acetamiprid,False,border rejection notification,border control - consignment detained,serious,product not (yet) placed on the market,Pesticides residues in vine leaves from Egypt
2026.0450,2026-01-20,Egypt,Belgium,Vine leaves,fruits and vegetables,Azoxystrobin   - {pesticide residues} *** acetamiprid   - {pesticide residues} *** boscalid   - {pesticide residues} *** carbendazim  unauthorised substance - {pesticide residues} *** chlorpyrifos  unauthorised substance - {pesticide residues} *** flusilazole   - {pesticide residues} *** imidacloprid   - {pesticide residues} *** lambda-cyhalothrin   - {pesticide residues} *** lufenuron   - {pesticide residues} *** prochloraz   - {pesticide residues} *** pyriproxyfen    - {pesticide residues} *** tebuconazole   - {pesticide residues} *** thiamethoxam   - {pesticide residues} *** thiophanate-methyl   - {pesticide residues},boscalid,False,border rejection notification,border control - consignment detained,serious,product not (yet) placed on the market,Pesticides residues in vine leaves from Egypt
2026.0450,2026-01-20,Egypt,Belgium,Vine leaves,fruits and vegetables,Azoxystrobin   - {pesticide residues} *** acetamiprid   - {pesticide residues} *** boscalid   - {pesticide residues} *** carbendazim  unauthorised substance - {pesticide residues} *** chlorpyrifos  unauthorised substance - {pesticide residues} *** flusilazole   - {pesticide residues} *** imidacloprid   - {pesticide residues} *** lambda-cyhalothrin   - {pesticide residues} *** lufenuron   - {pesticide residues} *** prochloraz   - {pesticide residues} *** pyriproxyfen    - {pesticide residues} *** tebuconazole   - {pesticide residues} *** thiamethoxam   - {pesticide residues} *** thiophanate-methyl   - {pesticide residues},carbendazim,True,border rejection notification,border control - consignment detained,serious,product not (yet) placed on the market,Pesticides residues in vine leaves from Egypt
2026.0450,2026-01-20,Egypt,Belgium,Vine leaves,fruits and vegetables,Azoxystrobin   - {pesticide residues} *** acetamiprid   - {pesticide residues} *** boscalid   - {pesticide residues} *** carbendazim  unauthorised substance - {pesticide residues} *** chlorpyrifos  unauthorised substance - {pesticide residues} *** flusilazole   - {pesticide residues} *** imidacloprid   - {pesticide residues} *** lambda-cyhalothrin   - {pesticide residues} *** lufenuron   - {pesticide residues} *** prochloraz   - {pesticide residues} *** pyriproxyfen    - {pesticide residues} *** tebuconazole   - {pesticide residues} *** thiamethoxam   - {pesticide residues} *** thiophanate-methyl   - {pesticide residues},chlorpyrifos,True,border rejection notification,border control - consignment detained,serious,product not (yet) placed on the market,Pesticides residues in vine leaves from Egypt
2026.0450,2026-01-20,Egypt,Belgium,Vine leaves,fruits and vegetables,Azoxystrobin   - {pesticide residues} *** acetamiprid   - {pesticide residues} *** boscalid   - {pesticide residues} *** carbendazim  unauthorised substance - {pesticide residues} *** chlorpyrifos  unauthorised substance - {pesticide residues} *** flusilazole   - {pesticide residues} *** imidacloprid   - {pesticide residues} *** lambda-cyhalothrin   - {pesticide residues} *** lufenuron   - {pesticide residues} *** prochloraz   - {pesticide residues} *** pyriproxyfen    - {pesticide residues} *** tebuconazole   - {pesticide residues} *** thiamethoxam   - {pesticide residues} *** thiophanate-methyl   - {pesticide residues},flusilazole,False,border rejection notification,border control - consignment detained,serious,product not (yet) placed on the market,Pesticides residues in vine leaves from Egypt
2026.0450,2026-01-20,Egypt,Belgium,Vine leaves,fruits and vegetables,Azoxystrobin   - {pesticide residues} *** acetamiprid   - {pesticide residues} *** boscalid   - {pesticide residues} *** carbendazim  unauthorised substance - {pesticide residues} *** chlorpyrifos  unauthorised substance - {pesticide residues} *** flusilazole   - {pesticide residues} *** imidacloprid   - {pesticide residues} *** lambda-cyhalothrin   - {pesticide residues} *** lufenuron   - {pesticide residues} *** prochloraz   - {pesticide residues} *** pyriproxyfen    - {pesticide residues} *** tebuconazole   - {pesticide residues} *** thiamethoxam   - {pesticide residues} *** thiophanate-methyl   - {pesticide residues},imidacloprid,False,border rejection notification,border control - consignment detained,serious,product not (yet) placed on the market,Pesticides residues in vine leaves from Egypt
2026.0450,2026-01-20,Egypt,Belgium,Vine leaves,fruits and vegetables,Azoxystrobin   - {pesticide residues} *** acetamiprid   - {pesticide residues} *** boscalid   - {pesticide residues} *** carbendazim  unauthorised substance - {pesticide residues} *** chlorpyrifos  unauthorised substance - {pesticide residues} *** flusilazole   - {pesticide residues} *** imidacloprid   - {pesticide residues} *** lambda-cyhalothrin   - {pesticide residues} *** lufenuron   - {pesticide residues} *** prochloraz   - {pesticide residues} *** pyriproxyfen    - {pesticide residues} *** tebuconazole   - {pesticide residues} *** thiamethoxam   - {pesticide residues} *** thiophanate-methyl   - {pesticide residues},lambda-cyhalothrin,False,border rejection notification,border control - consignment detained,serious,product not (yet) placed on the market,Pesticides residues in vine leaves from Egypt
2026.0450,2026-01-20,Egypt,Belgium,Vine leaves,fruits and vegetables,Azoxystrobin   - {pesticide residues} *** acetamiprid   - {pesticide residues} *** boscalid   - {pesticide residues} *** carbendazim  unauthorised substance - {pesticide residues} *** chlorpyrifos  unauthorised substance - {pesticide residues} *** flusilazole   - {pesticide residues} *** imidacloprid   - {pesticide residues} *** lambda-cyhalothrin   - {pesticide residues} *** lufenuron   - {pesticide residues} *** prochloraz   - {pesticide residues} *** pyriproxyfen    - {pesticide residues} *** tebuconazole   - {pesticide residues} *** thiamethoxam   - {pesticide residues} *** thiophanate-methyl   - {pesticide residues},lufenuron,False,border rejection notification,border control - consignment detained,serious,product not (yet) placed on the market,Pesticides residues in vine leaves from Egypt
2026.0450,2026-01-20,Egypt,Belgium,Vine leaves,fruits and vegetables,Azoxystrobin   - {pesticide residues} *** acetamiprid   - {pesticide residues} *** boscalid   - {pesticide residues} *** carbendazim  unauthorised substance - {pesticide residues} *** chlorpyrifos  unauthorised substance - {pesticide residues} *** flusilazole   - {pesticide residues} *** imidacloprid   - {pesticide residues} *** lambda-cyhalothrin   - {pesticide residues} *** lufenuron   - {pesticide residues} *** prochloraz   - {pesticide residues} *** pyriproxyfen    - {pesticide residues} *** tebuconazole   - {pesticide residues} *** thiamethoxam   - {pesticide residues} *** thiophanate-methyl   - {pesticide residues},prochloraz,False,border rejection notification,border control - consignment detained,serious,product not (yet) placed on the market,Pesticides residues in vine leaves from Egypt
2026.0450,2026-01-20,Egypt,Belgium,Vine leaves,fruits and vegetables,Azoxystrobin   - {pesticide residues} *** acetamiprid   - {pesticide residues} *** boscalid   - {pesticide residues} *** carbendazim  unauthorised substance - {pesticide residues} *** chlorpyrifos  unauthorised substance - {pesticide residues} *** flusilazole   - {pesticide residues} *** imidacloprid   - {pesticide residues} *** lambda-cyhalothrin   - {pesticide residues} *** lufenuron   - {pesticide residues} *** prochloraz   - {pesticide residues} *** pyriproxyfen    - {pesticide residues} *** tebuconazole   - {pesticide residues} *** thiamethoxam   - {pesticide residues} *** thiophanate-methyl   - {pesticide residues},pyriproxyfen,False,border rejection notification,border control - consignment detained,serious,product not (yet) placed on the market,Pesticides residues in vine leaves from Egypt
2026.0450,2026-01-20,Egypt,Belgium,Vine leaves,fruits and vegetables,Azoxystrobin   - {pesticide residues} *** acetamiprid   - {pesticide residues} *** boscalid   - {pesticide residues} *** carbendazim  unauthorised substance - {pesticide residues} *** chlorpyrifos  unauthorised substance - {pesticide residues} *** flusilazole   - {pesticide residues} *** imidacloprid   - {pesticide residues} *** lambda-cyhalothrin   - {pesticide residues} *** lufenuron   - {pesticide residues} *** prochloraz   - {pesticide residues} *** pyriproxyfen    - {pesticide residues} *** tebuconazole   - {pesticide residues} *** thiamethoxam   - {pesticide residues} *** thiophanate-methyl   - {pesticide residues},tebuconazole,False,border rejection notification,border control - consignment detained,serious,product not (yet) placed on the market,Pesticides residues in vine leaves from Egypt
2026.0450,2026-01-20,Egypt,Belgium,Vine leaves,fruits and vegetables,Azoxystrobin   - {pesticide residues} *** acetamiprid   - {pesticide residues} *** boscalid   - {pesticide residues} *** carbendazim  unauthorised substance - {pesticide residues} *** chlorpyrifos  unauthorised substance - {pesticide residues} *** flusilazole   - {pesticide residues} *** imidacloprid   - {pesticide residues} *** lambda-cyhalothrin   - {pesticide residues} *** lufenuron   - {pesticide residues} *** prochloraz   - {pesticide residues} *** pyriproxyfen    - {pesticide residues} *** tebuconazole   - {pesticide residues} *** thiamethoxam   - {pesticide residues} *** thiophanate-methyl   - {pesticide residues},thiamethoxam,False,border rejection notification,border control - consignment detained,serious,product not (yet) placed on the market,Pesticides residues in vine leaves from Egypt
2026.0450,2026-01-20,Egypt,Belgium,Vine leaves,fruits and vegetables,Azoxystrobin   - {pesticide residues} *** acetamiprid   - {pesticide residues} *** boscalid   - {pesticide residues} *** carbendazim  unauthorised substance - {pesticide residues} *** chlorpyrifos  unauthorised substance - {pesticide residues} *** flusilazole   - {pesticide residues} *** imidacloprid   - {pesticide residues} *** lambda-cyhalothrin   - {pesticide residues} *** lufenuron   - {pesticide residues} *** prochloraz   - {pesticide residues} *** pyriproxyfen    - {pesticide residues} *** tebuconazole   - {pesticide residues} *** thiamethoxam   - {pesticide residues} *** thiophanate-methyl   - {pesticide residues},thiophanate-methyl,False,border rejection notification,border control - consignment detained,serious,product not (yet) placed on the market,Pesticides residues in vine leaves from Egypt
2026.0384,2026-01-19,Türkiye,Bulgaria,Pomegranates,fruits and vegetables,acetamiprid   - {pesticide residues},acetamiprid,False,border rejection notification,border control - consignment detained,serious,product not (yet) placed on the market,Acetamiprid in fresh pomegranate from Türkiye
2026.0421,2026-01-19,Kenya,France,Green beans,fruits and vegetables,hexaconazole  unauthorised substance - {pesticide residues},hexaconazole,True,border rejection notification,border control - consignment detained,not serious,product not (yet) placed on the market,Hexaconazole in green beans from Kenya
2026.0285,2026-01-15,Egypt,Romania,Sliced ​​and frozen peppers from Egypt,fruits and vegetables,propargite   - {pesticide residues},propargite,False,border rejection notification,border control - consignment detained,potential risk,product not (yet) placed on the market,Exceeded of MRL for Propargite in sliced ​​and frozen peppers from Egypt
2026.0273,2026-01-14,Egypt,Slovenia,Sweet peppers,fruits and vegetables,chlorpropham   - {pesticide residues},chlorpropham,False,border rejection notification,border control - consignment detained,no risk,product not (yet) placed on the market,Chlorpropham above legal limits in peppers from Egypt
2026.0234,2026-01-13,Türkiye,France,Dried figs,fruits and vegetables,permethrin  unauthorised substance - {pesticide residues} *** tetramethrin   unauthorised substance - {pesticide residues},permethrin,True,border rejection notification,border control - consignment detained,potentially serious,product not (yet) placed on the market,Permethrin and tetramethrin in organic dried figs from Turkiye
2026.0234,2026-01-13,Türkiye,France,Dried figs,fruits and vegetables,permethrin  unauthorised substance - {pesticide residues} *** tetramethrin   unauthorised substance - {pesticide residues},tetramethrin,True,border rejection notification,border control - consignment detained,potentially serious,product not (yet) placed on the market,Permethrin and tetramethrin in organic dried figs from Turkiye
2026.0078,2026-01-07,Türkiye,Croatia,Eggplant,fruits and vegetables,formetanate   - {pesticide residues},formetanate,False,border rejection notification,border control - consignment detained,serious,product allowed to travel to destination under customs seals,Residues of the pesticide formetanate in eggplant from Turkey
2025.10487,2025-12-31,Egypt,Finland,Strawberry,fruits and vegetables,oxamyl  unauthorised substance - {pesticide residues},oxamyl,True,information notification for attention,official control on the market,serious,product (presumably) no longer on the market,Oxamyl in strawberries from Egypt.
2025.10434,2025-12-29,Türkiye,Bulgaria,Sweet peppers,fruits and vegetables,flonicamid   - {pesticide residues},flonicamid,False,border rejection notification,border control - consignment detained,serious,product not (yet) placed on the market,Flonicamid in fresh peppers from Türkiye
2025.10435,2025-12-29,Türkiye,Bulgaria,Sweet peppers,fruits and vegetables,fosthiazate   - {pesticide residues},fosthiazate,False,border rejection notification,border control - consignment detained,serious,product not (yet) placed on the market, Fosthiazate in fresh peppers from Türkiye
2025.10440,2025-12-29,Kenya,France,"green beans, wax beans and string beans",fruits and vegetables,hexaconazole  unauthorised substance - {pesticide residues},hexaconazole,True,border rejection notification,border control - consignment detained,not serious,product not (yet) placed on the market,Hexaconazole in green beans from Kenya
2025.10414,2025-12-24,Türkiye,Netherlands,raisins,fruits and vegetables,acetamiprid   - {pesticide residues},acetamiprid,False,alert notification,company's own check,potentially serious,distribution to other member countries,Acetamiprid in sultanas raisins from Türkiye 
2025.10379,2025-12-23,Egypt,Finland,Frozen strawberries,fruits and vegetables,oxamyl  unauthorised substance - {pesticide residues},oxamyl,True,alert notification,official control on the market,serious,distribution to other member countries *** no distribution from notifying country,Pesticide residues in frozen strawberries from Egypt via Poland
2025.10378,2025-12-23,Türkiye,Netherlands,Lemon,fruits and vegetables,chlorpyrifos-methyl  unauthorised substance - {pesticide residues},chlorpyrifos-methyl,True,alert notification,company's own check,serious,distribution to other member countries,"Chlorpyrifos-methyl in lemon from Türkiye, via Germany"
2025.10271,2025-12-19,Egypt,Slovenia,Frozen strawberries,fruits and vegetables,oxamyl  unauthorised substance - {pesticide residues},oxamyl,True,alert notification,consumer complaint,potentially serious,distribution to other member countries,oxamyl in frozen strawberries from Egypt
2025.10226,2025-12-19,Türkiye,Bulgaria,Sweet peppers,fruits and vegetables,formetanate   - {pesticide residues},formetanate,False,border rejection notification,border control - consignment detained,serious,product not (yet) placed on the market,Formetanate in fresh peppers from Türkiye
2025.10182,2025-12-18,Kenya,France,Green beans,fruits and vegetables,bifenthrin   - {pesticide residues},bifenthrin,False,border rejection notification,border control - consignment detained,not serious,product not (yet) placed on the market,Bifenthrin in green beans from Kenya
2025.10115,2025-12-17,Türkiye,Bulgaria,Sweet peppers,fruits and vegetables,formetanate   - {pesticide residues},formetanate,False,border rejection notification,border control - consignment detained,serious,product not (yet) placed on the market,Formetanate in fresh peppers from Türkiye
2025.9871,2025-12-10,Egypt,Italy,fresh peppers capsicum annum,fruits and vegetables,triadimenol   - {pesticide residues},triadimenol,False,border rejection notification,border control - consignment detained,potentially serious,product not (yet) placed on the market,Triadimenol above legal limits in fresh peppers capsicum annuum from Egypt
2025.9808,2025-12-08,Egypt,France,Sweet peppers,fruits and vegetables,acetamiprid   - {pesticide residues} *** lambda-cyhalothrin   - {pesticide residues},acetamiprid,False,border rejection notification,border control - consignment detained,serious,product not (yet) placed on the market,Lambda-cyhalothrin and Acetamiprid in sweet peppers from Egypt
2025.9808,2025-12-08,Egypt,France,Sweet peppers,fruits and vegetables,acetamiprid   - {pesticide residues} *** lambda-cyhalothrin   - {pesticide residues},lambda-cyhalothrin,False,border rejection notification,border control - consignment detained,serious,product not (yet) placed on the market,Lambda-cyhalothrin and Acetamiprid in sweet peppers from Egypt
2025.9745,2025-12-05,Türkiye,Bulgaria,FRESH TOMATO,fruits and vegetables,acetamiprid   - {pesticide residues},acetamiprid,False,border rejection notification,border control - consignment detained,serious,product not (yet) placed on the market, Acetamiprid in fresh tomatoes from Türkiye
2025.9746,2025-12-05,Türkiye,Bulgaria,Sweet peppers,fruits and vegetables,indoxacarb   - {pesticide residues},indoxacarb,False,border rejection notification,border control - consignment detained,serious,product not (yet) placed on the market,Indoxacarb in fresh peppers from Türkiye
2025.9742,2025-12-05,Türkiye,Austria,Weinblätter // grape leaves,fruits and vegetables,Azoxystrobin   - {pesticide residues} *** difenoconazole   - {pesticide residues} *** flutriafol   - {pesticide residues} *** lambda-cyhalothrin   - {pesticide residues} *** metrafenone    - {pesticide residues},Azoxystrobin,False,information notification for follow-up,official control on the market,potential risk,distribution to other member countries,"Pesticide residues in grape leaves from Türkiye, via Belgium"
2025.9742,2025-12-05,Türkiye,Austria,Weinblätter // grape leaves,fruits and vegetables,Azoxystrobin   - {pesticide residues} *** difenoconazole   - {pesticide residues} *** flutriafol   - {pesticide residues} *** lambda-cyhalothrin   - {pesticide residues} *** metrafenone    - {pesticide residues},difenoconazole,False,information notification for follow-up,official control on the market,potential risk,distribution to other member countries,"Pesticide residues in grape leaves from Türkiye, via Belgium"
2025.9742,2025-12-05,Türkiye,Austria,Weinblätter // grape leaves,fruits and vegetables,Azoxystrobin   - {pesticide residues} *** difenoconazole   - {pesticide residues} *** flutriafol   - {pesticide residues} *** lambda-cyhalothrin   - {pesticide residues} *** metrafenone    - {pesticide residues},flutriafol,False,information notification for follow-up,official control on the market,potential risk,distribution to other member countries,"Pesticide residues in grape leaves from Türkiye, via Belgium"
2025.9742,2025-12-05,Türkiye,Austria,Weinblätter // grape leaves,fruits and vegetables,Azoxystrobin   - {pesticide residues} *** difenoconazole   - {pesticide residues} *** flutriafol   - {pesticide residues} *** lambda-cyhalothrin   - {pesticide residues} *** metrafenone    - {pesticide residues},lambda-cyhalothrin,False,information notification for follow-up,official control on the market,potential risk,distribution to other member countries,"Pesticide residues in grape leaves from Türkiye, via Belgium"
2025.9742,2025-12-05,Türkiye,Austria,Weinblätter // grape leaves,fruits and vegetables,Azoxystrobin   - {pesticide residues} *** difenoconazole   - {pesticide residues} *** flutriafol   - {pesticide residues} *** lambda-cyhalothrin   - {pesticide residues} *** metrafenone    - {pesticide residues},metrafenone,False,information notification for follow-up,official control on the market,potential risk,distribution to other member countries,"Pesticide residues in grape leaves from Türkiye, via Belgium"
2025.9716,2025-12-04,Morocco,Spain,Pimientos fuertes,fruits and vegetables,chlorpyrifos  unauthorised substance - {pesticide residues},chlorpyrifos,True,border rejection notification,border control - consignment detained,potential risk,product not (yet) placed on the market,pimientos fuertes con clorpirifós de origen Marruecos // hot peppers with chlorpyrifos originating in Morocco
2025.9323,2025-11-25,Egypt,Italy,Peppers  in brine ,fruits and vegetables,chlorpyrifos  unauthorised substance - {pesticide residues},chlorpyrifos,True,information notification for attention,border control - consignment released,serious,product (presumably) no longer on the market,Chlorpyrifos ethyl in Peppers  in brine from Egypt
2025.9359,2025-11-25,Türkiye,Austria,Tafeltrauben // table grapes,fruits and vegetables,acetamiprid   - {pesticide residues},acetamiprid,False,information notification for attention,official control on the market,serious,product (presumably) no longer on the market,Acetamiprid in table grapes from Türkiye 
2025.9245,2025-11-21,Morocco,Slovenia,Tomatoes,fruits and vegetables,chlorfenapyr   - {pesticide residues} *** spiroxamine  - {pesticide residues},chlorfenapyr,False,information notification for attention,official control on the market,potential risk,no distribution from notifying country,Chlorfenapyr in Tomatoes from Morocco via Italy
2025.9245,2025-11-21,Morocco,Slovenia,Tomatoes,fruits and vegetables,chlorfenapyr   - {pesticide residues} *** spiroxamine  - {pesticide residues},spiroxamine,False,information notification for attention,official control on the market,potential risk,no distribution from notifying country,Chlorfenapyr in Tomatoes from Morocco via Italy
2025.9242,2025-11-21,India,Italy,Psidium guajava,fruits and vegetables,thiamethoxam   - {pesticide residues},thiamethoxam,False,border rejection notification,border control - consignment detained,potentially serious,product not (yet) placed on the market,Thiamethoxam above legal limits in Psidium guajava from India
2025.9126,2025-11-19,Türkiye,Netherlands,Cucumbers,fruits and vegetables,fosthiazate   - {pesticide residues},fosthiazate,False,information notification for attention,official control on the market,serious,no distribution from notifying country,Fosthiazate in cucumbers from Türkiye
2025.9081,2025-11-18,Türkiye,Austria,Mandarinen // mandarins,fruits and vegetables,chlorpyrifos-methyl  unauthorised substance - {pesticide residues},chlorpyrifos-methyl,True,information notification for attention,official control on the market,potentially serious,distribution restricted to notifying country,Unauthorised pesticide chlorpyrifos-methyl in mandarins from Türkiye
2025.9005,2025-11-17,Türkiye,Netherlands,raisins (snack for kids) ,fruits and vegetables,acetamiprid   - {pesticide residues},acetamiprid,False,alert notification,official control on the market,serious,information on distribution not (yet) available,Exceedance of acetamiprid in raisins (snack for kids) from Türkiye 
2025.8971,2025-11-17,Türkiye,Bulgaria,Sweet peppers,fruits and vegetables,fosthiazate   - {pesticide residues},fosthiazate,False,border rejection notification,border control - consignment detained,serious,product not (yet) placed on the market,Fosthiazate in fresh peppers from Türkiye
2025.8875,2025-11-13,Egypt,Belgium,Black olives,fruits and vegetables,chlorpyrifos  unauthorised substance - {pesticide residues},chlorpyrifos,True,information notification for attention,company's own check,serious,distribution restricted to notifying country,chlorpyriphos pesticide residues in black olives from Egypt
2025.8668,2025-11-07,Egypt,France,Peppers,fruits and vegetables,MCPA  - {pesticide residues},MCPA,False,border rejection notification,border control - consignment detained,not serious,product not (yet) placed on the market,MCPA and MCPB in peppers from Egypt
2025.8582,2025-11-05,Türkiye,Bulgaria,Pomegranates,fruits and vegetables,acetamiprid   - {pesticide residues} *** pyriproxyfen    - {pesticide residues},acetamiprid,False,border rejection notification,border control - consignment detained,serious,product not (yet) placed on the market,Acetamiprid and Pyriproxyfen in pomegranate fromTürkiye
2025.8582,2025-11-05,Türkiye,Bulgaria,Pomegranates,fruits and vegetables,acetamiprid   - {pesticide residues} *** pyriproxyfen    - {pesticide residues},pyriproxyfen,False,border rejection notification,border control - consignment detained,serious,product not (yet) placed on the market,Acetamiprid and Pyriproxyfen in pomegranate fromTürkiye
2025.8541,2025-11-03,Türkiye,Austria,Granatapfel /// pomegranate,fruits and vegetables,cyfluthrin   - {pesticide residues} *** imidacloprid   - {pesticide residues} *** thiophanate-methyl   - {pesticide residues},cyfluthrin,False,information notification for attention,official control on the market,potentially serious,product (presumably) no longer on the market,Unauthorised pesticides in pomegranates from Türkiye
2025.8541,2025-11-03,Türkiye,Austria,Granatapfel /// pomegranate,fruits and vegetables,cyfluthrin   - {pesticide residues} *** imidacloprid   - {pesticide residues} *** thiophanate-methyl   - {pesticide residues},imidacloprid,False,information notification for attention,official control on the market,potentially serious,product (presumably) no longer on the market,Unauthorised pesticides in pomegranates from Türkiye
2025.8541,2025-11-03,Türkiye,Austria,Granatapfel /// pomegranate,fruits and vegetables,cyfluthrin   - {pesticide residues} *** imidacloprid   - {pesticide residues} *** thiophanate-methyl   - {pesticide residues},thiophanate-methyl,False,information notification for attention,official control on the market,potentially serious,product (presumably) no longer on the market,Unauthorised pesticides in pomegranates from Türkiye
2025.8479,2025-10-31,Egypt,Poland,Frozen strawberry,fruits and vegetables,ametoctradin   - {pesticide residues} *** oxamyl  unauthorised substance - {pesticide residues},ametoctradin,False,border rejection notification,border control - consignment detained,potential risk,product not (yet) placed on the market,ametoctradin and oxamyl in a strawberry from Egypt
2025.8479,2025-10-31,Egypt,Poland,Frozen strawberry,fruits and vegetables,ametoctradin   - {pesticide residues} *** oxamyl  unauthorised substance - {pesticide residues},oxamyl,True,border rejection notification,border control - consignment detained,potential risk,product not (yet) placed on the market,ametoctradin and oxamyl in a strawberry from Egypt
2025.8483,2025-10-31,Kenya,France,snow peas,fruits and vegetables,dimethomorph   - {pesticide residues},dimethomorph,False,information notification for attention,company's own check,serious,product (presumably) no longer on the market,Pesticides in snow peas
2025.8383,2025-10-29,Türkiye,Bulgaria,Pomegranates,fruits and vegetables,cypermethrin   - {pesticide residues} *** fenvalerate   - {pesticide residues},cypermethrin,False,border rejection notification,border control - consignment detained,serious,product not (yet) placed on the market,Fenvalerate and Cypermethrin in fresh pomegranate from Türkiye
2025.8383,2025-10-29,Türkiye,Bulgaria,Pomegranates,fruits and vegetables,cypermethrin   - {pesticide residues} *** fenvalerate   - {pesticide residues},fenvalerate,False,border rejection notification,border control - consignment detained,serious,product not (yet) placed on the market,Fenvalerate and Cypermethrin in fresh pomegranate from Türkiye
2025.8177,2025-10-23,Kenya,France,Green beans,fruits and vegetables,hexaconazole  unauthorised substance - {pesticide residues},hexaconazole,True,border rejection notification,border control - consignment detained,not serious,product not (yet) placed on the market,Hexaconazole in green beans from Kenya
2025.8183,2025-10-23,India,Sweden,basmati rice of a length/width ratio equal to or greater than 3,fruits and vegetables,chlorpyrifos  unauthorised substance - {pesticide residues},chlorpyrifos,True,border rejection notification,border control - consignment detained,potentially serious,product not (yet) placed on the market,Pesticide in rice from India
2025.8061,2025-10-20,Egypt,Netherlands,Grapes,fruits and vegetables,acetamiprid   - {pesticide residues},acetamiprid,False,information notification for attention,official control on the market,potentially serious,information on distribution not (yet) available,acetamiprid Grapes from Egypt
2025.8039,2025-10-20,Egypt,Slovenia,frozen strawberry,fruits and vegetables,chlorfenapyr   - {pesticide residues} *** oxamyl  unauthorised substance - {pesticide residues},chlorfenapyr,False,alert notification,border control - consignment released,serious,distribution to other member countries,Residues pesticide oxamyl and chlorfenapyr in frozen strawberry from Egypt
2025.8039,2025-10-20,Egypt,Slovenia,frozen strawberry,fruits and vegetables,chlorfenapyr   - {pesticide residues} *** oxamyl  unauthorised substance - {pesticide residues},oxamyl,True,alert notification,border control - consignment released,serious,distribution to other member countries,Residues pesticide oxamyl and chlorfenapyr in frozen strawberry from Egypt
2025.8068,2025-10-20,Türkiye,Netherlands,Grapes,fruits and vegetables,acetamiprid   - {pesticide residues},acetamiprid,False,information notification for attention,official control on the market,serious,no distribution from notifying country,Acetamiprid Grapes from Turkey
2025.8063,2025-10-20,Türkiye,Netherlands,Dried raisins,fruits and vegetables,acetamiprid   - {pesticide residues},acetamiprid,False,information notification for attention,official control on the market,serious,no distribution from notifying country,acetamiprid on dried raisins from Türkiye
2025.7962,2025-10-16,Egypt,Germany,Mangoes,fruits and vegetables,chlorpyrifos  unauthorised substance - {pesticide residues} *** methomyl   - {pesticide residues},chlorpyrifos,True,border rejection notification,border control - consignment detained,serious,product not (yet) placed on the market,Methomyl and Chlorpyrifos in mangoes from Egypt
2025.7962,2025-10-16,Egypt,Germany,Mangoes,fruits and vegetables,chlorpyrifos  unauthorised substance - {pesticide residues} *** methomyl   - {pesticide residues},methomyl,False,border rejection notification,border control - consignment detained,serious,product not (yet) placed on the market,Methomyl and Chlorpyrifos in mangoes from Egypt
2025.7974,2025-10-16,Egypt,France,Sugar apple,fruits and vegetables,deltamethrin   - {pesticide residues} *** methoxychlor   - {pesticide residues},deltamethrin,False,border rejection notification,border control - consignment detained,no risk,product not (yet) placed on the market,Deltamethrin and Methoxychlor in sugar apple from Egypt
2025.7974,2025-10-16,Egypt,France,Sugar apple,fruits and vegetables,deltamethrin   - {pesticide residues} *** methoxychlor   - {pesticide residues},methoxychlor,False,border rejection notification,border control - consignment detained,no risk,product not (yet) placed on the market,Deltamethrin and Methoxychlor in sugar apple from Egypt
2025.7947,2025-10-16,Türkiye,Bulgaria,Sweet peppers,fruits and vegetables,Spirotetramat  unauthorised substance - {pesticide residues},Spirotetramat,True,border rejection notification,border control - consignment detained,potential risk,product not (yet) placed on the market,Spirotetramat and spirotetramat-enol in fresh peppers from Türkiye
2025.7949,2025-10-16,Türkiye,Bulgaria,Other,fruits and vegetables,fosthiazate   - {pesticide residues},fosthiazate,False,border rejection notification,border control - consignment detained,serious,product not (yet) placed on the market,Fosthiazate in fresh domatoes from Türkiye
2025.7973,2025-10-16,Kenya,France,Green beans,fruits and vegetables,dimethomorph   - {pesticide residues},dimethomorph,False,border rejection notification,border control - consignment detained,potentially serious,product not (yet) placed on the market,Dimethomorph in green beans from Kenya
2025.7765,2025-10-10,Egypt,France,Sugar apple,fruits and vegetables,lambda-cyhalothrin   - {pesticide residues},lambda-cyhalothrin,False,border rejection notification,border control - consignment detained,not serious,product not (yet) placed on the market,Lambda-cyhalothrin in sugar apples from Egypt
2025.7769,2025-10-10,Türkiye,Bulgaria,"Whole tomatoes, with greatest diameter of less than 47 mm",fruits and vegetables,acetamiprid   - {pesticide residues},acetamiprid,False,border rejection notification,border control - consignment detained,serious,product not (yet) placed on the market,acetamiprid in fresh domates from Türkiye
2025.7719,2025-10-09,Kenya,France,Green beans,fruits and vegetables,hexaconazole  unauthorised substance - {pesticide residues},hexaconazole,True,border rejection notification,border control - consignment detained,not serious,product not (yet) placed on the market,Hexaconazole in green beans from Kenya
2025.7633,2025-10-07,Egypt,Italy,Fresh Mango ,fruits and vegetables,imazalil   - {pesticide residues},imazalil,False,border rejection notification,border control - consignment detained,potential risk,product not (yet) placed on the market, Imazalil above legal limits in mangoes from Egypt
2025.7517,2025-10-02,Egypt,France,Mangos,fruits and vegetables,clothianidin   - {pesticide residues},clothianidin,False,border rejection notification,border control - consignment detained,not serious,product not (yet) placed on the market,Clothianidin in mangos from Egypt
2025.7516,2025-10-02,Egypt,France,Mangos,fruits and vegetables,clothianidin   - {pesticide residues} *** imidacloprid   - {pesticide residues},clothianidin,False,border rejection notification,border control - consignment detained,not serious,product not (yet) placed on the market,Clothianidin and imidacloprid in mangos from Egypt
2025.7516,2025-10-02,Egypt,France,Mangos,fruits and vegetables,clothianidin   - {pesticide residues} *** imidacloprid   - {pesticide residues},imidacloprid,False,border rejection notification,border control - consignment detained,not serious,product not (yet) placed on the market,Clothianidin and imidacloprid in mangos from Egypt
2025.7515,2025-10-02,Egypt,France,Mangos,fruits and vegetables,clothianidin   - {pesticide residues} *** imidacloprid   - {pesticide residues},clothianidin,False,border rejection notification,border control - consignment detained,potential risk,product not (yet) placed on the market,Clothianidin and imidacloprid in mangos from Egypt
2025.7515,2025-10-02,Egypt,France,Mangos,fruits and vegetables,clothianidin   - {pesticide residues} *** imidacloprid   - {pesticide residues},imidacloprid,False,border rejection notification,border control - consignment detained,potential risk,product not (yet) placed on the market,Clothianidin and imidacloprid in mangos from Egypt
2025.7467,2025-09-30,Egypt,Norway,Grape leaves,fruits and vegetables,Azoxystrobin   - {pesticide residues},Azoxystrobin,False,border rejection notification,border control - consignment detained,potential risk,no distribution from notifying country,Azoxystrobin in wine leaves from Egypt
2025.7459,2025-09-30,Egypt,Greece,Mangoes,fruits and vegetables,dimethoate   - {pesticide residues},dimethoate,False,border rejection notification,border control - consignment detained,potential risk,product not (yet) placed on the market,Dimethoate in mangoes from Egypt
2025.7323,2025-09-25,Türkiye,Bulgaria,Sweet peppers,fruits and vegetables,Spirotetramat  unauthorised substance - {pesticide residues} *** bifenazate  - {pesticide residues} *** sulfoxaflor   - {pesticide residues},Spirotetramat,True,border rejection notification,border control - consignment detained,potential risk,product not (yet) placed on the market,"Spiroteramat, Sulfoxaflor and Bifenazate in fresh peppers from Türkiye"
2025.7323,2025-09-25,Türkiye,Bulgaria,Sweet peppers,fruits and vegetables,Spirotetramat  unauthorised substance - {pesticide residues} *** bifenazate  - {pesticide residues} *** sulfoxaflor   - {pesticide residues},bifenazate,False,border rejection notification,border control - consignment detained,potential risk,product not (yet) placed on the market,"Spiroteramat, Sulfoxaflor and Bifenazate in fresh peppers from Türkiye"
2025.7323,2025-09-25,Türkiye,Bulgaria,Sweet peppers,fruits and vegetables,Spirotetramat  unauthorised substance - {pesticide residues} *** bifenazate  - {pesticide residues} *** sulfoxaflor   - {pesticide residues},sulfoxaflor,False,border rejection notification,border control - consignment detained,potential risk,product not (yet) placed on the market,"Spiroteramat, Sulfoxaflor and Bifenazate in fresh peppers from Türkiye"
2025.7291,2025-09-24,Morocco,Italy,Peperone Corno Rosso / Paprika Spitz Rot - Peperone corno rosso,fruits and vegetables,flonicamid   - {pesticide residues},flonicamid,False,alert notification,company's own check,serious,distribution to other member countries,Flonicamid in peperone corno rosso superiore ai limiti/ exceeding MRL for flonicamid in red horn pepper
2025.7272,2025-09-24,Egypt,Italy,fresh mango ,fruits and vegetables,clothianidin   - {pesticide residues} *** imidacloprid   - {pesticide residues},clothianidin,False,border rejection notification,border control - consignment detained,potentially serious,product not (yet) placed on the market,Presence of clothianidin and imidacloprid above legal limits in mangoes from Egypt
2025.7272,2025-09-24,Egypt,Italy,fresh mango ,fruits and vegetables,clothianidin   - {pesticide residues} *** imidacloprid   - {pesticide residues},imidacloprid,False,border rejection notification,border control - consignment detained,potentially serious,product not (yet) placed on the market,Presence of clothianidin and imidacloprid above legal limits in mangoes from Egypt
2025.7277,2025-09-24,Türkiye,Bulgaria,Sweet peppers,fruits and vegetables,Spirotetramat  unauthorised substance - {pesticide residues},Spirotetramat,True,border rejection notification,border control - consignment detained,potential risk,product not (yet) placed on the market, Spirotetramat in fresh peppers from Türkiye
2025.7235,2025-09-23,Egypt,France,Sugar apple,fruits and vegetables,Imidaclopride   - {pesticide residues} *** acetamiprid   - {pesticide residues} *** chlorpyrifos  unauthorised substance - {pesticide residues},Imidaclopride,False,border rejection notification,border control - consignment detained,potentially serious,product not (yet) placed on the market,Multiple pesticide residues in sugar apples from Egypt
2025.7235,2025-09-23,Egypt,France,Sugar apple,fruits and vegetables,Imidaclopride   - {pesticide residues} *** acetamiprid   - {pesticide residues} *** chlorpyrifos  unauthorised substance - {pesticide residues},acetamiprid,False,border rejection notification,border control - consignment detained,potentially serious,product not (yet) placed on the market,Multiple pesticide residues in sugar apples from Egypt
2025.7235,2025-09-23,Egypt,France,Sugar apple,fruits and vegetables,Imidaclopride   - {pesticide residues} *** acetamiprid   - {pesticide residues} *** chlorpyrifos  unauthorised substance - {pesticide residues},chlorpyrifos,True,border rejection notification,border control - consignment detained,potentially serious,product not (yet) placed on the market,Multiple pesticide residues in sugar apples from Egypt
2025.7213,2025-09-22,Morocco,France,Whole green olives,fruits and vegetables,chlorpyrifos  unauthorised substance - {pesticide residues},chlorpyrifos,True,information notification for follow-up,company's own check,potential risk,distribution to other member countries,Presence of chlorpyrifos-ethyl in whole green olives
2025.7218,2025-09-22,Türkiye,Germany,wine leaves,fruits and vegetables,captan   - {pesticide residues} *** difenoconazole   - {pesticide residues} *** dithiocarbamates   - {pesticide residues},captan,False,information notification for follow-up,official control on the market,potential risk,distribution to other member countries,"Difenoconazole, captan, and dithiocarbamate in cooked and salted wine leaves from Türkiye, via Belgium"
2025.7218,2025-09-22,Türkiye,Germany,wine leaves,fruits and vegetables,captan   - {pesticide residues} *** difenoconazole   - {pesticide residues} *** dithiocarbamates   - {pesticide residues},difenoconazole,False,information notification for follow-up,official control on the market,potential risk,distribution to other member countries,"Difenoconazole, captan, and dithiocarbamate in cooked and salted wine leaves from Türkiye, via Belgium"
2025.7218,2025-09-22,Türkiye,Germany,wine leaves,fruits and vegetables,captan   - {pesticide residues} *** difenoconazole   - {pesticide residues} *** dithiocarbamates   - {pesticide residues},dithiocarbamates,False,information notification for follow-up,official control on the market,potential risk,distribution to other member countries,"Difenoconazole, captan, and dithiocarbamate in cooked and salted wine leaves from Türkiye, via Belgium"
2025.7221,2025-09-22,Kenya,France,Green beans,fruits and vegetables,pyridaben   - {pesticide residues},pyridaben,False,border rejection notification,border control - consignment detained,no risk,product not (yet) placed on the market,Pyridaben in green beans from Kenya
2025.7159,2025-09-18,Egypt,Austria,Guave // Guava,fruits and vegetables,carbendazim  unauthorised substance - {pesticide residues} *** chlorfenapyr  unauthorised substance - {pesticide residues} *** cyfluthrin   - {pesticide residues} *** imidacloprid   - {pesticide residues},carbendazim,True,information notification for attention,official control on the market,potential risk,product (presumably) no longer on the market,"Pesticides in guava from Egypt, via Germany"
2025.7159,2025-09-18,Egypt,Austria,Guave // Guava,fruits and vegetables,carbendazim  unauthorised substance - {pesticide residues} *** chlorfenapyr  unauthorised substance - {pesticide residues} *** cyfluthrin   - {pesticide residues} *** imidacloprid   - {pesticide residues},chlorfenapyr,True,information notification for attention,official control on the market,potential risk,product (presumably) no longer on the market,"Pesticides in guava from Egypt, via Germany"
2025.7159,2025-09-18,Egypt,Austria,Guave // Guava,fruits and vegetables,carbendazim  unauthorised substance - {pesticide residues} *** chlorfenapyr  unauthorised substance - {pesticide residues} *** cyfluthrin   - {pesticide residues} *** imidacloprid   - {pesticide residues},cyfluthrin,False,information notification for attention,official control on the market,potential risk,product (presumably) no longer on the market,"Pesticides in guava from Egypt, via Germany"
2025.7159,2025-09-18,Egypt,Austria,Guave // Guava,fruits and vegetables,carbendazim  unauthorised substance - {pesticide residues} *** chlorfenapyr  unauthorised substance - {pesticide residues} *** cyfluthrin   - {pesticide residues} *** imidacloprid   - {pesticide residues},imidacloprid,False,information notification for attention,official control on the market,potential risk,product (presumably) no longer on the market,"Pesticides in guava from Egypt, via Germany"
2025.7073,2025-09-16,Türkiye,Bulgaria,Sweet peppers,fruits and vegetables,formetanate   - {pesticide residues},formetanate,False,border rejection notification,border control - consignment detained,serious,product not (yet) placed on the market,Formetanate in fresh peppers from Türkiye
2025.7084,2025-09-16,Türkiye,Bulgaria,"Whole tomatoes, with greatest diameter of less than 47 mm",fruits and vegetables,acetamiprid   - {pesticide residues},acetamiprid,False,border rejection notification,border control - consignment detained,serious,product not (yet) placed on the market,Acetamiprid in fresh domatoes from Türkiye
2025.7096,2025-09-16,Türkiye,Bulgaria,Sweet peppers,fruits and vegetables,Spirotetramat  unauthorised substance - {pesticide residues},Spirotetramat,True,border rejection notification,border control - consignment detained,serious,product not (yet) placed on the market,spirotetramat in fresh peppers from Türkiye
2025.7092,2025-09-16,Türkiye,Bulgaria,Sweet peppers,fruits and vegetables,Spirotetramat  unauthorised substance - {pesticide residues},Spirotetramat,True,border rejection notification,border control - consignment detained,potential risk,product not (yet) placed on the market,Spirotetramat in fresh peppers from Türkiye
2025.7072,2025-09-16,Türkiye,Bulgaria,Sweet peppers,fruits and vegetables,Spirotetramat  unauthorised substance - {pesticide residues},Spirotetramat,True,border rejection notification,border control - consignment detained,serious,product not (yet) placed on the market,spirotetramat in fresh peppers from Türkiye
2025.7071,2025-09-16,Türkiye,Bulgaria,Sweet peppers,fruits and vegetables,fosthiazate   - {pesticide residues},fosthiazate,False,border rejection notification,border control - consignment detained,serious,product not (yet) placed on the market,Fosthiazate in fresh peppers from Türkiye
2025.7083,2025-09-16,Türkiye,Bulgaria,tomatoes,fruits and vegetables,formetanate   - {pesticide residues},formetanate,False,border rejection notification,border control - consignment detained,serious,product not (yet) placed on the market,Formetanate in tomatoes from Türkiye
2025.7062,2025-09-15,Egypt,Sweden,Mangos,fruits and vegetables,acetamiprid   - {pesticide residues} *** chlorpyrifos  unauthorised substance - {pesticide residues} *** clothianidin   - {pesticide residues},acetamiprid,False,border rejection notification,border control - consignment detained,potentially serious,product not (yet) placed on the market,Pesticides in fresh mango
2025.7062,2025-09-15,Egypt,Sweden,Mangos,fruits and vegetables,acetamiprid   - {pesticide residues} *** chlorpyrifos  unauthorised substance - {pesticide residues} *** clothianidin   - {pesticide residues},chlorpyrifos,True,border rejection notification,border control - consignment detained,potentially serious,product not (yet) placed on the market,Pesticides in fresh mango
2025.7062,2025-09-15,Egypt,Sweden,Mangos,fruits and vegetables,acetamiprid   - {pesticide residues} *** chlorpyrifos  unauthorised substance - {pesticide residues} *** clothianidin   - {pesticide residues},clothianidin,False,border rejection notification,border control - consignment detained,potentially serious,product not (yet) placed on the market,Pesticides in fresh mango
2025.7012,2025-09-12,Egypt,Germany,mangoes,fruits and vegetables,clothianidin   - {pesticide residues} *** imidacloprid   - {pesticide residues},clothianidin,False,border rejection notification,border control - consignment detained,potential risk,product not (yet) placed on the market,Clothianidin in mangoes from Egypt
2025.7012,2025-09-12,Egypt,Germany,mangoes,fruits and vegetables,clothianidin   - {pesticide residues} *** imidacloprid   - {pesticide residues},imidacloprid,False,border rejection notification,border control - consignment detained,potential risk,product not (yet) placed on the market,Clothianidin in mangoes from Egypt
2025.7043,2025-09-12,Türkiye,Germany,grape leaves in brine,fruits and vegetables,acetamiprid   - {pesticide residues} *** emamectin   - {pesticide residues} *** penconazole   - {pesticide residues},acetamiprid,False,information notification for follow-up,official control on the market,potential risk,distribution to other member countries,Pesticide residues in grape leaves in brine from Turkey
2025.7043,2025-09-12,Türkiye,Germany,grape leaves in brine,fruits and vegetables,acetamiprid   - {pesticide residues} *** emamectin   - {pesticide residues} *** penconazole   - {pesticide residues},emamectin,False,information notification for follow-up,official control on the market,potential risk,distribution to other member countries,Pesticide residues in grape leaves in brine from Turkey
2025.7043,2025-09-12,Türkiye,Germany,grape leaves in brine,fruits and vegetables,acetamiprid   - {pesticide residues} *** emamectin   - {pesticide residues} *** penconazole   - {pesticide residues},penconazole,False,information notification for follow-up,official control on the market,potential risk,distribution to other member countries,Pesticide residues in grape leaves in brine from Turkey
2025.7035,2025-09-12,Türkiye,Germany,pears ,fruits and vegetables,cypermethrin   - {pesticide residues} *** phosmet  unauthorised substance - {} *** pyriproxyfen    - {pesticide residues},cypermethrin,False,information notification for attention,company's own check,serious,no distribution from notifying country,Pyriproxyfen and cypermethrin and unauthorized substance phosmet in pears from Turkey
2025.7035,2025-09-12,Türkiye,Germany,pears ,fruits and vegetables,cypermethrin   - {pesticide residues} *** phosmet  unauthorised substance - {} *** pyriproxyfen    - {pesticide residues},pyriproxyfen,False,information notification for attention,company's own check,serious,no distribution from notifying country,Pyriproxyfen and cypermethrin and unauthorized substance phosmet in pears from Turkey
2025.6989,2025-09-11,Kenya,Netherlands,"green beans, wax beans and string beans",fruits and vegetables,bifenthrin   - {pesticide residues},bifenthrin,False,border rejection notification,border control - consignment detained,not serious,product not (yet) placed on the market,Beans Kenia Pesticide Residue
2025.6935,2025-09-10,Türkiye,Germany,Weinblätter in Salzlake - vine leaves in brine,fruits and vegetables,dithiocarbamates   - {pesticide residues} *** folpet   - {pesticide residues} *** lambda-cyhalothrin   - {pesticide residues} *** metalaxyl   - {pesticide residues} *** metrafenone    - {pesticide residues},dithiocarbamates,False,information notification for attention,official control on the market,not serious,distribution restricted to notifying country,Plant protection products in vine leaves in brine from Turkey
2025.6935,2025-09-10,Türkiye,Germany,Weinblätter in Salzlake - vine leaves in brine,fruits and vegetables,dithiocarbamates   - {pesticide residues} *** folpet   - {pesticide residues} *** lambda-cyhalothrin   - {pesticide residues} *** metalaxyl   - {pesticide residues} *** metrafenone    - {pesticide residues},folpet,False,information notification for attention,official control on the market,not serious,distribution restricted to notifying country,Plant protection products in vine leaves in brine from Turkey
2025.6935,2025-09-10,Türkiye,Germany,Weinblätter in Salzlake - vine leaves in brine,fruits and vegetables,dithiocarbamates   - {pesticide residues} *** folpet   - {pesticide residues} *** lambda-cyhalothrin   - {pesticide residues} *** metalaxyl   - {pesticide residues} *** metrafenone    - {pesticide residues},lambda-cyhalothrin,False,information notification for attention,official control on the market,not serious,distribution restricted to notifying country,Plant protection products in vine leaves in brine from Turkey
2025.6935,2025-09-10,Türkiye,Germany,Weinblätter in Salzlake - vine leaves in brine,fruits and vegetables,dithiocarbamates   - {pesticide residues} *** folpet   - {pesticide residues} *** lambda-cyhalothrin   - {pesticide residues} *** metalaxyl   - {pesticide residues} *** metrafenone    - {pesticide residues},metalaxyl,False,information notification for attention,official control on the market,not serious,distribution restricted to notifying country,Plant protection products in vine leaves in brine from Turkey
2025.6935,2025-09-10,Türkiye,Germany,Weinblätter in Salzlake - vine leaves in brine,fruits and vegetables,dithiocarbamates   - {pesticide residues} *** folpet   - {pesticide residues} *** lambda-cyhalothrin   - {pesticide residues} *** metalaxyl   - {pesticide residues} *** metrafenone    - {pesticide residues},metrafenone,False,information notification for attention,official control on the market,not serious,distribution restricted to notifying country,Plant protection products in vine leaves in brine from Turkey
2025.6959,2025-09-10,Kenya,France,Green beans,fruits and vegetables,bifenthrin   - {pesticide residues},bifenthrin,False,border rejection notification,border control - consignment detained,potentially serious,product not (yet) placed on the market,Bifenthrin in green beans from Kneya
2025.6619,2025-09-09,Türkiye,Bulgaria,Sweet peppers,fruits and vegetables,Spirotetramat  unauthorised substance - {pesticide residues},Spirotetramat,True,border rejection notification,border control - consignment detained,potential risk,product not (yet) placed on the market,Spirotetramat in fresh peppers from Türkiye
2025.6901,2025-09-09,Türkiye,Greece,Tomatoes,fruits and vegetables,indoxacarb   - {pesticide residues},indoxacarb,False,border rejection notification,border control - consignment detained,no risk,product not (yet) placed on the market,Indoxacarb in tomatoes from Turkiye
2025.6787,2025-09-04,Türkiye,Bulgaria,Sweet peppers,fruits and vegetables,formetanate   - {pesticide residues},formetanate,False,border rejection notification,border control - consignment detained,serious,product not (yet) placed on the market,formetanate in fresh peppers from Türkiye
2025.6780,2025-09-04,India,Finland,Black-eyed pea,fruits and vegetables,chlorpyrifos  unauthorised substance - {pesticide residues},chlorpyrifos,True,border rejection notification,border control - forwarded to destination,serious,no distribution from notifying country,Unauthorised pesticide residue (chlorpyrifos ) in black-eyed pea from India
2025.6712,2025-09-02,Egypt,Germany,Mango,fruits and vegetables,Imidaclopride   - {pesticide residues} *** cyfluthrin   - {pesticide residues} *** cypermethrin   - {pesticide residues} *** methomyl   - {pesticide residues},Imidaclopride,False,border rejection notification,border control - consignment detained,potentially serious,product not (yet) placed on the market,Pesticide residues in mangoes from Egypt
2025.6712,2025-09-02,Egypt,Germany,Mango,fruits and vegetables,Imidaclopride   - {pesticide residues} *** cyfluthrin   - {pesticide residues} *** cypermethrin   - {pesticide residues} *** methomyl   - {pesticide residues},cyfluthrin,False,border rejection notification,border control - consignment detained,potentially serious,product not (yet) placed on the market,Pesticide residues in mangoes from Egypt
2025.6712,2025-09-02,Egypt,Germany,Mango,fruits and vegetables,Imidaclopride   - {pesticide residues} *** cyfluthrin   - {pesticide residues} *** cypermethrin   - {pesticide residues} *** methomyl   - {pesticide residues},cypermethrin,False,border rejection notification,border control - consignment detained,potentially serious,product not (yet) placed on the market,Pesticide residues in mangoes from Egypt
2025.6712,2025-09-02,Egypt,Germany,Mango,fruits and vegetables,Imidaclopride   - {pesticide residues} *** cyfluthrin   - {pesticide residues} *** cypermethrin   - {pesticide residues} *** methomyl   - {pesticide residues},methomyl,False,border rejection notification,border control - consignment detained,potentially serious,product not (yet) placed on the market,Pesticide residues in mangoes from Egypt
2025.6696,2025-09-02,Türkiye,Germany,pears,fruits and vegetables,acetamiprid   - {pesticide residues},acetamiprid,False,information notification for attention,official control on the market,serious,product (presumably) no longer on the market,"Acetamiprid in pears from Turkey, via the Netherlands"
2025.6682,2025-09-01,India,France,Drumsticks (Moringa oleifera),fruits and vegetables,monocrotophos  unauthorised substance - {pesticide residues},monocrotophos,True,border rejection notification,border control - consignment detained,potential risk,product not (yet) placed on the market,Monocrotophos in drumstick (moringa oleifera) from India
2025.6648,2025-08-29,India,Poland,rodzynki // raisins,fruits and vegetables,captan   - {pesticide residues} *** chlormequat   - {pesticide residues} *** chlorpyrifos  unauthorised substance - {pesticide residues} *** propargite   - {pesticide residues},captan,False,border rejection notification,border control - consignment detained,serious,product not (yet) placed on the market,Exceeding the MRL of pesticide residues in raisins from India // przekroczenie najwyższych dopuszczalnych poziomów  pozostałości   pestycydów w  rodzynkach z Indii
2025.6648,2025-08-29,India,Poland,rodzynki // raisins,fruits and vegetables,captan   - {pesticide residues} *** chlormequat   - {pesticide residues} *** chlorpyrifos  unauthorised substance - {pesticide residues} *** propargite   - {pesticide residues},chlormequat,False,border rejection notification,border control - consignment detained,serious,product not (yet) placed on the market,Exceeding the MRL of pesticide residues in raisins from India // przekroczenie najwyższych dopuszczalnych poziomów  pozostałości   pestycydów w  rodzynkach z Indii
2025.6648,2025-08-29,India,Poland,rodzynki // raisins,fruits and vegetables,captan   - {pesticide residues} *** chlormequat   - {pesticide residues} *** chlorpyrifos  unauthorised substance - {pesticide residues} *** propargite   - {pesticide residues},chlorpyrifos,True,border rejection notification,border control - consignment detained,serious,product not (yet) placed on the market,Exceeding the MRL of pesticide residues in raisins from India // przekroczenie najwyższych dopuszczalnych poziomów  pozostałości   pestycydów w  rodzynkach z Indii
2025.6648,2025-08-29,India,Poland,rodzynki // raisins,fruits and vegetables,captan   - {pesticide residues} *** chlormequat   - {pesticide residues} *** chlorpyrifos  unauthorised substance - {pesticide residues} *** propargite   - {pesticide residues},propargite,False,border rejection notification,border control - consignment detained,serious,product not (yet) placed on the market,Exceeding the MRL of pesticide residues in raisins from India // przekroczenie najwyższych dopuszczalnych poziomów  pozostałości   pestycydów w  rodzynkach z Indii
2025.6616,2025-08-28,Kenya,France,"green beans, wax beans and string beans",fruits and vegetables,bifenthrin   - {pesticide residues},bifenthrin,False,border rejection notification,border control - consignment detained,not serious,product not (yet) placed on the market,Bifenthrin in green beans from Kenya
2025.6615,2025-08-28,Kenya,France,"green beans, wax beans and string beans",fruits and vegetables,acephate  unauthorised substance - {pesticide residues},acephate,True,border rejection notification,border control - consignment detained,not serious,product not (yet) placed on the market,Acephate in green beans from Kenya
2025.6603,2025-08-28,Kenya,France,"green beans, wax beans and string beans",fruits and vegetables,chlorfenapyr   - {pesticide residues},chlorfenapyr,False,border rejection notification,border control - consignment detained,not serious,product not (yet) placed on the market,Chlorfenapyr in green beans from Kenya
2025.6614,2025-08-28,Kenya,France,Green beans,fruits and vegetables,acephate  unauthorised substance - {pesticide residues} *** bifenthrin   - {pesticide residues},acephate,True,border rejection notification,border control - consignment detained,potentially serious,product not (yet) placed on the market,Bifenthrin and acephate in green beans from Kenya
2025.6614,2025-08-28,Kenya,France,Green beans,fruits and vegetables,acephate  unauthorised substance - {pesticide residues} *** bifenthrin   - {pesticide residues},bifenthrin,False,border rejection notification,border control - consignment detained,potentially serious,product not (yet) placed on the market,Bifenthrin and acephate in green beans from Kenya
2025.6610,2025-08-28,India,European Commission,lime pickle,fruits and vegetables,2-chloroethanol   - {pesticide residues} *** ethylene oxide   - {pesticide residues},2-chloroethanol,False,border rejection notification,border control - consignment detained,serious,no distribution from notifying country,2-chloro-ethanol and ethylene oxide detected in lime pickle
2025.6610,2025-08-28,India,European Commission,lime pickle,fruits and vegetables,2-chloroethanol   - {pesticide residues} *** ethylene oxide   - {pesticide residues},ethylene oxide,False,border rejection notification,border control - consignment detained,serious,no distribution from notifying country,2-chloro-ethanol and ethylene oxide detected in lime pickle
2025.6601,2025-08-28,India,France,Drumsticks (Moringa oleifera),fruits and vegetables,methamidophos  unauthorised substance - {pesticide residues},methamidophos,True,border rejection notification,border control - consignment detained,not serious,product not (yet) placed on the market,Methamidophos in drumsticks from India
2025.6528,2025-08-26,Egypt,France,Mangos,fruits and vegetables,acetamiprid   - {pesticide residues} *** chlorfenapyr   - {pesticide residues} *** clothianidin   - {pesticide residues} *** imidacloprid   - {pesticide residues},acetamiprid,False,border rejection notification,border control - consignment detained,serious,product not (yet) placed on the market,Multiple pesticide residues in mangos from Egypt
2025.6528,2025-08-26,Egypt,France,Mangos,fruits and vegetables,acetamiprid   - {pesticide residues} *** chlorfenapyr   - {pesticide residues} *** clothianidin   - {pesticide residues} *** imidacloprid   - {pesticide residues},chlorfenapyr,False,border rejection notification,border control - consignment detained,serious,product not (yet) placed on the market,Multiple pesticide residues in mangos from Egypt
2025.6528,2025-08-26,Egypt,France,Mangos,fruits and vegetables,acetamiprid   - {pesticide residues} *** chlorfenapyr   - {pesticide residues} *** clothianidin   - {pesticide residues} *** imidacloprid   - {pesticide residues},clothianidin,False,border rejection notification,border control - consignment detained,serious,product not (yet) placed on the market,Multiple pesticide residues in mangos from Egypt
2025.6528,2025-08-26,Egypt,France,Mangos,fruits and vegetables,acetamiprid   - {pesticide residues} *** chlorfenapyr   - {pesticide residues} *** clothianidin   - {pesticide residues} *** imidacloprid   - {pesticide residues},imidacloprid,False,border rejection notification,border control - consignment detained,serious,product not (yet) placed on the market,Multiple pesticide residues in mangos from Egypt
2025.6479,2025-08-25,Egypt,Netherlands,Oranges,fruits and vegetables,dimethoate   - {pesticide residues},dimethoate,False,border rejection notification,border control - consignment detained,potentially serious,product not (yet) placed on the market,Pesticide residues in Egyptian Oranges 
2025.6438,2025-08-22,Türkiye,Bulgaria,"Whole tomatoes, with greatest diameter of less than 47 mm",fruits and vegetables,chlorothalonil   - {pesticide residues},chlorothalonil,False,border rejection notification,border control - consignment detained,serious,product not (yet) placed on the market,chlorothalonil in fresh tomato-cherry from Türkiye 
2025.6354,2025-08-20,Türkiye,Germany,grape leaves in brine,fruits and vegetables,Azoxystrobin   - {pesticide residues} *** Spirotetramat  unauthorised substance - {pesticide residues} *** acetamiprid   - {pesticide residues} *** benalaxyl-M  - {pesticide residues} *** boscalid   - {pesticide residues} *** bromuconazole  - {pesticide residues} *** cyprodinil   - {pesticide residues} *** dimethomorph   - {pesticide residues} *** dithiocarbamates   - {pesticide residues} *** emamectin   - {pesticide residues} *** fluopyram   - {pesticide residues} *** mefentrifluconazole  - {pesticide residues} *** penconazole   - {pesticide residues} *** pyrimethanil   - {pesticide residues} *** tetraconazole   - {pesticide residues} *** trifloxystrobin   - {pesticide residues},Azoxystrobin,False,alert notification,official control on the market,potentially serious,distribution to other member countries,Pesticide residues in grape leaves in brine from Türkiye
2025.6354,2025-08-20,Türkiye,Germany,grape leaves in brine,fruits and vegetables,Azoxystrobin   - {pesticide residues} *** Spirotetramat  unauthorised substance - {pesticide residues} *** acetamiprid   - {pesticide residues} *** benalaxyl-M  - {pesticide residues} *** boscalid   - {pesticide residues} *** bromuconazole  - {pesticide residues} *** cyprodinil   - {pesticide residues} *** dimethomorph   - {pesticide residues} *** dithiocarbamates   - {pesticide residues} *** emamectin   - {pesticide residues} *** fluopyram   - {pesticide residues} *** mefentrifluconazole  - {pesticide residues} *** penconazole   - {pesticide residues} *** pyrimethanil   - {pesticide residues} *** tetraconazole   - {pesticide residues} *** trifloxystrobin   - {pesticide residues},Spirotetramat,True,alert notification,official control on the market,potentially serious,distribution to other member countries,Pesticide residues in grape leaves in brine from Türkiye
2025.6354,2025-08-20,Türkiye,Germany,grape leaves in brine,fruits and vegetables,Azoxystrobin   - {pesticide residues} *** Spirotetramat  unauthorised substance - {pesticide residues} *** acetamiprid   - {pesticide residues} *** benalaxyl-M  - {pesticide residues} *** boscalid   - {pesticide residues} *** bromuconazole  - {pesticide residues} *** cyprodinil   - {pesticide residues} *** dimethomorph   - {pesticide residues} *** dithiocarbamates   - {pesticide residues} *** emamectin   - {pesticide residues} *** fluopyram   - {pesticide residues} *** mefentrifluconazole  - {pesticide residues} *** penconazole   - {pesticide residues} *** pyrimethanil   - {pesticide residues} *** tetraconazole   - {pesticide residues} *** trifloxystrobin   - {pesticide residues},acetamiprid,False,alert notification,official control on the market,potentially serious,distribution to other member countries,Pesticide residues in grape leaves in brine from Türkiye
2025.6354,2025-08-20,Türkiye,Germany,grape leaves in brine,fruits and vegetables,Azoxystrobin   - {pesticide residues} *** Spirotetramat  unauthorised substance - {pesticide residues} *** acetamiprid   - {pesticide residues} *** benalaxyl-M  - {pesticide residues} *** boscalid   - {pesticide residues} *** bromuconazole  - {pesticide residues} *** cyprodinil   - {pesticide residues} *** dimethomorph   - {pesticide residues} *** dithiocarbamates   - {pesticide residues} *** emamectin   - {pesticide residues} *** fluopyram   - {pesticide residues} *** mefentrifluconazole  - {pesticide residues} *** penconazole   - {pesticide residues} *** pyrimethanil   - {pesticide residues} *** tetraconazole   - {pesticide residues} *** trifloxystrobin   - {pesticide residues},benalaxyl-M,False,alert notification,official control on the market,potentially serious,distribution to other member countries,Pesticide residues in grape leaves in brine from Türkiye
2025.6354,2025-08-20,Türkiye,Germany,grape leaves in brine,fruits and vegetables,Azoxystrobin   - {pesticide residues} *** Spirotetramat  unauthorised substance - {pesticide residues} *** acetamiprid   - {pesticide residues} *** benalaxyl-M  - {pesticide residues} *** boscalid   - {pesticide residues} *** bromuconazole  - {pesticide residues} *** cyprodinil   - {pesticide residues} *** dimethomorph   - {pesticide residues} *** dithiocarbamates   - {pesticide residues} *** emamectin   - {pesticide residues} *** fluopyram   - {pesticide residues} *** mefentrifluconazole  - {pesticide residues} *** penconazole   - {pesticide residues} *** pyrimethanil   - {pesticide residues} *** tetraconazole   - {pesticide residues} *** trifloxystrobin   - {pesticide residues},boscalid,False,alert notification,official control on the market,potentially serious,distribution to other member countries,Pesticide residues in grape leaves in brine from Türkiye
2025.6354,2025-08-20,Türkiye,Germany,grape leaves in brine,fruits and vegetables,Azoxystrobin   - {pesticide residues} *** Spirotetramat  unauthorised substance - {pesticide residues} *** acetamiprid   - {pesticide residues} *** benalaxyl-M  - {pesticide residues} *** boscalid   - {pesticide residues} *** bromuconazole  - {pesticide residues} *** cyprodinil   - {pesticide residues} *** dimethomorph   - {pesticide residues} *** dithiocarbamates   - {pesticide residues} *** emamectin   - {pesticide residues} *** fluopyram   - {pesticide residues} *** mefentrifluconazole  - {pesticide residues} *** penconazole   - {pesticide residues} *** pyrimethanil   - {pesticide residues} *** tetraconazole   - {pesticide residues} *** trifloxystrobin   - {pesticide residues},bromuconazole,False,alert notification,official control on the market,potentially serious,distribution to other member countries,Pesticide residues in grape leaves in brine from Türkiye
2025.6354,2025-08-20,Türkiye,Germany,grape leaves in brine,fruits and vegetables,Azoxystrobin   - {pesticide residues} *** Spirotetramat  unauthorised substance - {pesticide residues} *** acetamiprid   - {pesticide residues} *** benalaxyl-M  - {pesticide residues} *** boscalid   - {pesticide residues} *** bromuconazole  - {pesticide residues} *** cyprodinil   - {pesticide residues} *** dimethomorph   - {pesticide residues} *** dithiocarbamates   - {pesticide residues} *** emamectin   - {pesticide residues} *** fluopyram   - {pesticide residues} *** mefentrifluconazole  - {pesticide residues} *** penconazole   - {pesticide residues} *** pyrimethanil   - {pesticide residues} *** tetraconazole   - {pesticide residues} *** trifloxystrobin   - {pesticide residues},cyprodinil,False,alert notification,official control on the market,potentially serious,distribution to other member countries,Pesticide residues in grape leaves in brine from Türkiye
2025.6354,2025-08-20,Türkiye,Germany,grape leaves in brine,fruits and vegetables,Azoxystrobin   - {pesticide residues} *** Spirotetramat  unauthorised substance - {pesticide residues} *** acetamiprid   - {pesticide residues} *** benalaxyl-M  - {pesticide residues} *** boscalid   - {pesticide residues} *** bromuconazole  - {pesticide residues} *** cyprodinil   - {pesticide residues} *** dimethomorph   - {pesticide residues} *** dithiocarbamates   - {pesticide residues} *** emamectin   - {pesticide residues} *** fluopyram   - {pesticide residues} *** mefentrifluconazole  - {pesticide residues} *** penconazole   - {pesticide residues} *** pyrimethanil   - {pesticide residues} *** tetraconazole   - {pesticide residues} *** trifloxystrobin   - {pesticide residues},dimethomorph,False,alert notification,official control on the market,potentially serious,distribution to other member countries,Pesticide residues in grape leaves in brine from Türkiye
2025.6354,2025-08-20,Türkiye,Germany,grape leaves in brine,fruits and vegetables,Azoxystrobin   - {pesticide residues} *** Spirotetramat  unauthorised substance - {pesticide residues} *** acetamiprid   - {pesticide residues} *** benalaxyl-M  - {pesticide residues} *** boscalid   - {pesticide residues} *** bromuconazole  - {pesticide residues} *** cyprodinil   - {pesticide residues} *** dimethomorph   - {pesticide residues} *** dithiocarbamates   - {pesticide residues} *** emamectin   - {pesticide residues} *** fluopyram   - {pesticide residues} *** mefentrifluconazole  - {pesticide residues} *** penconazole   - {pesticide residues} *** pyrimethanil   - {pesticide residues} *** tetraconazole   - {pesticide residues} *** trifloxystrobin   - {pesticide residues},dithiocarbamates,False,alert notification,official control on the market,potentially serious,distribution to other member countries,Pesticide residues in grape leaves in brine from Türkiye
2025.6354,2025-08-20,Türkiye,Germany,grape leaves in brine,fruits and vegetables,Azoxystrobin   - {pesticide residues} *** Spirotetramat  unauthorised substance - {pesticide residues} *** acetamiprid   - {pesticide residues} *** benalaxyl-M  - {pesticide residues} *** boscalid   - {pesticide residues} *** bromuconazole  - {pesticide residues} *** cyprodinil   - {pesticide residues} *** dimethomorph   - {pesticide residues} *** dithiocarbamates   - {pesticide residues} *** emamectin   - {pesticide residues} *** fluopyram   - {pesticide residues} *** mefentrifluconazole  - {pesticide residues} *** penconazole   - {pesticide residues} *** pyrimethanil   - {pesticide residues} *** tetraconazole   - {pesticide residues} *** trifloxystrobin   - {pesticide residues},emamectin,False,alert notification,official control on the market,potentially serious,distribution to other member countries,Pesticide residues in grape leaves in brine from Türkiye
2025.6354,2025-08-20,Türkiye,Germany,grape leaves in brine,fruits and vegetables,Azoxystrobin   - {pesticide residues} *** Spirotetramat  unauthorised substance - {pesticide residues} *** acetamiprid   - {pesticide residues} *** benalaxyl-M  - {pesticide residues} *** boscalid   - {pesticide residues} *** bromuconazole  - {pesticide residues} *** cyprodinil   - {pesticide residues} *** dimethomorph   - {pesticide residues} *** dithiocarbamates   - {pesticide residues} *** emamectin   - {pesticide residues} *** fluopyram   - {pesticide residues} *** mefentrifluconazole  - {pesticide residues} *** penconazole   - {pesticide residues} *** pyrimethanil   - {pesticide residues} *** tetraconazole   - {pesticide residues} *** trifloxystrobin   - {pesticide residues},fluopyram,False,alert notification,official control on the market,potentially serious,distribution to other member countries,Pesticide residues in grape leaves in brine from Türkiye
2025.6354,2025-08-20,Türkiye,Germany,grape leaves in brine,fruits and vegetables,Azoxystrobin   - {pesticide residues} *** Spirotetramat  unauthorised substance - {pesticide residues} *** acetamiprid   - {pesticide residues} *** benalaxyl-M  - {pesticide residues} *** boscalid   - {pesticide residues} *** bromuconazole  - {pesticide residues} *** cyprodinil   - {pesticide residues} *** dimethomorph   - {pesticide residues} *** dithiocarbamates   - {pesticide residues} *** emamectin   - {pesticide residues} *** fluopyram   - {pesticide residues} *** mefentrifluconazole  - {pesticide residues} *** penconazole   - {pesticide residues} *** pyrimethanil   - {pesticide residues} *** tetraconazole   - {pesticide residues} *** trifloxystrobin   - {pesticide residues},mefentrifluconazole,False,alert notification,official control on the market,potentially serious,distribution to other member countries,Pesticide residues in grape leaves in brine from Türkiye
2025.6354,2025-08-20,Türkiye,Germany,grape leaves in brine,fruits and vegetables,Azoxystrobin   - {pesticide residues} *** Spirotetramat  unauthorised substance - {pesticide residues} *** acetamiprid   - {pesticide residues} *** benalaxyl-M  - {pesticide residues} *** boscalid   - {pesticide residues} *** bromuconazole  - {pesticide residues} *** cyprodinil   - {pesticide residues} *** dimethomorph   - {pesticide residues} *** dithiocarbamates   - {pesticide residues} *** emamectin   - {pesticide residues} *** fluopyram   - {pesticide residues} *** mefentrifluconazole  - {pesticide residues} *** penconazole   - {pesticide residues} *** pyrimethanil   - {pesticide residues} *** tetraconazole   - {pesticide residues} *** trifloxystrobin   - {pesticide residues},penconazole,False,alert notification,official control on the market,potentially serious,distribution to other member countries,Pesticide residues in grape leaves in brine from Türkiye
2025.6354,2025-08-20,Türkiye,Germany,grape leaves in brine,fruits and vegetables,Azoxystrobin   - {pesticide residues} *** Spirotetramat  unauthorised substance - {pesticide residues} *** acetamiprid   - {pesticide residues} *** benalaxyl-M  - {pesticide residues} *** boscalid   - {pesticide residues} *** bromuconazole  - {pesticide residues} *** cyprodinil   - {pesticide residues} *** dimethomorph   - {pesticide residues} *** dithiocarbamates   - {pesticide residues} *** emamectin   - {pesticide residues} *** fluopyram   - {pesticide residues} *** mefentrifluconazole  - {pesticide residues} *** penconazole   - {pesticide residues} *** pyrimethanil   - {pesticide residues} *** tetraconazole   - {pesticide residues} *** trifloxystrobin   - {pesticide residues},pyrimethanil,False,alert notification,official control on the market,potentially serious,distribution to other member countries,Pesticide residues in grape leaves in brine from Türkiye
2025.6354,2025-08-20,Türkiye,Germany,grape leaves in brine,fruits and vegetables,Azoxystrobin   - {pesticide residues} *** Spirotetramat  unauthorised substance - {pesticide residues} *** acetamiprid   - {pesticide residues} *** benalaxyl-M  - {pesticide residues} *** boscalid   - {pesticide residues} *** bromuconazole  - {pesticide residues} *** cyprodinil   - {pesticide residues} *** dimethomorph   - {pesticide residues} *** dithiocarbamates   - {pesticide residues} *** emamectin   - {pesticide residues} *** fluopyram   - {pesticide residues} *** mefentrifluconazole  - {pesticide residues} *** penconazole   - {pesticide residues} *** pyrimethanil   - {pesticide residues} *** tetraconazole   - {pesticide residues} *** trifloxystrobin   - {pesticide residues},tetraconazole,False,alert notification,official control on the market,potentially serious,distribution to other member countries,Pesticide residues in grape leaves in brine from Türkiye
2025.6354,2025-08-20,Türkiye,Germany,grape leaves in brine,fruits and vegetables,Azoxystrobin   - {pesticide residues} *** Spirotetramat  unauthorised substance - {pesticide residues} *** acetamiprid   - {pesticide residues} *** benalaxyl-M  - {pesticide residues} *** boscalid   - {pesticide residues} *** bromuconazole  - {pesticide residues} *** cyprodinil   - {pesticide residues} *** dimethomorph   - {pesticide residues} *** dithiocarbamates   - {pesticide residues} *** emamectin   - {pesticide residues} *** fluopyram   - {pesticide residues} *** mefentrifluconazole  - {pesticide residues} *** penconazole   - {pesticide residues} *** pyrimethanil   - {pesticide residues} *** tetraconazole   - {pesticide residues} *** trifloxystrobin   - {pesticide residues},trifloxystrobin,False,alert notification,official control on the market,potentially serious,distribution to other member countries,Pesticide residues in grape leaves in brine from Türkiye
2025.6301,2025-08-19,Egypt,Germany,frozen strawberries ,fruits and vegetables,oxamyl  unauthorised substance - {pesticide residues},oxamyl,True,information notification for attention,company's own check,serious,product not (yet) placed on the market,Unauthorized substance oxamyl in frozen strawberries from Egypt
2025.6293,2025-08-19,Türkiye,Bulgaria,Sweet peppers,fruits and vegetables,Spirotetramat  unauthorised substance - {pesticide residues} *** acetamiprid   - {pesticide residues},Spirotetramat,True,border rejection notification,border control - consignment detained,serious,product not (yet) placed on the market,acetamiprid and spirotetramat in fresh peppers from Türkiye
2025.6293,2025-08-19,Türkiye,Bulgaria,Sweet peppers,fruits and vegetables,Spirotetramat  unauthorised substance - {pesticide residues} *** acetamiprid   - {pesticide residues},acetamiprid,False,border rejection notification,border control - consignment detained,serious,product not (yet) placed on the market,acetamiprid and spirotetramat in fresh peppers from Türkiye
2025.6212,2025-08-14,Türkiye,Romania,Piersici Paraguayos//paraguayos peaches,fruits and vegetables,methoxyfenozide   - {pesticide residues} *** phosmet  unauthorised substance - {},methoxyfenozide,False,information notification for attention,company's own check,potential risk,no distribution from notifying country,Exceeding of MRL for pesticides methoxyfenozide and phosmet in Paraguayos peaches from Turkey   ///   Depasirea limitei maxime admise pentru methoxyfenozide si phosmet in piersici Paraguayos origine Turcia
2025.6080,2025-08-11,Egypt,Slovenia,frozen strawberry,fruits and vegetables,oxamyl  unauthorised substance - {pesticide residues},oxamyl,True,information notification for attention,border control - consignment released,serious,no distribution from notifying country,Residue pesticide oxamyl in frozen strawberry from Egypt
2025.6052,2025-08-08,Egypt,Slovenia,frozen strawberry,fruits and vegetables,bifenazate  - {pesticide residues} *** oxamyl  unauthorised substance - {pesticide residues},bifenazate,False,alert notification,border control - consignment released,serious,distribution to other member countries,Residue pesticide oxamyl and bifenazate in frozen strawberry from Egypt
2025.6052,2025-08-08,Egypt,Slovenia,frozen strawberry,fruits and vegetables,bifenazate  - {pesticide residues} *** oxamyl  unauthorised substance - {pesticide residues},oxamyl,True,alert notification,border control - consignment released,serious,distribution to other member countries,Residue pesticide oxamyl and bifenazate in frozen strawberry from Egypt
2025.6045,2025-08-08,Türkiye,Romania,morcovi/carrots,fruits and vegetables,linuron   - {pesticide residues},linuron,False,information notification for attention,company's own check,serious,distribution restricted to notifying country,Depasirea limitei maxime admise pentru linuron in morcovi origine Turcia/Exceeding the maximum permitted limit for linuron in carrots from Turkey
2025.5690,2025-07-25,Kenya,Netherlands,Green Beans,fruits and vegetables,profenofos  unauthorised substance - {pesticide residues},profenofos,True,border rejection notification,border control - consignment detained,not serious,product not (yet) placed on the market,Green Beans Kenia Pesticide Residue
2025.5649,2025-07-24,Egypt,Germany,pickled vine leaves,fruits and vegetables,Azoxystrobin   - {pesticide residues} *** acetamiprid   - {pesticide residues} *** boscalid   - {pesticide residues} *** carbendazim  unauthorised substance - {pesticide residues} *** difenoconazole   - {pesticide residues} *** dimethomorph   - {pesticide residues} *** propiconazole   - {pesticide residues} *** thiophanate-methyl   - {pesticide residues} *** triadimenol   - {pesticide residues},Azoxystrobin,False,alert notification,official control on the market,serious,no distribution from notifying country,"Pesticide residues in pickled vine leaves from Egypt, via Sweden"
2025.5649,2025-07-24,Egypt,Germany,pickled vine leaves,fruits and vegetables,Azoxystrobin   - {pesticide residues} *** acetamiprid   - {pesticide residues} *** boscalid   - {pesticide residues} *** carbendazim  unauthorised substance - {pesticide residues} *** difenoconazole   - {pesticide residues} *** dimethomorph   - {pesticide residues} *** propiconazole   - {pesticide residues} *** thiophanate-methyl   - {pesticide residues} *** triadimenol   - {pesticide residues},acetamiprid,False,alert notification,official control on the market,serious,no distribution from notifying country,"Pesticide residues in pickled vine leaves from Egypt, via Sweden"
2025.5649,2025-07-24,Egypt,Germany,pickled vine leaves,fruits and vegetables,Azoxystrobin   - {pesticide residues} *** acetamiprid   - {pesticide residues} *** boscalid   - {pesticide residues} *** carbendazim  unauthorised substance - {pesticide residues} *** difenoconazole   - {pesticide residues} *** dimethomorph   - {pesticide residues} *** propiconazole   - {pesticide residues} *** thiophanate-methyl   - {pesticide residues} *** triadimenol   - {pesticide residues},boscalid,False,alert notification,official control on the market,serious,no distribution from notifying country,"Pesticide residues in pickled vine leaves from Egypt, via Sweden"
2025.5649,2025-07-24,Egypt,Germany,pickled vine leaves,fruits and vegetables,Azoxystrobin   - {pesticide residues} *** acetamiprid   - {pesticide residues} *** boscalid   - {pesticide residues} *** carbendazim  unauthorised substance - {pesticide residues} *** difenoconazole   - {pesticide residues} *** dimethomorph   - {pesticide residues} *** propiconazole   - {pesticide residues} *** thiophanate-methyl   - {pesticide residues} *** triadimenol   - {pesticide residues},carbendazim,True,alert notification,official control on the market,serious,no distribution from notifying country,"Pesticide residues in pickled vine leaves from Egypt, via Sweden"
2025.5649,2025-07-24,Egypt,Germany,pickled vine leaves,fruits and vegetables,Azoxystrobin   - {pesticide residues} *** acetamiprid   - {pesticide residues} *** boscalid   - {pesticide residues} *** carbendazim  unauthorised substance - {pesticide residues} *** difenoconazole   - {pesticide residues} *** dimethomorph   - {pesticide residues} *** propiconazole   - {pesticide residues} *** thiophanate-methyl   - {pesticide residues} *** triadimenol   - {pesticide residues},difenoconazole,False,alert notification,official control on the market,serious,no distribution from notifying country,"Pesticide residues in pickled vine leaves from Egypt, via Sweden"
2025.5649,2025-07-24,Egypt,Germany,pickled vine leaves,fruits and vegetables,Azoxystrobin   - {pesticide residues} *** acetamiprid   - {pesticide residues} *** boscalid   - {pesticide residues} *** carbendazim  unauthorised substance - {pesticide residues} *** difenoconazole   - {pesticide residues} *** dimethomorph   - {pesticide residues} *** propiconazole   - {pesticide residues} *** thiophanate-methyl   - {pesticide residues} *** triadimenol   - {pesticide residues},dimethomorph,False,alert notification,official control on the market,serious,no distribution from notifying country,"Pesticide residues in pickled vine leaves from Egypt, via Sweden"
2025.5649,2025-07-24,Egypt,Germany,pickled vine leaves,fruits and vegetables,Azoxystrobin   - {pesticide residues} *** acetamiprid   - {pesticide residues} *** boscalid   - {pesticide residues} *** carbendazim  unauthorised substance - {pesticide residues} *** difenoconazole   - {pesticide residues} *** dimethomorph   - {pesticide residues} *** propiconazole   - {pesticide residues} *** thiophanate-methyl   - {pesticide residues} *** triadimenol   - {pesticide residues},propiconazole,False,alert notification,official control on the market,serious,no distribution from notifying country,"Pesticide residues in pickled vine leaves from Egypt, via Sweden"
2025.5649,2025-07-24,Egypt,Germany,pickled vine leaves,fruits and vegetables,Azoxystrobin   - {pesticide residues} *** acetamiprid   - {pesticide residues} *** boscalid   - {pesticide residues} *** carbendazim  unauthorised substance - {pesticide residues} *** difenoconazole   - {pesticide residues} *** dimethomorph   - {pesticide residues} *** propiconazole   - {pesticide residues} *** thiophanate-methyl   - {pesticide residues} *** triadimenol   - {pesticide residues},thiophanate-methyl,False,alert notification,official control on the market,serious,no distribution from notifying country,"Pesticide residues in pickled vine leaves from Egypt, via Sweden"
2025.5649,2025-07-24,Egypt,Germany,pickled vine leaves,fruits and vegetables,Azoxystrobin   - {pesticide residues} *** acetamiprid   - {pesticide residues} *** boscalid   - {pesticide residues} *** carbendazim  unauthorised substance - {pesticide residues} *** difenoconazole   - {pesticide residues} *** dimethomorph   - {pesticide residues} *** propiconazole   - {pesticide residues} *** thiophanate-methyl   - {pesticide residues} *** triadimenol   - {pesticide residues},triadimenol,False,alert notification,official control on the market,serious,no distribution from notifying country,"Pesticide residues in pickled vine leaves from Egypt, via Sweden"
2025.5652,2025-07-24,Türkiye,Germany,pears,fruits and vegetables,thiacloprid   - {pesticide residues},thiacloprid,False,information notification for attention,official control on the market,serious,product (presumably) no longer on the market,Thiacloprid in pears from Turkey
2025.5615,2025-07-24,India,Greece,Turmeric powder,fruits and vegetables,chlorpyrifos  unauthorised substance - {pesticide residues},chlorpyrifos,True,border rejection notification,border control - consignment detained,potentially serious,product not (yet) placed on the market,Unauthorised substance chlorpyrifos in turmeric powder from India 
2025.5556,2025-07-22,Türkiye,Germany,Grape Leaves,fruits and vegetables,Azoxystrobin   - {pesticide residues} *** difenoconazole   - {pesticide residues} *** dimethomorph   - {pesticide residues} *** flutriafol   - {pesticide residues} *** trifloxystrobin   - {pesticide residues},Azoxystrobin,False,alert notification,official control on the market,serious,distribution to non-member countries only,Dimethomorph and Difenoconazol in grape leaves from Turkey
2025.5556,2025-07-22,Türkiye,Germany,Grape Leaves,fruits and vegetables,Azoxystrobin   - {pesticide residues} *** difenoconazole   - {pesticide residues} *** dimethomorph   - {pesticide residues} *** flutriafol   - {pesticide residues} *** trifloxystrobin   - {pesticide residues},difenoconazole,False,alert notification,official control on the market,serious,distribution to non-member countries only,Dimethomorph and Difenoconazol in grape leaves from Turkey
2025.5556,2025-07-22,Türkiye,Germany,Grape Leaves,fruits and vegetables,Azoxystrobin   - {pesticide residues} *** difenoconazole   - {pesticide residues} *** dimethomorph   - {pesticide residues} *** flutriafol   - {pesticide residues} *** trifloxystrobin   - {pesticide residues},dimethomorph,False,alert notification,official control on the market,serious,distribution to non-member countries only,Dimethomorph and Difenoconazol in grape leaves from Turkey
2025.5556,2025-07-22,Türkiye,Germany,Grape Leaves,fruits and vegetables,Azoxystrobin   - {pesticide residues} *** difenoconazole   - {pesticide residues} *** dimethomorph   - {pesticide residues} *** flutriafol   - {pesticide residues} *** trifloxystrobin   - {pesticide residues},flutriafol,False,alert notification,official control on the market,serious,distribution to non-member countries only,Dimethomorph and Difenoconazol in grape leaves from Turkey
2025.5556,2025-07-22,Türkiye,Germany,Grape Leaves,fruits and vegetables,Azoxystrobin   - {pesticide residues} *** difenoconazole   - {pesticide residues} *** dimethomorph   - {pesticide residues} *** flutriafol   - {pesticide residues} *** trifloxystrobin   - {pesticide residues},trifloxystrobin,False,alert notification,official control on the market,serious,distribution to non-member countries only,Dimethomorph and Difenoconazol in grape leaves from Turkey
2025.5503,2025-07-18,Kenya,France,Green beans,fruits and vegetables,chlorfenapyr   - {pesticide residues},chlorfenapyr,False,border rejection notification,border control - consignment detained,not serious,product not (yet) placed on the market,Chlorfénapyr in green beans from Kenya
2025.5306,2025-07-11,Türkiye,Germany,wine leaves in brine,fruits and vegetables,cypermethrin   - {pesticide residues} *** fluopyram   - {pesticide residues} *** metalaxyl   - {pesticide residues} *** metrafenone    - {pesticide residues} *** tebuconazole   - {pesticide residues} *** triadimenol   - {pesticide residues} *** trifloxystrobin   - {pesticide residues} *** zoxamide   - {pesticide residues},cypermethrin,False,alert notification,official control on the market,serious,distribution to other member countries,Pesticide residues in wine leaves in brine from Türkiye
2025.5306,2025-07-11,Türkiye,Germany,wine leaves in brine,fruits and vegetables,cypermethrin   - {pesticide residues} *** fluopyram   - {pesticide residues} *** metalaxyl   - {pesticide residues} *** metrafenone    - {pesticide residues} *** tebuconazole   - {pesticide residues} *** triadimenol   - {pesticide residues} *** trifloxystrobin   - {pesticide residues} *** zoxamide   - {pesticide residues},fluopyram,False,alert notification,official control on the market,serious,distribution to other member countries,Pesticide residues in wine leaves in brine from Türkiye
2025.5306,2025-07-11,Türkiye,Germany,wine leaves in brine,fruits and vegetables,cypermethrin   - {pesticide residues} *** fluopyram   - {pesticide residues} *** metalaxyl   - {pesticide residues} *** metrafenone    - {pesticide residues} *** tebuconazole   - {pesticide residues} *** triadimenol   - {pesticide residues} *** trifloxystrobin   - {pesticide residues} *** zoxamide   - {pesticide residues},metalaxyl,False,alert notification,official control on the market,serious,distribution to other member countries,Pesticide residues in wine leaves in brine from Türkiye
2025.5306,2025-07-11,Türkiye,Germany,wine leaves in brine,fruits and vegetables,cypermethrin   - {pesticide residues} *** fluopyram   - {pesticide residues} *** metalaxyl   - {pesticide residues} *** metrafenone    - {pesticide residues} *** tebuconazole   - {pesticide residues} *** triadimenol   - {pesticide residues} *** trifloxystrobin   - {pesticide residues} *** zoxamide   - {pesticide residues},metrafenone,False,alert notification,official control on the market,serious,distribution to other member countries,Pesticide residues in wine leaves in brine from Türkiye
2025.5306,2025-07-11,Türkiye,Germany,wine leaves in brine,fruits and vegetables,cypermethrin   - {pesticide residues} *** fluopyram   - {pesticide residues} *** metalaxyl   - {pesticide residues} *** metrafenone    - {pesticide residues} *** tebuconazole   - {pesticide residues} *** triadimenol   - {pesticide residues} *** trifloxystrobin   - {pesticide residues} *** zoxamide   - {pesticide residues},tebuconazole,False,alert notification,official control on the market,serious,distribution to other member countries,Pesticide residues in wine leaves in brine from Türkiye
2025.5306,2025-07-11,Türkiye,Germany,wine leaves in brine,fruits and vegetables,cypermethrin   - {pesticide residues} *** fluopyram   - {pesticide residues} *** metalaxyl   - {pesticide residues} *** metrafenone    - {pesticide residues} *** tebuconazole   - {pesticide residues} *** triadimenol   - {pesticide residues} *** trifloxystrobin   - {pesticide residues} *** zoxamide   - {pesticide residues},triadimenol,False,alert notification,official control on the market,serious,distribution to other member countries,Pesticide residues in wine leaves in brine from Türkiye
2025.5306,2025-07-11,Türkiye,Germany,wine leaves in brine,fruits and vegetables,cypermethrin   - {pesticide residues} *** fluopyram   - {pesticide residues} *** metalaxyl   - {pesticide residues} *** metrafenone    - {pesticide residues} *** tebuconazole   - {pesticide residues} *** triadimenol   - {pesticide residues} *** trifloxystrobin   - {pesticide residues} *** zoxamide   - {pesticide residues},trifloxystrobin,False,alert notification,official control on the market,serious,distribution to other member countries,Pesticide residues in wine leaves in brine from Türkiye
2025.5306,2025-07-11,Türkiye,Germany,wine leaves in brine,fruits and vegetables,cypermethrin   - {pesticide residues} *** fluopyram   - {pesticide residues} *** metalaxyl   - {pesticide residues} *** metrafenone    - {pesticide residues} *** tebuconazole   - {pesticide residues} *** triadimenol   - {pesticide residues} *** trifloxystrobin   - {pesticide residues} *** zoxamide   - {pesticide residues},zoxamide,False,alert notification,official control on the market,serious,distribution to other member countries,Pesticide residues in wine leaves in brine from Türkiye
2025.5287,2025-07-11,Kenya,Netherlands,Peppers (other than sweet) (Capsicum spp.),fruits and vegetables,chlorfenapyr  unauthorised substance - {pesticide residues},chlorfenapyr,True,border rejection notification,border control - consignment detained,not serious,product not (yet) placed on the market,Rawit Red ex Kenia Pesticide Residue
2025.5193,2025-07-08,Egypt,Austria,Tafeltrauben rot /// Red grapes,fruits and vegetables,ethephon   - {pesticide residues},ethephon,False,information notification for attention,company's own check,serious,product (presumably) no longer on the market,Ethephon in grapes from Egypt via Cyprus
2025.5094,2025-07-04,Egypt,Croatia,Frozen strawberries,fruits and vegetables,bifenazate  - {pesticide residues},bifenazate,False,border rejection notification,border control - consignment detained,no risk,distribution to non-member countries only,Bifenasate in frozen srawbwerries
2025.5099,2025-07-04,Egypt,Belgium,Strawberries,fruits and vegetables,oxamyl  unauthorised substance - {pesticide residues},oxamyl,True,information notification for attention,company's own check,serious,distribution restricted to notifying country,Oxamyl in frozen strawberries from Egypt
2025.5098,2025-07-04,Egypt,Cyprus,Fresh Lemon,fruits and vegetables,chlorpyrifos  unauthorised substance - {pesticide residues},chlorpyrifos,True,information notification for attention,border control - consignment released,potentially serious,product (presumably) no longer on the market,Residues of unauthorized pesticides Chlorpyrifos in Fresh Lemon from Egypt
2025.4987,2025-07-02,Türkiye,Lithuania,Pomegranates,fruits and vegetables,imazalil   - {pesticide residues} *** prochloraz   - {pesticide residues},imazalil,False,information notification for follow-up,official control on the market,potential risk,distribution to other member countries,Pomegranates from Turkey contain excessive levels of pesticides
2025.4987,2025-07-02,Türkiye,Lithuania,Pomegranates,fruits and vegetables,imazalil   - {pesticide residues} *** prochloraz   - {pesticide residues},prochloraz,False,information notification for follow-up,official control on the market,potential risk,distribution to other member countries,Pomegranates from Turkey contain excessive levels of pesticides
2025.4907,2025-06-30,Türkiye,Bulgaria,Sweet peppers,fruits and vegetables,formetanate   - {pesticide residues},formetanate,False,border rejection notification,border control - consignment detained,serious,product not (yet) placed on the market,formetanate in fresh peppers from Türkiye
2025.4671,2025-06-23,Egypt,Poland,Truskawka niekalibrowana klasa A,fruits and vegetables,bifenazate  - {pesticide residues},bifenazate,False,information notification for attention,official control on the market,potential risk,product not (yet) placed on the market,przekroczenie NDP bifenazatu (suma bifenazatu i diazenu bifenazatu wyrażona jako bifenazat) w mrożonych truskawkach pochodzących z Egiptu/// exceedance of the MRL for bifenazate (sum of bifenazate and bifenazate diazene expressed as bifenazate) in frozen strawberries from Egypt 
2025.4670,2025-06-23,Kenya,Netherlands,"green beans, wax beans and string beans",fruits and vegetables,chlorfenapyr  unauthorised substance - {pesticide residues},chlorfenapyr,True,border rejection notification,border control - consignment detained,not serious,product not (yet) placed on the market,Beans Kenia Pesticide Residue
2025.4626,2025-06-20,Türkiye,Germany,pears,fruits and vegetables,acetamiprid   - {pesticide residues} *** diflubenzuron   - {pesticide residues} *** lambda-cyhalothrin   - {pesticide residues},acetamiprid,False,information notification for attention,official control on the market,serious,no distribution from notifying country,Pesticide residues in pears from Türkiye
2025.4626,2025-06-20,Türkiye,Germany,pears,fruits and vegetables,acetamiprid   - {pesticide residues} *** diflubenzuron   - {pesticide residues} *** lambda-cyhalothrin   - {pesticide residues},diflubenzuron,False,information notification for attention,official control on the market,serious,no distribution from notifying country,Pesticide residues in pears from Türkiye
2025.4626,2025-06-20,Türkiye,Germany,pears,fruits and vegetables,acetamiprid   - {pesticide residues} *** diflubenzuron   - {pesticide residues} *** lambda-cyhalothrin   - {pesticide residues},lambda-cyhalothrin,False,information notification for attention,official control on the market,serious,no distribution from notifying country,Pesticide residues in pears from Türkiye
2025.4559,2025-06-18,Egypt,Italy,Fresh Valencia Orange,fruits and vegetables,chlorpropham   - {pesticide residues},chlorpropham,False,border rejection notification,border control - consignment detained,potentially serious,product not (yet) placed on the market,Pesticide Chlorpropham above legal limits in Oranges from EGYPT
2025.4570,2025-06-18,Türkiye,Germany,grape leaves,fruits and vegetables,Azoxystrobin   - {pesticide residues} *** bifenazate  - {pesticide residues} *** dimethomorph   - {pesticide residues} *** dithiocarbamates   - {pesticide residues} *** flutriafol   - {pesticide residues} *** indoxacarb   - {pesticide residues} *** iprovalicarb  unauthorised substance - {pesticide residues} *** lambda-cyhalothrin   - {pesticide residues},Azoxystrobin,False,alert notification,official control on the market,potentially serious,distribution to other member countries,Dimethomorph and iprovalicarb in grape leaves from Turkey
2025.4570,2025-06-18,Türkiye,Germany,grape leaves,fruits and vegetables,Azoxystrobin   - {pesticide residues} *** bifenazate  - {pesticide residues} *** dimethomorph   - {pesticide residues} *** dithiocarbamates   - {pesticide residues} *** flutriafol   - {pesticide residues} *** indoxacarb   - {pesticide residues} *** iprovalicarb  unauthorised substance - {pesticide residues} *** lambda-cyhalothrin   - {pesticide residues},bifenazate,False,alert notification,official control on the market,potentially serious,distribution to other member countries,Dimethomorph and iprovalicarb in grape leaves from Turkey
2025.4570,2025-06-18,Türkiye,Germany,grape leaves,fruits and vegetables,Azoxystrobin   - {pesticide residues} *** bifenazate  - {pesticide residues} *** dimethomorph   - {pesticide residues} *** dithiocarbamates   - {pesticide residues} *** flutriafol   - {pesticide residues} *** indoxacarb   - {pesticide residues} *** iprovalicarb  unauthorised substance - {pesticide residues} *** lambda-cyhalothrin   - {pesticide residues},dimethomorph,False,alert notification,official control on the market,potentially serious,distribution to other member countries,Dimethomorph and iprovalicarb in grape leaves from Turkey
2025.4570,2025-06-18,Türkiye,Germany,grape leaves,fruits and vegetables,Azoxystrobin   - {pesticide residues} *** bifenazate  - {pesticide residues} *** dimethomorph   - {pesticide residues} *** dithiocarbamates   - {pesticide residues} *** flutriafol   - {pesticide residues} *** indoxacarb   - {pesticide residues} *** iprovalicarb  unauthorised substance - {pesticide residues} *** lambda-cyhalothrin   - {pesticide residues},dithiocarbamates,False,alert notification,official control on the market,potentially serious,distribution to other member countries,Dimethomorph and iprovalicarb in grape leaves from Turkey
2025.4570,2025-06-18,Türkiye,Germany,grape leaves,fruits and vegetables,Azoxystrobin   - {pesticide residues} *** bifenazate  - {pesticide residues} *** dimethomorph   - {pesticide residues} *** dithiocarbamates   - {pesticide residues} *** flutriafol   - {pesticide residues} *** indoxacarb   - {pesticide residues} *** iprovalicarb  unauthorised substance - {pesticide residues} *** lambda-cyhalothrin   - {pesticide residues},flutriafol,False,alert notification,official control on the market,potentially serious,distribution to other member countries,Dimethomorph and iprovalicarb in grape leaves from Turkey
2025.4570,2025-06-18,Türkiye,Germany,grape leaves,fruits and vegetables,Azoxystrobin   - {pesticide residues} *** bifenazate  - {pesticide residues} *** dimethomorph   - {pesticide residues} *** dithiocarbamates   - {pesticide residues} *** flutriafol   - {pesticide residues} *** indoxacarb   - {pesticide residues} *** iprovalicarb  unauthorised substance - {pesticide residues} *** lambda-cyhalothrin   - {pesticide residues},indoxacarb,False,alert notification,official control on the market,potentially serious,distribution to other member countries,Dimethomorph and iprovalicarb in grape leaves from Turkey
2025.4570,2025-06-18,Türkiye,Germany,grape leaves,fruits and vegetables,Azoxystrobin   - {pesticide residues} *** bifenazate  - {pesticide residues} *** dimethomorph   - {pesticide residues} *** dithiocarbamates   - {pesticide residues} *** flutriafol   - {pesticide residues} *** indoxacarb   - {pesticide residues} *** iprovalicarb  unauthorised substance - {pesticide residues} *** lambda-cyhalothrin   - {pesticide residues},iprovalicarb,True,alert notification,official control on the market,potentially serious,distribution to other member countries,Dimethomorph and iprovalicarb in grape leaves from Turkey
2025.4570,2025-06-18,Türkiye,Germany,grape leaves,fruits and vegetables,Azoxystrobin   - {pesticide residues} *** bifenazate  - {pesticide residues} *** dimethomorph   - {pesticide residues} *** dithiocarbamates   - {pesticide residues} *** flutriafol   - {pesticide residues} *** indoxacarb   - {pesticide residues} *** iprovalicarb  unauthorised substance - {pesticide residues} *** lambda-cyhalothrin   - {pesticide residues},lambda-cyhalothrin,False,alert notification,official control on the market,potentially serious,distribution to other member countries,Dimethomorph and iprovalicarb in grape leaves from Turkey
2025.4465,2025-06-13,Türkiye,Croatia,fresh peaches,fruits and vegetables,dimethoate   - {pesticide residues},dimethoate,False,border rejection notification,border control - consignment detained,potential risk,product allowed to travel to destination under customs seals,Dimethoate in peaches from Turkey
2025.4405,2025-06-12,Türkiye,Italy,Foglie di vite / Vine leaves,fruits and vegetables,boscalid   - {pesticide residues} *** dithiocarbamates   - {pesticide residues} *** pyraclostrobin   - {pesticide residues},boscalid,False,border rejection notification,border control - consignment detained,potentially serious,product not (yet) placed on the market,"dithiocarbamates , boscalid,pyraclotrobin in folgie di vite dalla Turchia "
2025.4405,2025-06-12,Türkiye,Italy,Foglie di vite / Vine leaves,fruits and vegetables,boscalid   - {pesticide residues} *** dithiocarbamates   - {pesticide residues} *** pyraclostrobin   - {pesticide residues},dithiocarbamates,False,border rejection notification,border control - consignment detained,potentially serious,product not (yet) placed on the market,"dithiocarbamates , boscalid,pyraclotrobin in folgie di vite dalla Turchia "
2025.4405,2025-06-12,Türkiye,Italy,Foglie di vite / Vine leaves,fruits and vegetables,boscalid   - {pesticide residues} *** dithiocarbamates   - {pesticide residues} *** pyraclostrobin   - {pesticide residues},pyraclostrobin,False,border rejection notification,border control - consignment detained,potentially serious,product not (yet) placed on the market,"dithiocarbamates , boscalid,pyraclotrobin in folgie di vite dalla Turchia "
2025.4392,2025-06-11,Türkiye,Italy,red and green jalapenos,fruits and vegetables,tetramethrin   unauthorised - {pesticide residues},tetramethrin,True,information notification for follow-up,border control - consignment released,potentially serious,distribution to other member countries,tetramethrin in green and red jalapenos (pepper) from Turkiye
2025.4390,2025-06-11,India,France,Drumsticks (Moringa oleifera),fruits and vegetables,tricyclazole  unauthorised substance - {pesticide residues},tricyclazole,True,border rejection notification,border control - consignment detained,not serious,product not (yet) placed on the market,Tricyclazole in drumsticks from India
2025.4336,2025-06-10,India,Germany,bottle gourd,fruits and vegetables,dimethoate   - {pesticide residues},dimethoate,False,border rejection notification,border control - consignment detained,serious,product not (yet) placed on the market,Dimethoate in bottle gourd from India
2025.4263,2025-06-06,Egypt,Netherlands,Oranges,fruits and vegetables,chlorpropham   - {pesticide residues},chlorpropham,False,border rejection notification,border control - consignment detained,not serious,product not (yet) placed on the market,Pesticide residues in Egyptian Oranges
2025.4294,2025-06-06,Egypt,Germany,wine leaves in brine,fruits and vegetables,acetamiprid   - {pesticide residues} *** boscalid   - {pesticide residues} *** carbendazim   - {pesticide residues} *** clofentezine   - {pesticide residues} *** diflubenzuron   - {pesticide residues} *** imidacloprid   - {pesticide residues} *** lambda-cyhalothrin   - {pesticide residues} *** lufenuron   - {pesticide residues} *** propiconazole   - {pesticide residues} *** tebuconazole   - {pesticide residues} *** thiophanate-methyl   - {pesticide residues},acetamiprid,False,alert notification,official control on the market,potentially serious,no distribution from notifying country,"Carbendazim, propiconazole, thiophanate-methyl, tebuconazole and acetamiprid in wine leaves in brine from Egypt, via the Netherlands"
2025.4294,2025-06-06,Egypt,Germany,wine leaves in brine,fruits and vegetables,acetamiprid   - {pesticide residues} *** boscalid   - {pesticide residues} *** carbendazim   - {pesticide residues} *** clofentezine   - {pesticide residues} *** diflubenzuron   - {pesticide residues} *** imidacloprid   - {pesticide residues} *** lambda-cyhalothrin   - {pesticide residues} *** lufenuron   - {pesticide residues} *** propiconazole   - {pesticide residues} *** tebuconazole   - {pesticide residues} *** thiophanate-methyl   - {pesticide residues},boscalid,False,alert notification,official control on the market,potentially serious,no distribution from notifying country,"Carbendazim, propiconazole, thiophanate-methyl, tebuconazole and acetamiprid in wine leaves in brine from Egypt, via the Netherlands"
2025.4294,2025-06-06,Egypt,Germany,wine leaves in brine,fruits and vegetables,acetamiprid   - {pesticide residues} *** boscalid   - {pesticide residues} *** carbendazim   - {pesticide residues} *** clofentezine   - {pesticide residues} *** diflubenzuron   - {pesticide residues} *** imidacloprid   - {pesticide residues} *** lambda-cyhalothrin   - {pesticide residues} *** lufenuron   - {pesticide residues} *** propiconazole   - {pesticide residues} *** tebuconazole   - {pesticide residues} *** thiophanate-methyl   - {pesticide residues},carbendazim,False,alert notification,official control on the market,potentially serious,no distribution from notifying country,"Carbendazim, propiconazole, thiophanate-methyl, tebuconazole and acetamiprid in wine leaves in brine from Egypt, via the Netherlands"
2025.4294,2025-06-06,Egypt,Germany,wine leaves in brine,fruits and vegetables,acetamiprid   - {pesticide residues} *** boscalid   - {pesticide residues} *** carbendazim   - {pesticide residues} *** clofentezine   - {pesticide residues} *** diflubenzuron   - {pesticide residues} *** imidacloprid   - {pesticide residues} *** lambda-cyhalothrin   - {pesticide residues} *** lufenuron   - {pesticide residues} *** propiconazole   - {pesticide residues} *** tebuconazole   - {pesticide residues} *** thiophanate-methyl   - {pesticide residues},clofentezine,False,alert notification,official control on the market,potentially serious,no distribution from notifying country,"Carbendazim, propiconazole, thiophanate-methyl, tebuconazole and acetamiprid in wine leaves in brine from Egypt, via the Netherlands"
2025.4294,2025-06-06,Egypt,Germany,wine leaves in brine,fruits and vegetables,acetamiprid   - {pesticide residues} *** boscalid   - {pesticide residues} *** carbendazim   - {pesticide residues} *** clofentezine   - {pesticide residues} *** diflubenzuron   - {pesticide residues} *** imidacloprid   - {pesticide residues} *** lambda-cyhalothrin   - {pesticide residues} *** lufenuron   - {pesticide residues} *** propiconazole   - {pesticide residues} *** tebuconazole   - {pesticide residues} *** thiophanate-methyl   - {pesticide residues},diflubenzuron,False,alert notification,official control on the market,potentially serious,no distribution from notifying country,"Carbendazim, propiconazole, thiophanate-methyl, tebuconazole and acetamiprid in wine leaves in brine from Egypt, via the Netherlands"
2025.4294,2025-06-06,Egypt,Germany,wine leaves in brine,fruits and vegetables,acetamiprid   - {pesticide residues} *** boscalid   - {pesticide residues} *** carbendazim   - {pesticide residues} *** clofentezine   - {pesticide residues} *** diflubenzuron   - {pesticide residues} *** imidacloprid   - {pesticide residues} *** lambda-cyhalothrin   - {pesticide residues} *** lufenuron   - {pesticide residues} *** propiconazole   - {pesticide residues} *** tebuconazole   - {pesticide residues} *** thiophanate-methyl   - {pesticide residues},imidacloprid,False,alert notification,official control on the market,potentially serious,no distribution from notifying country,"Carbendazim, propiconazole, thiophanate-methyl, tebuconazole and acetamiprid in wine leaves in brine from Egypt, via the Netherlands"
2025.4294,2025-06-06,Egypt,Germany,wine leaves in brine,fruits and vegetables,acetamiprid   - {pesticide residues} *** boscalid   - {pesticide residues} *** carbendazim   - {pesticide residues} *** clofentezine   - {pesticide residues} *** diflubenzuron   - {pesticide residues} *** imidacloprid   - {pesticide residues} *** lambda-cyhalothrin   - {pesticide residues} *** lufenuron   - {pesticide residues} *** propiconazole   - {pesticide residues} *** tebuconazole   - {pesticide residues} *** thiophanate-methyl   - {pesticide residues},lambda-cyhalothrin,False,alert notification,official control on the market,potentially serious,no distribution from notifying country,"Carbendazim, propiconazole, thiophanate-methyl, tebuconazole and acetamiprid in wine leaves in brine from Egypt, via the Netherlands"
2025.4294,2025-06-06,Egypt,Germany,wine leaves in brine,fruits and vegetables,acetamiprid   - {pesticide residues} *** boscalid   - {pesticide residues} *** carbendazim   - {pesticide residues} *** clofentezine   - {pesticide residues} *** diflubenzuron   - {pesticide residues} *** imidacloprid   - {pesticide residues} *** lambda-cyhalothrin   - {pesticide residues} *** lufenuron   - {pesticide residues} *** propiconazole   - {pesticide residues} *** tebuconazole   - {pesticide residues} *** thiophanate-methyl   - {pesticide residues},lufenuron,False,alert notification,official control on the market,potentially serious,no distribution from notifying country,"Carbendazim, propiconazole, thiophanate-methyl, tebuconazole and acetamiprid in wine leaves in brine from Egypt, via the Netherlands"
2025.4294,2025-06-06,Egypt,Germany,wine leaves in brine,fruits and vegetables,acetamiprid   - {pesticide residues} *** boscalid   - {pesticide residues} *** carbendazim   - {pesticide residues} *** clofentezine   - {pesticide residues} *** diflubenzuron   - {pesticide residues} *** imidacloprid   - {pesticide residues} *** lambda-cyhalothrin   - {pesticide residues} *** lufenuron   - {pesticide residues} *** propiconazole   - {pesticide residues} *** tebuconazole   - {pesticide residues} *** thiophanate-methyl   - {pesticide residues},propiconazole,False,alert notification,official control on the market,potentially serious,no distribution from notifying country,"Carbendazim, propiconazole, thiophanate-methyl, tebuconazole and acetamiprid in wine leaves in brine from Egypt, via the Netherlands"
2025.4294,2025-06-06,Egypt,Germany,wine leaves in brine,fruits and vegetables,acetamiprid   - {pesticide residues} *** boscalid   - {pesticide residues} *** carbendazim   - {pesticide residues} *** clofentezine   - {pesticide residues} *** diflubenzuron   - {pesticide residues} *** imidacloprid   - {pesticide residues} *** lambda-cyhalothrin   - {pesticide residues} *** lufenuron   - {pesticide residues} *** propiconazole   - {pesticide residues} *** tebuconazole   - {pesticide residues} *** thiophanate-methyl   - {pesticide residues},tebuconazole,False,alert notification,official control on the market,potentially serious,no distribution from notifying country,"Carbendazim, propiconazole, thiophanate-methyl, tebuconazole and acetamiprid in wine leaves in brine from Egypt, via the Netherlands"
2025.4294,2025-06-06,Egypt,Germany,wine leaves in brine,fruits and vegetables,acetamiprid   - {pesticide residues} *** boscalid   - {pesticide residues} *** carbendazim   - {pesticide residues} *** clofentezine   - {pesticide residues} *** diflubenzuron   - {pesticide residues} *** imidacloprid   - {pesticide residues} *** lambda-cyhalothrin   - {pesticide residues} *** lufenuron   - {pesticide residues} *** propiconazole   - {pesticide residues} *** tebuconazole   - {pesticide residues} *** thiophanate-methyl   - {pesticide residues},thiophanate-methyl,False,alert notification,official control on the market,potentially serious,no distribution from notifying country,"Carbendazim, propiconazole, thiophanate-methyl, tebuconazole and acetamiprid in wine leaves in brine from Egypt, via the Netherlands"
2025.4262,2025-06-06,India,Netherlands,Okra,fruits and vegetables,acephate  unauthorised substance - {pesticide residues} *** monocrotophos  unauthorised substance - {pesticide residues} *** thiamethoxam   - {pesticide residues},acephate,True,border rejection notification,border control - consignment detained,not serious,product not (yet) placed on the market,Pesticide residues in Indian Okra's
2025.4262,2025-06-06,India,Netherlands,Okra,fruits and vegetables,acephate  unauthorised substance - {pesticide residues} *** monocrotophos  unauthorised substance - {pesticide residues} *** thiamethoxam   - {pesticide residues},monocrotophos,True,border rejection notification,border control - consignment detained,not serious,product not (yet) placed on the market,Pesticide residues in Indian Okra's
2025.4262,2025-06-06,India,Netherlands,Okra,fruits and vegetables,acephate  unauthorised substance - {pesticide residues} *** monocrotophos  unauthorised substance - {pesticide residues} *** thiamethoxam   - {pesticide residues},thiamethoxam,False,border rejection notification,border control - consignment detained,not serious,product not (yet) placed on the market,Pesticide residues in Indian Okra's
2025.4253,2025-06-05,Türkiye,Germany,grape leaves,fruits and vegetables,dimethomorph   - {pesticide residues},dimethomorph,False,alert notification,official control on the market,serious,distribution to other member countries,Dimethomorph in grape leaves from Turkey
2025.4167,2025-06-03,India,France,Drumsticks (Moringa oleifera),fruits and vegetables,monocrotophos  unauthorised substance - {pesticide residues},monocrotophos,True,border rejection notification,border control - consignment detained,potentially serious,product not (yet) placed on the market,Monocrotophos in drumstick (moringa oleifera) leaves from India
2025.3993,2025-05-28,Egypt,Romania,FRESH EGYPTIAN VALENCIA ORANGE,fruits and vegetables,flumetralin  - {pesticide residues},flumetralin,False,border rejection notification,border control - consignment detained,potentially serious,product not (yet) placed on the market,Exceeded PESTICIDES Flumetralin in oranges from Egipt
2025.3922,2025-05-26,Morocco,Belgium,Apricots,fruits and vegetables,dimethoate   - {pesticide residues},dimethoate,False,information notification for attention,company's own check,potentially serious,distribution restricted to notifying country,Dimethoate in frozen apricots from Morocco
2025.3910,2025-05-26,Egypt,Italy,Orange,fruits and vegetables,chlorpropham   - {pesticide residues},chlorpropham,False,border rejection notification,border control - consignment detained,potentially serious,no distribution from notifying country,Chlorpropham in Orange from Egypt
2025.3912,2025-05-26,Egypt,Italy,Orange,fruits and vegetables,chlorpropham   - {pesticide residues},chlorpropham,False,border rejection notification,border control - consignment detained,potentially serious,no distribution from notifying country,Chlorpropham in Orange from Egypt
2025.3849,2025-05-23,Türkiye,Bulgaria,Sweet peppers,fruits and vegetables,tebufenpyrad   - {pesticide residues},tebufenpyrad,False,border rejection notification,border control - consignment detained,serious,product not (yet) placed on the market,Tebufenpyrad in fresh peppers from Türkiye
2025.3805,2025-05-22,Egypt,Romania,Piersici origine Egipt  /// Peaches from Egypt,fruits and vegetables,chlorpyrifos  unauthorised substance - {pesticide residues} *** imidacloprid   - {pesticide residues},chlorpyrifos,True,information notification for attention,border control - consignment released,potentially serious,information on distribution not (yet) available,Exceeding the pesticide MRL (CHLORPYRIFOS and IMIDACLOPRID) in peaches from Egypt  //////  Depasire LMA pesticide (CHLORPYRIFOS si IMIDACLOPRID) in piersici origine Egipt 
2025.3805,2025-05-22,Egypt,Romania,Piersici origine Egipt  /// Peaches from Egypt,fruits and vegetables,chlorpyrifos  unauthorised substance - {pesticide residues} *** imidacloprid   - {pesticide residues},imidacloprid,False,information notification for attention,border control - consignment released,potentially serious,information on distribution not (yet) available,Exceeding the pesticide MRL (CHLORPYRIFOS and IMIDACLOPRID) in peaches from Egypt  //////  Depasire LMA pesticide (CHLORPYRIFOS si IMIDACLOPRID) in piersici origine Egipt 
2025.3740,2025-05-20,Egypt,Italy,ORANGES,fruits and vegetables,chlorpropham   - {pesticide residues},chlorpropham,False,border rejection notification,border control - consignment detained,potentially serious,product not (yet) placed on the market,Chlorpropham  in oranges from Egypt
2025.3762,2025-05-20,India,France,Drumsticks (Moringa oleifera),fruits and vegetables,acephate  unauthorised substance - {pesticide residues} *** methamidophos  unauthorised substance - {pesticide residues} *** monocrotophos  unauthorised substance - {pesticide residues},acephate,True,border rejection notification,border control - consignment detained,potentially serious,product not (yet) placed on the market,Multiple pesticide residues in drumsticks from India
2025.3762,2025-05-20,India,France,Drumsticks (Moringa oleifera),fruits and vegetables,acephate  unauthorised substance - {pesticide residues} *** methamidophos  unauthorised substance - {pesticide residues} *** monocrotophos  unauthorised substance - {pesticide residues},methamidophos,True,border rejection notification,border control - consignment detained,potentially serious,product not (yet) placed on the market,Multiple pesticide residues in drumsticks from India
2025.3762,2025-05-20,India,France,Drumsticks (Moringa oleifera),fruits and vegetables,acephate  unauthorised substance - {pesticide residues} *** methamidophos  unauthorised substance - {pesticide residues} *** monocrotophos  unauthorised substance - {pesticide residues},monocrotophos,True,border rejection notification,border control - consignment detained,potentially serious,product not (yet) placed on the market,Multiple pesticide residues in drumsticks from India
2025.3641,2025-05-15,India,France,Drumsticks (Moringa oleifera),fruits and vegetables,acephate  unauthorised substance - {pesticide residues} *** methamidophos  unauthorised substance - {pesticide residues} *** monocrotophos  unauthorised substance - {pesticide residues},acephate,True,border rejection notification,border control - consignment detained,potentially serious,product not (yet) placed on the market,Multiple pesticide residues in drumsticks from India
2025.3641,2025-05-15,India,France,Drumsticks (Moringa oleifera),fruits and vegetables,acephate  unauthorised substance - {pesticide residues} *** methamidophos  unauthorised substance - {pesticide residues} *** monocrotophos  unauthorised substance - {pesticide residues},methamidophos,True,border rejection notification,border control - consignment detained,potentially serious,product not (yet) placed on the market,Multiple pesticide residues in drumsticks from India
2025.3641,2025-05-15,India,France,Drumsticks (Moringa oleifera),fruits and vegetables,acephate  unauthorised substance - {pesticide residues} *** methamidophos  unauthorised substance - {pesticide residues} *** monocrotophos  unauthorised substance - {pesticide residues},monocrotophos,True,border rejection notification,border control - consignment detained,potentially serious,product not (yet) placed on the market,Multiple pesticide residues in drumsticks from India
2025.3608,2025-05-14,Egypt,Italy,White oranges,fruits and vegetables,chlorpropham   - {pesticide residues},chlorpropham,False,border rejection notification,border control - consignment detained,potentially serious,product not (yet) placed on the market,Presence of chlorpropham above legal limits in oranges from Egypt
2025.3606,2025-05-14,Egypt,Belgium,Strawberries,fruits and vegetables,oxamyl  unauthorised substance - {pesticide residues},oxamyl,True,information notification for attention,company's own check,serious,distribution restricted to notifying country,Oxamyl in frozen strawberries from Egypt
2025.3434,2025-05-08,Egypt,Germany,frozen strawberries,fruits and vegetables,oxamyl  unauthorised substance - {pesticide residues},oxamyl,True,alert notification,company's own check,serious,no distribution to other member countries,"Oxamyl in frozen strawberries from Egypt, packaged in Poland"
2025.3404,2025-05-07,Türkiye,Bulgaria,"Grapefruit, including pomelos",fruits and vegetables,chlorpyrifos-methyl  unauthorised substance - {pesticide residues} *** fenvalerate   - {pesticide residues},chlorpyrifos-methyl,True,border rejection notification,border control - consignment detained,serious,product not (yet) placed on the market, chlorpyrifos-methyl and fenvalerate in fresh grapefruits from Türkiye
2025.3404,2025-05-07,Türkiye,Bulgaria,"Grapefruit, including pomelos",fruits and vegetables,chlorpyrifos-methyl  unauthorised substance - {pesticide residues} *** fenvalerate   - {pesticide residues},fenvalerate,False,border rejection notification,border control - consignment detained,serious,product not (yet) placed on the market, chlorpyrifos-methyl and fenvalerate in fresh grapefruits from Türkiye
2025.3398,2025-05-07,Türkiye,Bulgaria,"Lemons (Citrus limon, Citrus limonum)",fruits and vegetables,prochloraz   - {pesticide residues},prochloraz,False,border rejection notification,border control - consignment detained,serious,product not (yet) placed on the market,prochloraz in fresh lemons from Türkiye
2025.3406,2025-05-07,Kenya,France,Green beans,fruits and vegetables,acephate  unauthorised substance - {pesticide residues},acephate,True,border rejection notification,border control - consignment detained,not serious,product not (yet) placed on the market,Acephate in green beans from Kenya
2025.3393,2025-05-07,India,France,dried morel mushrooms,fruits and vegetables,anthraquinone   - {pesticide residues} *** chlorpyrifos   - {pesticide residues},anthraquinone,False,alert notification,company's own check,serious,distribution to other member countries,Pesticide residues in dried morel mushrooms
2025.3393,2025-05-07,India,France,dried morel mushrooms,fruits and vegetables,anthraquinone   - {pesticide residues} *** chlorpyrifos   - {pesticide residues},chlorpyrifos,False,alert notification,company's own check,serious,distribution to other member countries,Pesticide residues in dried morel mushrooms
2025.3338,2025-05-05,Morocco,France,Fresh Beef corn peppers,fruits and vegetables,chlorpyrifos   - {pesticide residues} *** thiabendazole   - {pesticide residues},chlorpyrifos,False,alert notification,company's own check,serious,distribution to other member countries,High Chlorpyrifos and Thiabendazol levels in beef horn peppers
2025.3338,2025-05-05,Morocco,France,Fresh Beef corn peppers,fruits and vegetables,chlorpyrifos   - {pesticide residues} *** thiabendazole   - {pesticide residues},thiabendazole,False,alert notification,company's own check,serious,distribution to other member countries,High Chlorpyrifos and Thiabendazol levels in beef horn peppers
2025.3262,2025-04-30,Türkiye,Austria,Courgettes,fruits and vegetables,4-CPA  unauthorised substance - {pesticide residues},4-CPA,True,information notification for attention,official control on the market,potential risk,product (presumably) no longer on the market,"4-Chlorophenoxyacetic acid in courgettes from Türkiye, via Germany"
2025.3158,2025-04-28,India,France,Drumsticks (Moringa oleifera),fruits and vegetables,monocrotophos  unauthorised substance - {pesticide residues},monocrotophos,True,border rejection notification,border control - consignment detained,serious,product not (yet) placed on the market,Monocrotophos in drumsticks from India
2025.3110,2025-04-25,Egypt,Slovenia,White oranges,fruits and vegetables,chlorpyriphos-ethyl   - {pesticide residues},chlorpyriphos-ethyl,False,border rejection notification,border control - consignment detained,potential risk,product not (yet) placed on the market, Chlorpyriphos-ethyl in oranges from Egypt
2025.3125,2025-04-25,India,Germany,mangoes ,fruits and vegetables,chlorpyrifos  unauthorised substance - {pesticide residues} *** quinalphos   - {pesticide residues},chlorpyrifos,True,information notification for attention,border control - consignment released,serious,product not (yet) placed on the market,Chlorpyrifos and quinalphos in mangoes from India
2025.3125,2025-04-25,India,Germany,mangoes ,fruits and vegetables,chlorpyrifos  unauthorised substance - {pesticide residues} *** quinalphos   - {pesticide residues},quinalphos,False,information notification for attention,border control - consignment released,serious,product not (yet) placed on the market,Chlorpyrifos and quinalphos in mangoes from India
2025.3039,2025-04-24,Kenya,Netherlands,Green Beans,fruits and vegetables,chlorpyrifos  unauthorised substance - {pesticide residues},chlorpyrifos,True,border rejection notification,border control - consignment detained,potential risk,product not (yet) placed on the market,Chlorpyrifos in Beans from Kenya
2025.3003,2025-04-23,Türkiye,Bulgaria,"Lemons (Citrus limon, Citrus limonum)",fruits and vegetables,prochloraz   - {pesticide residues},prochloraz,False,border rejection notification,border control - consignment detained,serious,product not (yet) placed on the market, prochloraz in fresh lemons from Türkiye
2025.2952,2025-04-22,Türkiye,Bulgaria,"Lemons (Citrus limon, Citrus limonum)",fruits and vegetables,chlorpyrifos-methyl   - {pesticide residues},chlorpyrifos-methyl,False,border rejection notification,border control - consignment detained,serious,product not (yet) placed on the market,Chlorpyrifos-methyl in frewsh lemons from Türkiye
2025.2895,2025-04-17,Egypt,Netherlands,oranges,fruits and vegetables,chlorpyrifos   - {pesticide residues},chlorpyrifos,False,border rejection notification,border control - consignment detained,potentially serious,product not (yet) placed on the market,Pesticide residues in Egyptian Oranges
2025.2873,2025-04-16,Egypt,Slovenia,Strawberry,fruits and vegetables,dimethoate   - {pesticide residues},dimethoate,False,information notification for attention,border control - forwarded to destination,serious,no distribution from notifying country,Dimethoate in frozen strawberries from Egypt
2025.2727,2025-04-11,Türkiye,Germany,vine leaves,fruits and vegetables,Azoxystrobin   - {pesticide residues} *** boscalid   - {pesticide residues} *** famoxadone   - {pesticide residues} *** flutriafol   - {pesticide residues} *** iprovalicarb  unauthorised substance - {pesticide residues},Azoxystrobin,False,information notification for follow-up,official control on the market,potential risk,distribution to other member countries,Pesticide residues in grape leaves from Türkiye
2025.2727,2025-04-11,Türkiye,Germany,vine leaves,fruits and vegetables,Azoxystrobin   - {pesticide residues} *** boscalid   - {pesticide residues} *** famoxadone   - {pesticide residues} *** flutriafol   - {pesticide residues} *** iprovalicarb  unauthorised substance - {pesticide residues},boscalid,False,information notification for follow-up,official control on the market,potential risk,distribution to other member countries,Pesticide residues in grape leaves from Türkiye
2025.2727,2025-04-11,Türkiye,Germany,vine leaves,fruits and vegetables,Azoxystrobin   - {pesticide residues} *** boscalid   - {pesticide residues} *** famoxadone   - {pesticide residues} *** flutriafol   - {pesticide residues} *** iprovalicarb  unauthorised substance - {pesticide residues},famoxadone,False,information notification for follow-up,official control on the market,potential risk,distribution to other member countries,Pesticide residues in grape leaves from Türkiye
2025.2727,2025-04-11,Türkiye,Germany,vine leaves,fruits and vegetables,Azoxystrobin   - {pesticide residues} *** boscalid   - {pesticide residues} *** famoxadone   - {pesticide residues} *** flutriafol   - {pesticide residues} *** iprovalicarb  unauthorised substance - {pesticide residues},flutriafol,False,information notification for follow-up,official control on the market,potential risk,distribution to other member countries,Pesticide residues in grape leaves from Türkiye
2025.2727,2025-04-11,Türkiye,Germany,vine leaves,fruits and vegetables,Azoxystrobin   - {pesticide residues} *** boscalid   - {pesticide residues} *** famoxadone   - {pesticide residues} *** flutriafol   - {pesticide residues} *** iprovalicarb  unauthorised substance - {pesticide residues},iprovalicarb,True,information notification for follow-up,official control on the market,potential risk,distribution to other member countries,Pesticide residues in grape leaves from Türkiye
2025.2667,2025-04-10,Egypt,Netherlands,oranges,fruits and vegetables,chlorfenapyr   - {pesticide residues},chlorfenapyr,False,border rejection notification,border control - consignment detained,no risk,product not (yet) placed on the market,chlorfenapyr in oranges from Egypt
2025.2610,2025-04-09,Egypt,Italy,fresh peppers,fruits and vegetables,pymetrozine   - {pesticide residues},pymetrozine,False,border rejection notification,border control - consignment detained,potentially serious,product not (yet) placed on the market,Pymetrozine in fresh peppers
2025.2517,2025-04-04,Türkiye,France,pomegranates,fruits and vegetables,Spirotetramat  unauthorised substance - {pesticide residues} *** acetamiprid   - {pesticide residues} *** carbendazim  unauthorised substance - {pesticide residues} *** chlorpyrifos  unauthorised substance - {pesticide residues} *** deltamethrin   - {pesticide residues} *** fluxapyroxad   - {pesticide residues} *** pyraclostrobin   - {pesticide residues},Spirotetramat,True,alert notification,official control on the market,serious,distribution to other member countries,Several pesticide residues detected in pomegranates from Turkey via Germany
2025.2517,2025-04-04,Türkiye,France,pomegranates,fruits and vegetables,Spirotetramat  unauthorised substance - {pesticide residues} *** acetamiprid   - {pesticide residues} *** carbendazim  unauthorised substance - {pesticide residues} *** chlorpyrifos  unauthorised substance - {pesticide residues} *** deltamethrin   - {pesticide residues} *** fluxapyroxad   - {pesticide residues} *** pyraclostrobin   - {pesticide residues},acetamiprid,False,alert notification,official control on the market,serious,distribution to other member countries,Several pesticide residues detected in pomegranates from Turkey via Germany
2025.2517,2025-04-04,Türkiye,France,pomegranates,fruits and vegetables,Spirotetramat  unauthorised substance - {pesticide residues} *** acetamiprid   - {pesticide residues} *** carbendazim  unauthorised substance - {pesticide residues} *** chlorpyrifos  unauthorised substance - {pesticide residues} *** deltamethrin   - {pesticide residues} *** fluxapyroxad   - {pesticide residues} *** pyraclostrobin   - {pesticide residues},carbendazim,True,alert notification,official control on the market,serious,distribution to other member countries,Several pesticide residues detected in pomegranates from Turkey via Germany
2025.2517,2025-04-04,Türkiye,France,pomegranates,fruits and vegetables,Spirotetramat  unauthorised substance - {pesticide residues} *** acetamiprid   - {pesticide residues} *** carbendazim  unauthorised substance - {pesticide residues} *** chlorpyrifos  unauthorised substance - {pesticide residues} *** deltamethrin   - {pesticide residues} *** fluxapyroxad   - {pesticide residues} *** pyraclostrobin   - {pesticide residues},chlorpyrifos,True,alert notification,official control on the market,serious,distribution to other member countries,Several pesticide residues detected in pomegranates from Turkey via Germany
2025.2517,2025-04-04,Türkiye,France,pomegranates,fruits and vegetables,Spirotetramat  unauthorised substance - {pesticide residues} *** acetamiprid   - {pesticide residues} *** carbendazim  unauthorised substance - {pesticide residues} *** chlorpyrifos  unauthorised substance - {pesticide residues} *** deltamethrin   - {pesticide residues} *** fluxapyroxad   - {pesticide residues} *** pyraclostrobin   - {pesticide residues},deltamethrin,False,alert notification,official control on the market,serious,distribution to other member countries,Several pesticide residues detected in pomegranates from Turkey via Germany
2025.2517,2025-04-04,Türkiye,France,pomegranates,fruits and vegetables,Spirotetramat  unauthorised substance - {pesticide residues} *** acetamiprid   - {pesticide residues} *** carbendazim  unauthorised substance - {pesticide residues} *** chlorpyrifos  unauthorised substance - {pesticide residues} *** deltamethrin   - {pesticide residues} *** fluxapyroxad   - {pesticide residues} *** pyraclostrobin   - {pesticide residues},fluxapyroxad,False,alert notification,official control on the market,serious,distribution to other member countries,Several pesticide residues detected in pomegranates from Turkey via Germany
2025.2517,2025-04-04,Türkiye,France,pomegranates,fruits and vegetables,Spirotetramat  unauthorised substance - {pesticide residues} *** acetamiprid   - {pesticide residues} *** carbendazim  unauthorised substance - {pesticide residues} *** chlorpyrifos  unauthorised substance - {pesticide residues} *** deltamethrin   - {pesticide residues} *** fluxapyroxad   - {pesticide residues} *** pyraclostrobin   - {pesticide residues},pyraclostrobin,False,alert notification,official control on the market,serious,distribution to other member countries,Several pesticide residues detected in pomegranates from Turkey via Germany
2025.2490,2025-04-03,Egypt,Italy,Fresh peppers,fruits and vegetables,pymetrozine   - {pesticide residues},pymetrozine,False,border rejection notification,border control - consignment detained,potentially serious,product not (yet) placed on the market,Pymetrozine in peppers from Egypt
2025.2450,2025-04-02,Türkiye,Austria,courgettes,fruits and vegetables,4-CPA  unauthorised substance - {pesticide residues},4-CPA,True,information notification for attention,official control on the market,potentially serious,product (presumably) no longer on the market,4-Chlorophenoxyacetic acid in courgettes from Türkiye
2025.2360,2025-03-31,Türkiye,France,Pears,fruits and vegetables,diflubenzuron   - {pesticide residues} *** pyriproxyfen    - {pesticide residues},diflubenzuron,False,information notification for follow-up,company's own check,potential risk,no distribution from notifying country,Detection of diflubenzuon and pyriproxyfen in pears from Turkey
2025.2360,2025-03-31,Türkiye,France,Pears,fruits and vegetables,diflubenzuron   - {pesticide residues} *** pyriproxyfen    - {pesticide residues},pyriproxyfen,False,information notification for follow-up,company's own check,potential risk,no distribution from notifying country,Detection of diflubenzuon and pyriproxyfen in pears from Turkey
2025.2257,2025-03-27,Türkiye,Bulgaria,Sweet peppers,fruits and vegetables,Spirotetramat  unauthorised substance - {pesticide residues} *** chlorpyrifos-methyl   - {pesticide residues} *** fosthiazate   - {pesticide residues},Spirotetramat,True,border rejection notification,border control - consignment detained,serious,product not (yet) placed on the market,"fosthiazate, spirotetramat and  chlorpyrifos-methyl in fresh peppers from Türkiye"
2025.2257,2025-03-27,Türkiye,Bulgaria,Sweet peppers,fruits and vegetables,Spirotetramat  unauthorised substance - {pesticide residues} *** chlorpyrifos-methyl   - {pesticide residues} *** fosthiazate   - {pesticide residues},chlorpyrifos-methyl,False,border rejection notification,border control - consignment detained,serious,product not (yet) placed on the market,"fosthiazate, spirotetramat and  chlorpyrifos-methyl in fresh peppers from Türkiye"
2025.2257,2025-03-27,Türkiye,Bulgaria,Sweet peppers,fruits and vegetables,Spirotetramat  unauthorised substance - {pesticide residues} *** chlorpyrifos-methyl   - {pesticide residues} *** fosthiazate   - {pesticide residues},fosthiazate,False,border rejection notification,border control - consignment detained,serious,product not (yet) placed on the market,"fosthiazate, spirotetramat and  chlorpyrifos-methyl in fresh peppers from Türkiye"
2025.2205,2025-03-26,Egypt,Romania,lemons,fruits and vegetables,chlorpyrifos   - {pesticide residues},chlorpyrifos,False,information notification for attention,surveillance programme / monitoring sample,potentially serious,distribution restricted to notifying country,"Depasire LMA pesticid(chlorpyrifos) in lamai 0,500 kg, origine Egipt///Exceeding the  pesticide (chlorpyrifos) in lemons 0.500 kg, origin Egypt"
2025.2199,2025-03-25,Türkiye,Belgium,Raisins,fruits and vegetables,acetamiprid   - {pesticide residues},acetamiprid,False,information notification for attention,official control on the market,serious,distribution restricted to notifying country,Acetamiprid in raisins from Türkiye
2025.2179,2025-03-25,India,Switzerland,Okra,fruits and vegetables,clothianidin   - {pesticide residues} *** thiamethoxam   - {pesticide residues},clothianidin,False,border rejection notification,border control - consignment detained,potential risk,product not (yet) placed on the market,Unauthorised substances (pesticides) in Okras from India
2025.2179,2025-03-25,India,Switzerland,Okra,fruits and vegetables,clothianidin   - {pesticide residues} *** thiamethoxam   - {pesticide residues},thiamethoxam,False,border rejection notification,border control - consignment detained,potential risk,product not (yet) placed on the market,Unauthorised substances (pesticides) in Okras from India
2025.2175,2025-03-24,Egypt,Slovenia,Oranges,fruits and vegetables,chlorpyriphos-ethyl   - {pesticide residues},chlorpyriphos-ethyl,False,border rejection notification,border control - consignment detained,potential risk,product not (yet) placed on the market,Chlorpyrifos in orange from Egypt
2025.2145,2025-03-24,Türkiye,Bulgaria,Sweet peppers,fruits and vegetables,permethrin  unauthorised substance - {pesticide residues},permethrin,True,border rejection notification,border control - consignment detained,potential risk,product not (yet) placed on the market,Permethrin in fresh peppers from Türkiye
2025.2135,2025-03-24,Türkiye,Bulgaria,Sweet peppers,fruits and vegetables,fenamiphos   - {pesticide residues},fenamiphos,False,border rejection notification,border control - consignment detained,serious,product not (yet) placed on the market,fenamiphos in fresh peppers from Türkiye
2025.2172,2025-03-24,Türkiye,Netherlands,pepper,fruits and vegetables,formetanate   - {pesticide residues},formetanate,False,information notification for attention,company's own check,serious,product (presumably) no longer on the market,formetanaat-hydrochloride in pepper from Turkey
2025.2103,2025-03-21,Morocco,Germany,paprika ,fruits and vegetables,abamectin   - {pesticide residues},abamectin,False,information notification for attention,company's own check,serious,product (presumably) no longer on the market,"Abamectin in paprika from Morocco, via Spain"
2025.2097,2025-03-21,Morocco,France,Green olives in barrels,fruits and vegetables,acephate  unauthorised substance - {pesticide residues} *** chlorpyriphos-ethyl   - {pesticide residues},acephate,True,information notification for follow-up,official control on the market,potentially serious,distribution to other member countries,Presence of acephate and chlorpyriphos pesticide residues in whole vacuum-packed green olives from Morocco
2025.2097,2025-03-21,Morocco,France,Green olives in barrels,fruits and vegetables,acephate  unauthorised substance - {pesticide residues} *** chlorpyriphos-ethyl   - {pesticide residues},chlorpyriphos-ethyl,False,information notification for follow-up,official control on the market,potentially serious,distribution to other member countries,Presence of acephate and chlorpyriphos pesticide residues in whole vacuum-packed green olives from Morocco
2025.2090,2025-03-21,Egypt,Belgium,Strawberries,fruits and vegetables,oxamyl  unauthorised substance - {pesticide residues},oxamyl,True,information notification for attention,company's own check,serious,distribution restricted to notifying country,Oxamyl in frozen strawberries from Egypt
2025.2028,2025-03-20,Kenya,France,Green beans,fruits and vegetables,acephate  unauthorised substance - {pesticide residues} *** bifenthrin   - {pesticide residues} *** hexaconazole  unauthorised substance - {pesticide residues} *** methamidophos  unauthorised substance - {pesticide residues},acephate,True,border rejection notification,border control - consignment detained,potentially serious,product not (yet) placed on the market,Multiple pesticide residues in green beans from Kenya
2025.2028,2025-03-20,Kenya,France,Green beans,fruits and vegetables,acephate  unauthorised substance - {pesticide residues} *** bifenthrin   - {pesticide residues} *** hexaconazole  unauthorised substance - {pesticide residues} *** methamidophos  unauthorised substance - {pesticide residues},bifenthrin,False,border rejection notification,border control - consignment detained,potentially serious,product not (yet) placed on the market,Multiple pesticide residues in green beans from Kenya
2025.2028,2025-03-20,Kenya,France,Green beans,fruits and vegetables,acephate  unauthorised substance - {pesticide residues} *** bifenthrin   - {pesticide residues} *** hexaconazole  unauthorised substance - {pesticide residues} *** methamidophos  unauthorised substance - {pesticide residues},hexaconazole,True,border rejection notification,border control - consignment detained,potentially serious,product not (yet) placed on the market,Multiple pesticide residues in green beans from Kenya
2025.2028,2025-03-20,Kenya,France,Green beans,fruits and vegetables,acephate  unauthorised substance - {pesticide residues} *** bifenthrin   - {pesticide residues} *** hexaconazole  unauthorised substance - {pesticide residues} *** methamidophos  unauthorised substance - {pesticide residues},methamidophos,True,border rejection notification,border control - consignment detained,potentially serious,product not (yet) placed on the market,Multiple pesticide residues in green beans from Kenya
2025.2023,2025-03-20,Kenya,France,Green beans,fruits and vegetables,indoxacarb   - {pesticide residues},indoxacarb,False,border rejection notification,border control - consignment detained,not serious,product not (yet) placed on the market,Indoxacarb in green beans from Kenya
2025.1986,2025-03-19,Egypt,Slovenia,Sweet peppers,fruits and vegetables,buprofezin   - {pesticide residues} *** chlorpyriphos-ethyl   - {pesticide residues},buprofezin,False,border rejection notification,border control - consignment detained,potentially serious,no distribution from notifying country,Chlorpyriphos-ethyl and Buprofezin in peppers from Egypt
2025.1986,2025-03-19,Egypt,Slovenia,Sweet peppers,fruits and vegetables,buprofezin   - {pesticide residues} *** chlorpyriphos-ethyl   - {pesticide residues},chlorpyriphos-ethyl,False,border rejection notification,border control - consignment detained,potentially serious,no distribution from notifying country,Chlorpyriphos-ethyl and Buprofezin in peppers from Egypt
2025.1983,2025-03-19,Türkiye,Bulgaria,Sweet peppers,fruits and vegetables,formetanate   - {pesticide residues},formetanate,False,border rejection notification,border control - consignment detained,serious,product not (yet) placed on the market,formetanate in fresh peppers from Türkiye
2025.1972,2025-03-18,Egypt,Cyprus,Tomatoes ,fruits and vegetables,chlorpyrifos  unauthorised substance - {pesticide residues},chlorpyrifos,True,information notification for attention,border control - consignment released,potential risk,product (presumably) no longer on the market,Residues of unauthorized  pesticide Chlorpyrifos in fresh tomatoes from Egypt 
2025.1926,2025-03-17,Egypt,Netherlands,Navel oranges,fruits and vegetables,chlorpropham   - {pesticide residues},chlorpropham,False,border rejection notification,border control - consignment detained,not serious,product not (yet) placed on the market,chlorpropham in Egyptian navel oranges
2025.1924,2025-03-17,Egypt,Netherlands,White oranges,fruits and vegetables,chlorpyrifos  unauthorised substance - {pesticide residues},chlorpyrifos,True,border rejection notification,border control - consignment detained,potentially serious,product not (yet) placed on the market,Organges Egypt Pesticide Residue
2025.1925,2025-03-17,Egypt,Netherlands,Oranges,fruits and vegetables,chlorpyriphos-ethyl   - {pesticide residues},chlorpyriphos-ethyl,False,border rejection notification,border control - consignment detained,potentially serious,product not (yet) placed on the market,Pesticide residues in Egyptian Oranges
2025.1928,2025-03-17,Egypt,Netherlands,Orange,fruits and vegetables,chlorpyriphos-ethyl   - {pesticide residues} *** dimethoate   - {pesticide residues},chlorpyriphos-ethyl,False,border rejection notification,border control - consignment detained,potentially serious,product not (yet) placed on the market,dimethoate and chlorpyriphos-ethyl in Egyptian oranges
2025.1928,2025-03-17,Egypt,Netherlands,Orange,fruits and vegetables,chlorpyriphos-ethyl   - {pesticide residues} *** dimethoate   - {pesticide residues},dimethoate,False,border rejection notification,border control - consignment detained,potentially serious,product not (yet) placed on the market,dimethoate and chlorpyriphos-ethyl in Egyptian oranges
2025.1887,2025-03-14,Egypt,Poland,Truskawki bez szypułek // Stalkless strawberries  ,fruits and vegetables,bifenazate  - {pesticide residues},bifenazate,False,information notification for follow-up,official control on the market,potential risk,no distribution to other member countries,"przekroczenie NDP  Bifenazat (suma bifenazatu i diazenu bifenazatu wyrażona jako bifenazat) w mrożonych truskawkach  bez szypułek pochodzących z Egiptu (0,023+/- 0,012 mg/kg) // Exceeded MRL Bifenazate (sum of bifenazate and bifenazate diazene expressed as bifenazate) in frozen stemless strawberries from Egypt (0.023± 0.012 mg/kg)  "
2025.1814,2025-03-13,Kenya,Netherlands,Green Beans,fruits and vegetables,acephate  unauthorised substance - {pesticide residues} *** methamidophos  unauthorised substance - {pesticide residues},acephate,True,border rejection notification,border control - consignment detained,not serious,product not (yet) placed on the market,Beans Kenya Pesticide Residue
2025.1814,2025-03-13,Kenya,Netherlands,Green Beans,fruits and vegetables,acephate  unauthorised substance - {pesticide residues} *** methamidophos  unauthorised substance - {pesticide residues},methamidophos,True,border rejection notification,border control - consignment detained,not serious,product not (yet) placed on the market,Beans Kenya Pesticide Residue
2025.1812,2025-03-13,Kenya,Netherlands,"green beans, wax beans and string beans",fruits and vegetables,acephate  unauthorised substance - {pesticide residues} *** methamidophos  unauthorised substance - {pesticide residues},acephate,True,border rejection notification,border control - consignment detained,not serious,product not (yet) placed on the market,Beans Kenia Pesticide Residue
2025.1812,2025-03-13,Kenya,Netherlands,"green beans, wax beans and string beans",fruits and vegetables,acephate  unauthorised substance - {pesticide residues} *** methamidophos  unauthorised substance - {pesticide residues},methamidophos,True,border rejection notification,border control - consignment detained,not serious,product not (yet) placed on the market,Beans Kenia Pesticide Residue
2025.1793,2025-03-12,Egypt,Latvia,Navel oranges,fruits and vegetables,chlorpropham   - {pesticide residues},chlorpropham,False,border rejection notification,border control - consignment detained,potential risk,no distribution from notifying country,unauthorised substance chlorpropham in oranges from Egypt 
2025.1786,2025-03-12,Egypt,Lithuania,Lemons,fruits and vegetables,chlorpyrifos   - {pesticide residues} *** diazinon   - {pesticide residues},chlorpyrifos,False,information notification for attention,company's own check,potential risk,distribution to non-member countries only,Excessive pesticide levels in lemons from Egypt
2025.1786,2025-03-12,Egypt,Lithuania,Lemons,fruits and vegetables,chlorpyrifos   - {pesticide residues} *** diazinon   - {pesticide residues},diazinon,False,information notification for attention,company's own check,potential risk,distribution to non-member countries only,Excessive pesticide levels in lemons from Egypt
2025.1723,2025-03-11,Egypt,Netherlands,Oranges,fruits and vegetables,chlorpropham   - {pesticide residues},chlorpropham,False,border rejection notification,border control - consignment detained,not serious,product not (yet) placed on the market,chlorpropham in Egyptian oranges
2025.1759,2025-03-11,Türkiye,Germany,fresh chillies,fruits and vegetables,acetamiprid   - {pesticide residues},acetamiprid,False,alert notification,official control on the market,serious,distribution to other member countries,Acetamiprid in fresh chillies from Turkey
2025.1749,2025-03-11,Türkiye,Bulgaria,Sweet peppers,fruits and vegetables,permethrin  unauthorised substance - {pesticide residues},permethrin,True,border rejection notification,border control - consignment detained,potential risk,product not (yet) placed on the market,Permethrin in fresh peppers from Türkiye
2025.1718,2025-03-11,Türkiye,Croatia,Pears,fruits and vegetables,methoxyfenozide   - {pesticide residues},methoxyfenozide,False,border rejection notification,border control - consignment detained,no risk,product allowed to travel to destination under customs seals, Methoxyfenozide in pears from Turkiye
2025.1704,2025-03-10,Kenya,Netherlands,"green beans, wax beans and string beans",fruits and vegetables,acephate  unauthorised substance - {pesticide residues},acephate,True,border rejection notification,border control - consignment detained,not serious,product not (yet) placed on the market,Beans Kenia Pesticide Residue
2025.1705,2025-03-10,Kenya,Netherlands,"green beans, wax beans and string beans",fruits and vegetables,acephate  unauthorised substance - {pesticide residues},acephate,True,border rejection notification,border control - consignment detained,not serious,product not (yet) placed on the market,Beans Kenia Pesticide Residue
2025.1666,2025-03-07,Türkiye,Germany,"Vine leaves, cooked and salted",fruits and vegetables,Azoxystrobin   - {pesticide residues} *** acetamiprid   - {pesticide residues} *** difenoconazole   - {pesticide residues} *** dimethomorph   - {pesticide residues} *** dithiocarbamates   - {pesticide residues} *** flutriafol   - {pesticide residues} *** triadimenol   - {pesticide residues},Azoxystrobin,False,information notification for follow-up,official control on the market,potential risk,distribution to other member countries,Pesticides in vine leaves from Türkiye
2025.1666,2025-03-07,Türkiye,Germany,"Vine leaves, cooked and salted",fruits and vegetables,Azoxystrobin   - {pesticide residues} *** acetamiprid   - {pesticide residues} *** difenoconazole   - {pesticide residues} *** dimethomorph   - {pesticide residues} *** dithiocarbamates   - {pesticide residues} *** flutriafol   - {pesticide residues} *** triadimenol   - {pesticide residues},acetamiprid,False,information notification for follow-up,official control on the market,potential risk,distribution to other member countries,Pesticides in vine leaves from Türkiye
2025.1666,2025-03-07,Türkiye,Germany,"Vine leaves, cooked and salted",fruits and vegetables,Azoxystrobin   - {pesticide residues} *** acetamiprid   - {pesticide residues} *** difenoconazole   - {pesticide residues} *** dimethomorph   - {pesticide residues} *** dithiocarbamates   - {pesticide residues} *** flutriafol   - {pesticide residues} *** triadimenol   - {pesticide residues},difenoconazole,False,information notification for follow-up,official control on the market,potential risk,distribution to other member countries,Pesticides in vine leaves from Türkiye
2025.1666,2025-03-07,Türkiye,Germany,"Vine leaves, cooked and salted",fruits and vegetables,Azoxystrobin   - {pesticide residues} *** acetamiprid   - {pesticide residues} *** difenoconazole   - {pesticide residues} *** dimethomorph   - {pesticide residues} *** dithiocarbamates   - {pesticide residues} *** flutriafol   - {pesticide residues} *** triadimenol   - {pesticide residues},dimethomorph,False,information notification for follow-up,official control on the market,potential risk,distribution to other member countries,Pesticides in vine leaves from Türkiye
2025.1666,2025-03-07,Türkiye,Germany,"Vine leaves, cooked and salted",fruits and vegetables,Azoxystrobin   - {pesticide residues} *** acetamiprid   - {pesticide residues} *** difenoconazole   - {pesticide residues} *** dimethomorph   - {pesticide residues} *** dithiocarbamates   - {pesticide residues} *** flutriafol   - {pesticide residues} *** triadimenol   - {pesticide residues},dithiocarbamates,False,information notification for follow-up,official control on the market,potential risk,distribution to other member countries,Pesticides in vine leaves from Türkiye
2025.1666,2025-03-07,Türkiye,Germany,"Vine leaves, cooked and salted",fruits and vegetables,Azoxystrobin   - {pesticide residues} *** acetamiprid   - {pesticide residues} *** difenoconazole   - {pesticide residues} *** dimethomorph   - {pesticide residues} *** dithiocarbamates   - {pesticide residues} *** flutriafol   - {pesticide residues} *** triadimenol   - {pesticide residues},flutriafol,False,information notification for follow-up,official control on the market,potential risk,distribution to other member countries,Pesticides in vine leaves from Türkiye
2025.1666,2025-03-07,Türkiye,Germany,"Vine leaves, cooked and salted",fruits and vegetables,Azoxystrobin   - {pesticide residues} *** acetamiprid   - {pesticide residues} *** difenoconazole   - {pesticide residues} *** dimethomorph   - {pesticide residues} *** dithiocarbamates   - {pesticide residues} *** flutriafol   - {pesticide residues} *** triadimenol   - {pesticide residues},triadimenol,False,information notification for follow-up,official control on the market,potential risk,distribution to other member countries,Pesticides in vine leaves from Türkiye
2025.1584,2025-03-05,India,Sweden,whole cumin,fruits and vegetables,Azoxystrobin   - {pesticide residues} *** acetamiprid   - {pesticide residues} *** carbendazim   - {pesticide residues} *** chlorpyriphos-ethyl   - {pesticide residues} *** clothianidin   - {pesticide residues} *** dinotefuran   - {pesticide residues} *** flonicamid   - {pesticide residues} *** hexaconazole  unauthorised substance - {pesticide residues} *** kresoxim-methyl   - {pesticide residues} *** picoxystrobin   unauthorised substance - {pesticide residues} *** thiamethoxam   - {pesticide residues} *** tolfenpyrad   - {pesticide residues} *** tricyclazole  unauthorised substance - {pesticide residues} *** trifloxystrobin   - {pesticide residues},Azoxystrobin,False,border rejection notification,border control - consignment detained,potentially serious,product not (yet) placed on the market,Chlorpyrifos-etyl and other pesticides in whole cumin
2025.1584,2025-03-05,India,Sweden,whole cumin,fruits and vegetables,Azoxystrobin   - {pesticide residues} *** acetamiprid   - {pesticide residues} *** carbendazim   - {pesticide residues} *** chlorpyriphos-ethyl   - {pesticide residues} *** clothianidin   - {pesticide residues} *** dinotefuran   - {pesticide residues} *** flonicamid   - {pesticide residues} *** hexaconazole  unauthorised substance - {pesticide residues} *** kresoxim-methyl   - {pesticide residues} *** picoxystrobin   unauthorised substance - {pesticide residues} *** thiamethoxam   - {pesticide residues} *** tolfenpyrad   - {pesticide residues} *** tricyclazole  unauthorised substance - {pesticide residues} *** trifloxystrobin   - {pesticide residues},acetamiprid,False,border rejection notification,border control - consignment detained,potentially serious,product not (yet) placed on the market,Chlorpyrifos-etyl and other pesticides in whole cumin
2025.1584,2025-03-05,India,Sweden,whole cumin,fruits and vegetables,Azoxystrobin   - {pesticide residues} *** acetamiprid   - {pesticide residues} *** carbendazim   - {pesticide residues} *** chlorpyriphos-ethyl   - {pesticide residues} *** clothianidin   - {pesticide residues} *** dinotefuran   - {pesticide residues} *** flonicamid   - {pesticide residues} *** hexaconazole  unauthorised substance - {pesticide residues} *** kresoxim-methyl   - {pesticide residues} *** picoxystrobin   unauthorised substance - {pesticide residues} *** thiamethoxam   - {pesticide residues} *** tolfenpyrad   - {pesticide residues} *** tricyclazole  unauthorised substance - {pesticide residues} *** trifloxystrobin   - {pesticide residues},carbendazim,False,border rejection notification,border control - consignment detained,potentially serious,product not (yet) placed on the market,Chlorpyrifos-etyl and other pesticides in whole cumin
2025.1584,2025-03-05,India,Sweden,whole cumin,fruits and vegetables,Azoxystrobin   - {pesticide residues} *** acetamiprid   - {pesticide residues} *** carbendazim   - {pesticide residues} *** chlorpyriphos-ethyl   - {pesticide residues} *** clothianidin   - {pesticide residues} *** dinotefuran   - {pesticide residues} *** flonicamid   - {pesticide residues} *** hexaconazole  unauthorised substance - {pesticide residues} *** kresoxim-methyl   - {pesticide residues} *** picoxystrobin   unauthorised substance - {pesticide residues} *** thiamethoxam   - {pesticide residues} *** tolfenpyrad   - {pesticide residues} *** tricyclazole  unauthorised substance - {pesticide residues} *** trifloxystrobin   - {pesticide residues},chlorpyriphos-ethyl,False,border rejection notification,border control - consignment detained,potentially serious,product not (yet) placed on the market,Chlorpyrifos-etyl and other pesticides in whole cumin
2025.1584,2025-03-05,India,Sweden,whole cumin,fruits and vegetables,Azoxystrobin   - {pesticide residues} *** acetamiprid   - {pesticide residues} *** carbendazim   - {pesticide residues} *** chlorpyriphos-ethyl   - {pesticide residues} *** clothianidin   - {pesticide residues} *** dinotefuran   - {pesticide residues} *** flonicamid   - {pesticide residues} *** hexaconazole  unauthorised substance - {pesticide residues} *** kresoxim-methyl   - {pesticide residues} *** picoxystrobin   unauthorised substance - {pesticide residues} *** thiamethoxam   - {pesticide residues} *** tolfenpyrad   - {pesticide residues} *** tricyclazole  unauthorised substance - {pesticide residues} *** trifloxystrobin   - {pesticide residues},clothianidin,False,border rejection notification,border control - consignment detained,potentially serious,product not (yet) placed on the market,Chlorpyrifos-etyl and other pesticides in whole cumin
2025.1584,2025-03-05,India,Sweden,whole cumin,fruits and vegetables,Azoxystrobin   - {pesticide residues} *** acetamiprid   - {pesticide residues} *** carbendazim   - {pesticide residues} *** chlorpyriphos-ethyl   - {pesticide residues} *** clothianidin   - {pesticide residues} *** dinotefuran   - {pesticide residues} *** flonicamid   - {pesticide residues} *** hexaconazole  unauthorised substance - {pesticide residues} *** kresoxim-methyl   - {pesticide residues} *** picoxystrobin   unauthorised substance - {pesticide residues} *** thiamethoxam   - {pesticide residues} *** tolfenpyrad   - {pesticide residues} *** tricyclazole  unauthorised substance - {pesticide residues} *** trifloxystrobin   - {pesticide residues},dinotefuran,False,border rejection notification,border control - consignment detained,potentially serious,product not (yet) placed on the market,Chlorpyrifos-etyl and other pesticides in whole cumin
2025.1584,2025-03-05,India,Sweden,whole cumin,fruits and vegetables,Azoxystrobin   - {pesticide residues} *** acetamiprid   - {pesticide residues} *** carbendazim   - {pesticide residues} *** chlorpyriphos-ethyl   - {pesticide residues} *** clothianidin   - {pesticide residues} *** dinotefuran   - {pesticide residues} *** flonicamid   - {pesticide residues} *** hexaconazole  unauthorised substance - {pesticide residues} *** kresoxim-methyl   - {pesticide residues} *** picoxystrobin   unauthorised substance - {pesticide residues} *** thiamethoxam   - {pesticide residues} *** tolfenpyrad   - {pesticide residues} *** tricyclazole  unauthorised substance - {pesticide residues} *** trifloxystrobin   - {pesticide residues},flonicamid,False,border rejection notification,border control - consignment detained,potentially serious,product not (yet) placed on the market,Chlorpyrifos-etyl and other pesticides in whole cumin
2025.1584,2025-03-05,India,Sweden,whole cumin,fruits and vegetables,Azoxystrobin   - {pesticide residues} *** acetamiprid   - {pesticide residues} *** carbendazim   - {pesticide residues} *** chlorpyriphos-ethyl   - {pesticide residues} *** clothianidin   - {pesticide residues} *** dinotefuran   - {pesticide residues} *** flonicamid   - {pesticide residues} *** hexaconazole  unauthorised substance - {pesticide residues} *** kresoxim-methyl   - {pesticide residues} *** picoxystrobin   unauthorised substance - {pesticide residues} *** thiamethoxam   - {pesticide residues} *** tolfenpyrad   - {pesticide residues} *** tricyclazole  unauthorised substance - {pesticide residues} *** trifloxystrobin   - {pesticide residues},hexaconazole,True,border rejection notification,border control - consignment detained,potentially serious,product not (yet) placed on the market,Chlorpyrifos-etyl and other pesticides in whole cumin
2025.1584,2025-03-05,India,Sweden,whole cumin,fruits and vegetables,Azoxystrobin   - {pesticide residues} *** acetamiprid   - {pesticide residues} *** carbendazim   - {pesticide residues} *** chlorpyriphos-ethyl   - {pesticide residues} *** clothianidin   - {pesticide residues} *** dinotefuran   - {pesticide residues} *** flonicamid   - {pesticide residues} *** hexaconazole  unauthorised substance - {pesticide residues} *** kresoxim-methyl   - {pesticide residues} *** picoxystrobin   unauthorised substance - {pesticide residues} *** thiamethoxam   - {pesticide residues} *** tolfenpyrad   - {pesticide residues} *** tricyclazole  unauthorised substance - {pesticide residues} *** trifloxystrobin   - {pesticide residues},kresoxim-methyl,False,border rejection notification,border control - consignment detained,potentially serious,product not (yet) placed on the market,Chlorpyrifos-etyl and other pesticides in whole cumin
2025.1584,2025-03-05,India,Sweden,whole cumin,fruits and vegetables,Azoxystrobin   - {pesticide residues} *** acetamiprid   - {pesticide residues} *** carbendazim   - {pesticide residues} *** chlorpyriphos-ethyl   - {pesticide residues} *** clothianidin   - {pesticide residues} *** dinotefuran   - {pesticide residues} *** flonicamid   - {pesticide residues} *** hexaconazole  unauthorised substance - {pesticide residues} *** kresoxim-methyl   - {pesticide residues} *** picoxystrobin   unauthorised substance - {pesticide residues} *** thiamethoxam   - {pesticide residues} *** tolfenpyrad   - {pesticide residues} *** tricyclazole  unauthorised substance - {pesticide residues} *** trifloxystrobin   - {pesticide residues},picoxystrobin,True,border rejection notification,border control - consignment detained,potentially serious,product not (yet) placed on the market,Chlorpyrifos-etyl and other pesticides in whole cumin
2025.1584,2025-03-05,India,Sweden,whole cumin,fruits and vegetables,Azoxystrobin   - {pesticide residues} *** acetamiprid   - {pesticide residues} *** carbendazim   - {pesticide residues} *** chlorpyriphos-ethyl   - {pesticide residues} *** clothianidin   - {pesticide residues} *** dinotefuran   - {pesticide residues} *** flonicamid   - {pesticide residues} *** hexaconazole  unauthorised substance - {pesticide residues} *** kresoxim-methyl   - {pesticide residues} *** picoxystrobin   unauthorised substance - {pesticide residues} *** thiamethoxam   - {pesticide residues} *** tolfenpyrad   - {pesticide residues} *** tricyclazole  unauthorised substance - {pesticide residues} *** trifloxystrobin   - {pesticide residues},thiamethoxam,False,border rejection notification,border control - consignment detained,potentially serious,product not (yet) placed on the market,Chlorpyrifos-etyl and other pesticides in whole cumin
2025.1584,2025-03-05,India,Sweden,whole cumin,fruits and vegetables,Azoxystrobin   - {pesticide residues} *** acetamiprid   - {pesticide residues} *** carbendazim   - {pesticide residues} *** chlorpyriphos-ethyl   - {pesticide residues} *** clothianidin   - {pesticide residues} *** dinotefuran   - {pesticide residues} *** flonicamid   - {pesticide residues} *** hexaconazole  unauthorised substance - {pesticide residues} *** kresoxim-methyl   - {pesticide residues} *** picoxystrobin   unauthorised substance - {pesticide residues} *** thiamethoxam   - {pesticide residues} *** tolfenpyrad   - {pesticide residues} *** tricyclazole  unauthorised substance - {pesticide residues} *** trifloxystrobin   - {pesticide residues},tolfenpyrad,False,border rejection notification,border control - consignment detained,potentially serious,product not (yet) placed on the market,Chlorpyrifos-etyl and other pesticides in whole cumin
2025.1584,2025-03-05,India,Sweden,whole cumin,fruits and vegetables,Azoxystrobin   - {pesticide residues} *** acetamiprid   - {pesticide residues} *** carbendazim   - {pesticide residues} *** chlorpyriphos-ethyl   - {pesticide residues} *** clothianidin   - {pesticide residues} *** dinotefuran   - {pesticide residues} *** flonicamid   - {pesticide residues} *** hexaconazole  unauthorised substance - {pesticide residues} *** kresoxim-methyl   - {pesticide residues} *** picoxystrobin   unauthorised substance - {pesticide residues} *** thiamethoxam   - {pesticide residues} *** tolfenpyrad   - {pesticide residues} *** tricyclazole  unauthorised substance - {pesticide residues} *** trifloxystrobin   - {pesticide residues},tricyclazole,True,border rejection notification,border control - consignment detained,potentially serious,product not (yet) placed on the market,Chlorpyrifos-etyl and other pesticides in whole cumin
2025.1584,2025-03-05,India,Sweden,whole cumin,fruits and vegetables,Azoxystrobin   - {pesticide residues} *** acetamiprid   - {pesticide residues} *** carbendazim   - {pesticide residues} *** chlorpyriphos-ethyl   - {pesticide residues} *** clothianidin   - {pesticide residues} *** dinotefuran   - {pesticide residues} *** flonicamid   - {pesticide residues} *** hexaconazole  unauthorised substance - {pesticide residues} *** kresoxim-methyl   - {pesticide residues} *** picoxystrobin   unauthorised substance - {pesticide residues} *** thiamethoxam   - {pesticide residues} *** tolfenpyrad   - {pesticide residues} *** tricyclazole  unauthorised substance - {pesticide residues} *** trifloxystrobin   - {pesticide residues},trifloxystrobin,False,border rejection notification,border control - consignment detained,potentially serious,product not (yet) placed on the market,Chlorpyrifos-etyl and other pesticides in whole cumin
2025.1535,2025-03-04,Türkiye,Croatia,Fresh tomatoes,fruits and vegetables,indoxacarb   - {pesticide residues},indoxacarb,False,border rejection notification,border control - consignment detained,serious,product allowed to travel to destination under customs seals,Indoxacarb in tomatoes from Turkey
2025.1513,2025-03-03,Egypt,Norway,Oranges,fruits and vegetables,dimethoate   - {pesticide residues},dimethoate,False,border rejection notification,border control - consignment detained,serious,product not (yet) placed on the market,Dimethoate in oranges from Egypt
2025.1450,2025-02-28,Türkiye,Norway,Raisins,fruits and vegetables,acetamiprid   - {pesticide residues},acetamiprid,False,information notification for attention,official control on the market,serious,distribution restricted to notifying country,Pesticide residue above MRL in raisin from Türkiye
2025.1357,2025-02-26,Egypt,Slovenia,frozen strawberies,fruits and vegetables,oxamyl  unauthorised substance - {pesticide residues} *** propamocarb   - {pesticide residues},oxamyl,True,border rejection notification,border control - consignment detained,serious,product not (yet) placed on the market,Residues pesticide oxamyl and propamocarb in frozen strawberries from Egypt
2025.1357,2025-02-26,Egypt,Slovenia,frozen strawberies,fruits and vegetables,oxamyl  unauthorised substance - {pesticide residues} *** propamocarb   - {pesticide residues},propamocarb,False,border rejection notification,border control - consignment detained,serious,product not (yet) placed on the market,Residues pesticide oxamyl and propamocarb in frozen strawberries from Egypt
2025.1339,2025-02-25,Türkiye,Germany,Vine leaves cooked and salted,fruits and vegetables,acetamiprid   - {pesticide residues} *** cymoxanil   - {pesticide residues},acetamiprid,False,information notification for follow-up,official control on the market,potential risk,distribution to other member countries,Acetamiprid and cymoxanil in vine leaves from Turkey
2025.1339,2025-02-25,Türkiye,Germany,Vine leaves cooked and salted,fruits and vegetables,acetamiprid   - {pesticide residues} *** cymoxanil   - {pesticide residues},cymoxanil,False,information notification for follow-up,official control on the market,potential risk,distribution to other member countries,Acetamiprid and cymoxanil in vine leaves from Turkey
2025.1335,2025-02-25,Türkiye,Austria,Gurke // cucumber,fruits and vegetables,chlorothalonil   - {pesticide residues},chlorothalonil,False,information notification for attention,official control on the market,potential risk,product (presumably) no longer on the market,Chlorothalonil in cucumbers from Türkiye
2025.1282,2025-02-24,Egypt,Italy,Fresh Orange,fruits and vegetables,chlorpropham   - {pesticide residues},chlorpropham,False,border rejection notification,border control - consignment detained,potentially serious,product not (yet) placed on the market,Exceeded pesticide Chlorpropham in oranges from EGYPT
2025.1279,2025-02-24,Türkiye,Bulgaria,"Lemons (Citrus limon, Citrus limonum)",fruits and vegetables,prochloraz   - {pesticide residues},prochloraz,False,border rejection notification,border control - consignment detained,serious,product not (yet) placed on the market,prochloraz in fresh lemons from Türkiye
2025.1277,2025-02-21,Türkiye,Germany,vine leaves in brine ,fruits and vegetables,Azoxystrobin   - {pesticide residues} *** boscalid   - {pesticide residues} *** difenoconazole   - {pesticide residues} *** dithiocarbamates   - {pesticide residues} *** famoxadone   - {pesticide residues} *** flutriafol   - {pesticide residues} *** lambda-cyhalothrin   - {pesticide residues},Azoxystrobin,False,information notification for follow-up,surveillance programme / monitoring sample,potentially serious,no distribution from notifying country,"Pesticide residues in vine leaves in brine from Türkiye, via the Netherlands"
2025.1277,2025-02-21,Türkiye,Germany,vine leaves in brine ,fruits and vegetables,Azoxystrobin   - {pesticide residues} *** boscalid   - {pesticide residues} *** difenoconazole   - {pesticide residues} *** dithiocarbamates   - {pesticide residues} *** famoxadone   - {pesticide residues} *** flutriafol   - {pesticide residues} *** lambda-cyhalothrin   - {pesticide residues},boscalid,False,information notification for follow-up,surveillance programme / monitoring sample,potentially serious,no distribution from notifying country,"Pesticide residues in vine leaves in brine from Türkiye, via the Netherlands"
2025.1277,2025-02-21,Türkiye,Germany,vine leaves in brine ,fruits and vegetables,Azoxystrobin   - {pesticide residues} *** boscalid   - {pesticide residues} *** difenoconazole   - {pesticide residues} *** dithiocarbamates   - {pesticide residues} *** famoxadone   - {pesticide residues} *** flutriafol   - {pesticide residues} *** lambda-cyhalothrin   - {pesticide residues},difenoconazole,False,information notification for follow-up,surveillance programme / monitoring sample,potentially serious,no distribution from notifying country,"Pesticide residues in vine leaves in brine from Türkiye, via the Netherlands"
2025.1277,2025-02-21,Türkiye,Germany,vine leaves in brine ,fruits and vegetables,Azoxystrobin   - {pesticide residues} *** boscalid   - {pesticide residues} *** difenoconazole   - {pesticide residues} *** dithiocarbamates   - {pesticide residues} *** famoxadone   - {pesticide residues} *** flutriafol   - {pesticide residues} *** lambda-cyhalothrin   - {pesticide residues},dithiocarbamates,False,information notification for follow-up,surveillance programme / monitoring sample,potentially serious,no distribution from notifying country,"Pesticide residues in vine leaves in brine from Türkiye, via the Netherlands"
2025.1277,2025-02-21,Türkiye,Germany,vine leaves in brine ,fruits and vegetables,Azoxystrobin   - {pesticide residues} *** boscalid   - {pesticide residues} *** difenoconazole   - {pesticide residues} *** dithiocarbamates   - {pesticide residues} *** famoxadone   - {pesticide residues} *** flutriafol   - {pesticide residues} *** lambda-cyhalothrin   - {pesticide residues},famoxadone,False,information notification for follow-up,surveillance programme / monitoring sample,potentially serious,no distribution from notifying country,"Pesticide residues in vine leaves in brine from Türkiye, via the Netherlands"
2025.1277,2025-02-21,Türkiye,Germany,vine leaves in brine ,fruits and vegetables,Azoxystrobin   - {pesticide residues} *** boscalid   - {pesticide residues} *** difenoconazole   - {pesticide residues} *** dithiocarbamates   - {pesticide residues} *** famoxadone   - {pesticide residues} *** flutriafol   - {pesticide residues} *** lambda-cyhalothrin   - {pesticide residues},flutriafol,False,information notification for follow-up,surveillance programme / monitoring sample,potentially serious,no distribution from notifying country,"Pesticide residues in vine leaves in brine from Türkiye, via the Netherlands"
2025.1277,2025-02-21,Türkiye,Germany,vine leaves in brine ,fruits and vegetables,Azoxystrobin   - {pesticide residues} *** boscalid   - {pesticide residues} *** difenoconazole   - {pesticide residues} *** dithiocarbamates   - {pesticide residues} *** famoxadone   - {pesticide residues} *** flutriafol   - {pesticide residues} *** lambda-cyhalothrin   - {pesticide residues},lambda-cyhalothrin,False,information notification for follow-up,surveillance programme / monitoring sample,potentially serious,no distribution from notifying country,"Pesticide residues in vine leaves in brine from Türkiye, via the Netherlands"
2025.1229,2025-02-21,Türkiye,Bulgaria,Sweet peppers,fruits and vegetables,formetanate   - {pesticide residues},formetanate,False,border rejection notification,border control - consignment detained,serious,product not (yet) placed on the market,formetanate in fresh peppers from Türkiye
2025.1122,2025-02-18,Türkiye,Bulgaria,Sweet peppers,fruits and vegetables,formetanate   - {pesticide residues},formetanate,False,border rejection notification,border control - consignment detained,serious,product not (yet) placed on the market,formetanate in fresh peppers from Türkiye
2025.1115,2025-02-18,Kenya,France,Green beans,fruits and vegetables,indoxacarb   - {pesticide residues},indoxacarb,False,border rejection notification,border control - consignment detained,no risk,product not (yet) placed on the market,Indoxacarb in green beans from Kenya
2025.1088,2025-02-17,Egypt,Netherlands,Oranges,fruits and vegetables,chlorfenapyr   - {pesticide residues} *** dimethoate   - {pesticide residues},chlorfenapyr,False,border rejection notification,border control - consignment detained,potentially serious,product not (yet) placed on the market,Pesticide residues in Egyptian oranges
2025.1088,2025-02-17,Egypt,Netherlands,Oranges,fruits and vegetables,chlorfenapyr   - {pesticide residues} *** dimethoate   - {pesticide residues},dimethoate,False,border rejection notification,border control - consignment detained,potentially serious,product not (yet) placed on the market,Pesticide residues in Egyptian oranges
2025.1085,2025-02-17,Egypt,Netherlands,Oranges,fruits and vegetables,chlorpropham   - {pesticide residues},chlorpropham,False,border rejection notification,border control - consignment detained,not serious,product not (yet) placed on the market,Pesticide residues in Egyptian Oranges
2025.1100,2025-02-17,Türkiye,Germany,vine leaves in brine,fruits and vegetables,acetamiprid   - {pesticide residues} *** cymoxanil   - {pesticide residues} *** difenoconazole   - {pesticide residues} *** dimethomorph   - {pesticide residues} *** penconazole   - {pesticide residues} *** proquinazid   - {pesticide residues} *** pyriofenone  - {pesticide residues} *** tebuconazole   - {pesticide residues},acetamiprid,False,alert notification,official control on the market,serious,distribution to other member countries,"Pesticide residues in vine leaves in brine from Turkey, via the Netherlands"
2025.1100,2025-02-17,Türkiye,Germany,vine leaves in brine,fruits and vegetables,acetamiprid   - {pesticide residues} *** cymoxanil   - {pesticide residues} *** difenoconazole   - {pesticide residues} *** dimethomorph   - {pesticide residues} *** penconazole   - {pesticide residues} *** proquinazid   - {pesticide residues} *** pyriofenone  - {pesticide residues} *** tebuconazole   - {pesticide residues},cymoxanil,False,alert notification,official control on the market,serious,distribution to other member countries,"Pesticide residues in vine leaves in brine from Turkey, via the Netherlands"
2025.1100,2025-02-17,Türkiye,Germany,vine leaves in brine,fruits and vegetables,acetamiprid   - {pesticide residues} *** cymoxanil   - {pesticide residues} *** difenoconazole   - {pesticide residues} *** dimethomorph   - {pesticide residues} *** penconazole   - {pesticide residues} *** proquinazid   - {pesticide residues} *** pyriofenone  - {pesticide residues} *** tebuconazole   - {pesticide residues},difenoconazole,False,alert notification,official control on the market,serious,distribution to other member countries,"Pesticide residues in vine leaves in brine from Turkey, via the Netherlands"
2025.1100,2025-02-17,Türkiye,Germany,vine leaves in brine,fruits and vegetables,acetamiprid   - {pesticide residues} *** cymoxanil   - {pesticide residues} *** difenoconazole   - {pesticide residues} *** dimethomorph   - {pesticide residues} *** penconazole   - {pesticide residues} *** proquinazid   - {pesticide residues} *** pyriofenone  - {pesticide residues} *** tebuconazole   - {pesticide residues},dimethomorph,False,alert notification,official control on the market,serious,distribution to other member countries,"Pesticide residues in vine leaves in brine from Turkey, via the Netherlands"
2025.1100,2025-02-17,Türkiye,Germany,vine leaves in brine,fruits and vegetables,acetamiprid   - {pesticide residues} *** cymoxanil   - {pesticide residues} *** difenoconazole   - {pesticide residues} *** dimethomorph   - {pesticide residues} *** penconazole   - {pesticide residues} *** proquinazid   - {pesticide residues} *** pyriofenone  - {pesticide residues} *** tebuconazole   - {pesticide residues},penconazole,False,alert notification,official control on the market,serious,distribution to other member countries,"Pesticide residues in vine leaves in brine from Turkey, via the Netherlands"
2025.1100,2025-02-17,Türkiye,Germany,vine leaves in brine,fruits and vegetables,acetamiprid   - {pesticide residues} *** cymoxanil   - {pesticide residues} *** difenoconazole   - {pesticide residues} *** dimethomorph   - {pesticide residues} *** penconazole   - {pesticide residues} *** proquinazid   - {pesticide residues} *** pyriofenone  - {pesticide residues} *** tebuconazole   - {pesticide residues},proquinazid,False,alert notification,official control on the market,serious,distribution to other member countries,"Pesticide residues in vine leaves in brine from Turkey, via the Netherlands"
2025.1100,2025-02-17,Türkiye,Germany,vine leaves in brine,fruits and vegetables,acetamiprid   - {pesticide residues} *** cymoxanil   - {pesticide residues} *** difenoconazole   - {pesticide residues} *** dimethomorph   - {pesticide residues} *** penconazole   - {pesticide residues} *** proquinazid   - {pesticide residues} *** pyriofenone  - {pesticide residues} *** tebuconazole   - {pesticide residues},pyriofenone,False,alert notification,official control on the market,serious,distribution to other member countries,"Pesticide residues in vine leaves in brine from Turkey, via the Netherlands"
2025.1100,2025-02-17,Türkiye,Germany,vine leaves in brine,fruits and vegetables,acetamiprid   - {pesticide residues} *** cymoxanil   - {pesticide residues} *** difenoconazole   - {pesticide residues} *** dimethomorph   - {pesticide residues} *** penconazole   - {pesticide residues} *** proquinazid   - {pesticide residues} *** pyriofenone  - {pesticide residues} *** tebuconazole   - {pesticide residues},tebuconazole,False,alert notification,official control on the market,serious,distribution to other member countries,"Pesticide residues in vine leaves in brine from Turkey, via the Netherlands"
2025.1065,2025-02-14,Türkiye,Germany,pears,fruits and vegetables,methoxyfenozide   - {pesticide residues} *** phosmet  unauthorised substance - {},methoxyfenozide,False,alert notification,official control on the market,serious,distribution to other member countries,Phosmet in pears from Turkey
2025.1041,2025-02-13,Kenya,Netherlands,Green Beans,fruits and vegetables,sulfoxaflor   - {pesticide residues},sulfoxaflor,False,border rejection notification,border control - consignment detained,no risk,product not (yet) placed on the market,Beans Kenia Pesticide Residue
2025.1020,2025-02-13,Kenya,Netherlands,Green Beans,fruits and vegetables,acephate  unauthorised substance - {pesticide residues} *** methamidophos  unauthorised substance - {pesticide residues},acephate,True,border rejection notification,border control - consignment detained,not serious,product not (yet) placed on the market,Beans Kenia Pesticide Residue
2025.1020,2025-02-13,Kenya,Netherlands,Green Beans,fruits and vegetables,acephate  unauthorised substance - {pesticide residues} *** methamidophos  unauthorised substance - {pesticide residues},methamidophos,True,border rejection notification,border control - consignment detained,not serious,product not (yet) placed on the market,Beans Kenia Pesticide Residue
2025.0947,2025-02-11,Türkiye,Greece,Tomatoes,fruits and vegetables,chlorpyrifos-methyl  unauthorised substance - {pesticide residues},chlorpyrifos-methyl,True,information notification for attention,official control on the market,potentially serious,no distribution to other member countries,Unauthorised substance chlorpyrifos-methyl in tomatoes from Turkiye
2025.0917,2025-02-10,Egypt,Slovenia,White oranges,fruits and vegetables,dimethoate   - {pesticide residues},dimethoate,False,border rejection notification,border control - consignment detained,potential risk,product not (yet) placed on the market, Dimethoate in oranges from Egypt
2025.0835,2025-02-06,Morocco,Germany,snack pepper mix and pointed pepper mix,fruits and vegetables,abamectin   - {pesticide residues},abamectin,False,information notification for attention,company's own check,serious,product (presumably) no longer on the market,Abamectin in paprika from Morocco via Spain
2025.0819,2025-02-06,Egypt,Slovenia,White oranges,fruits and vegetables,phenthoate  unauthorised substance - {pesticide residues},phenthoate,True,border rejection notification,border control - consignment detained,potentially serious,product not (yet) placed on the market,phenthoat in oranges from Egypt
2025.0764,2025-02-05,Kenya,France,Green beans,fruits and vegetables,flutriafol   - {pesticide residues},flutriafol,False,border rejection notification,border control - consignment detained,not serious,product not (yet) placed on the market,Flutriafol in green beans from Kenya
2025.0737,2025-02-04,Türkiye,Bulgaria,Sweet peppers,fruits and vegetables,dimethoate   - {pesticide residues} *** ethion   - {pesticide residues},dimethoate,False,border rejection notification,border control - consignment detained,serious,product not (yet) placed on the market,dimethoate and ethion in fresh peppers from Türkiye 
2025.0737,2025-02-04,Türkiye,Bulgaria,Sweet peppers,fruits and vegetables,dimethoate   - {pesticide residues} *** ethion   - {pesticide residues},ethion,False,border rejection notification,border control - consignment detained,serious,product not (yet) placed on the market,dimethoate and ethion in fresh peppers from Türkiye 
2025.0757,2025-02-04,India,Germany,Bottle Gourd,fruits and vegetables,acephate  unauthorised substance - {pesticide residues} *** bifenthrin   - {pesticide residues} *** buprofezin   - {pesticide residues} *** methamidophos  unauthorised substance - {pesticide residues},acephate,True,information notification for attention,border control - consignment released,serious,product not (yet) placed on the market,Pesticide residues in Bottle Gourd from India
2025.0757,2025-02-04,India,Germany,Bottle Gourd,fruits and vegetables,acephate  unauthorised substance - {pesticide residues} *** bifenthrin   - {pesticide residues} *** buprofezin   - {pesticide residues} *** methamidophos  unauthorised substance - {pesticide residues},bifenthrin,False,information notification for attention,border control - consignment released,serious,product not (yet) placed on the market,Pesticide residues in Bottle Gourd from India
2025.0757,2025-02-04,India,Germany,Bottle Gourd,fruits and vegetables,acephate  unauthorised substance - {pesticide residues} *** bifenthrin   - {pesticide residues} *** buprofezin   - {pesticide residues} *** methamidophos  unauthorised substance - {pesticide residues},buprofezin,False,information notification for attention,border control - consignment released,serious,product not (yet) placed on the market,Pesticide residues in Bottle Gourd from India
2025.0757,2025-02-04,India,Germany,Bottle Gourd,fruits and vegetables,acephate  unauthorised substance - {pesticide residues} *** bifenthrin   - {pesticide residues} *** buprofezin   - {pesticide residues} *** methamidophos  unauthorised substance - {pesticide residues},methamidophos,True,information notification for attention,border control - consignment released,serious,product not (yet) placed on the market,Pesticide residues in Bottle Gourd from India
2025.0705,2025-02-03,Egypt,Romania,FRESH EGYPTIAN NAVEL ORANGE,fruits and vegetables,profenofos  unauthorised substance - {pesticide residues},profenofos,True,border rejection notification,border control - consignment detained,no risk,product not (yet) placed on the market,EXCEEDED PESTICIDES PROFENOFOS -FRESH EGYPTIAN NAVEL ORANGE
2025.0590,2025-01-29,India,Italy,guavas,fruits and vegetables,fluopyram   - {pesticide residues} *** thiamethoxam   - {pesticide residues},fluopyram,False,border rejection notification,border control - consignment detained,potentially serious,product not (yet) placed on the market,thiamethoxam e fluopyram in guaiave fresche da India
2025.0590,2025-01-29,India,Italy,guavas,fruits and vegetables,fluopyram   - {pesticide residues} *** thiamethoxam   - {pesticide residues},thiamethoxam,False,border rejection notification,border control - consignment detained,potentially serious,product not (yet) placed on the market,thiamethoxam e fluopyram in guaiave fresche da India
2025.0564,2025-01-28,Türkiye,Croatia,Tomatoes,fruits and vegetables,indoxacarb   - {pesticide residues},indoxacarb,False,border rejection notification,border control - consignment detained,no risk,product allowed to travel to destination under customs seals,Pesticides residues of Indoxacarb in tomatoes from Turkey
2025.0570,2025-01-28,India,Italy,guavas,fruits and vegetables,thiamethoxam   - {pesticide residues},thiamethoxam,False,border rejection notification,border control - consignment detained,potential risk,product not (yet) placed on the market,Thiamethoxam on guajave from India
2025.0525,2025-01-27,India,Italy,okras,fruits and vegetables,acephate  unauthorised substance - {pesticide residues} *** diafenthiuron  unauthorised substance - {pesticide residues} *** dinotefuran   - {pesticide residues} *** methamidophos  unauthorised substance - {pesticide residues},acephate,True,border rejection notification,border control - consignment detained,serious,product not (yet) placed on the market,residui pesticidi su okra/pesticide residues on okra from India 
2025.0525,2025-01-27,India,Italy,okras,fruits and vegetables,acephate  unauthorised substance - {pesticide residues} *** diafenthiuron  unauthorised substance - {pesticide residues} *** dinotefuran   - {pesticide residues} *** methamidophos  unauthorised substance - {pesticide residues},diafenthiuron,True,border rejection notification,border control - consignment detained,serious,product not (yet) placed on the market,residui pesticidi su okra/pesticide residues on okra from India 
2025.0525,2025-01-27,India,Italy,okras,fruits and vegetables,acephate  unauthorised substance - {pesticide residues} *** diafenthiuron  unauthorised substance - {pesticide residues} *** dinotefuran   - {pesticide residues} *** methamidophos  unauthorised substance - {pesticide residues},dinotefuran,False,border rejection notification,border control - consignment detained,serious,product not (yet) placed on the market,residui pesticidi su okra/pesticide residues on okra from India 
2025.0525,2025-01-27,India,Italy,okras,fruits and vegetables,acephate  unauthorised substance - {pesticide residues} *** diafenthiuron  unauthorised substance - {pesticide residues} *** dinotefuran   - {pesticide residues} *** methamidophos  unauthorised substance - {pesticide residues},methamidophos,True,border rejection notification,border control - consignment detained,serious,product not (yet) placed on the market,residui pesticidi su okra/pesticide residues on okra from India 
2025.0496,2025-01-24,Egypt,Netherlands,Oranges,fruits and vegetables,profenofos  unauthorised substance - {pesticide residues},profenofos,True,border rejection notification,border control - consignment detained,not serious,product not (yet) placed on the market,Pesticide residues in Egyptian Oranges
2025.0507,2025-01-24,Türkiye,Netherlands,Pomegranates,fruits and vegetables,tau-fluvalinate   - {pesticide residues},tau-fluvalinate,False,border rejection notification,border control - consignment detained,not serious,product not (yet) placed on the market,Pomegranates Turkey Pesticide residue
2025.0517,2025-01-24,Türkiye,France,Sultana raisins,fruits and vegetables,pyriproxyfen    - {pesticide residues},pyriproxyfen,False,alert notification,company's own check,serious,distribution to other member countries,MLRs exceeded for Pyriproxyfen and DINOCAP in sultanas from Turkey
2025.0424,2025-01-22,Türkiye,Bulgaria,mandarins,fruits and vegetables,chlorpyrifos-methyl   - {pesticide residues} *** propiconazole   - {pesticide residues},chlorpyrifos-methyl,False,border rejection notification,border control - consignment released,serious,product not (yet) placed on the market,propiconazole and chlorpyrifos-methyl in fresh mandarin from Türkiye
2025.0424,2025-01-22,Türkiye,Bulgaria,mandarins,fruits and vegetables,chlorpyrifos-methyl   - {pesticide residues} *** propiconazole   - {pesticide residues},propiconazole,False,border rejection notification,border control - consignment released,serious,product not (yet) placed on the market,propiconazole and chlorpyrifos-methyl in fresh mandarin from Türkiye
2025.0382,2025-01-20,Türkiye,Bulgaria,Pomegranates,fruits and vegetables,acetamiprid   - {pesticide residues},acetamiprid,False,border rejection notification,border control - consignment detained,serious,product not (yet) placed on the market,acetamiprid in fresh pomegranate from Türkiye
2025.0303,2025-01-16,Türkiye,Netherlands,Raisins,fruits and vegetables,acetamiprid   - {pesticide residues},acetamiprid,False,information notification for attention,company's own check,serious,no distribution from notifying country,Acetamiprid in raisins from Türkiye
2025.0298,2025-01-16,Kenya,France,Green beans,fruits and vegetables,acephate  unauthorised substance - {pesticide residues} *** methamidophos  unauthorised substance - {pesticide residues},acephate,True,border rejection notification,border control - consignment detained,not serious,product not (yet) placed on the market,Acephate and Methamidophos in green beans from Kenya
2025.0298,2025-01-16,Kenya,France,Green beans,fruits and vegetables,acephate  unauthorised substance - {pesticide residues} *** methamidophos  unauthorised substance - {pesticide residues},methamidophos,True,border rejection notification,border control - consignment detained,not serious,product not (yet) placed on the market,Acephate and Methamidophos in green beans from Kenya
2025.0233,2025-01-14,Kenya,France,Green beans,fruits and vegetables,dimethomorph   - {pesticide residues},dimethomorph,False,border rejection notification,border control - consignment detained,not serious,product not (yet) placed on the market,Dimethomorph in green beans from Kenya
2025.0239,2025-01-14,India,France,Drumstick leaves,fruits and vegetables,monocrotophos  unauthorised substance - {pesticide residues},monocrotophos,True,border rejection notification,border control - consignment detained,serious,product not (yet) placed on the market,Monocrotophos in drumstick (moringa oleifera) leaves from India
2025.0211,2025-01-13,Türkiye,Germany,pomegranates,fruits and vegetables,Azoxystrobin   - {pesticide residues} *** acetamiprid   - {pesticide residues},Azoxystrobin,False,information notification for attention,official control on the market,potentially serious,distribution restricted to notifying country,Acetamiprid and azoxystrobin in pomegranates from Turkey
2025.0211,2025-01-13,Türkiye,Germany,pomegranates,fruits and vegetables,Azoxystrobin   - {pesticide residues} *** acetamiprid   - {pesticide residues},acetamiprid,False,information notification for attention,official control on the market,potentially serious,distribution restricted to notifying country,Acetamiprid and azoxystrobin in pomegranates from Turkey
2025.0142,2025-01-09,Morocco,France,Clementines,fruits and vegetables,dimethoate   - {pesticide residues},dimethoate,False,information notification for attention,company's own check,serious,no distribution from notifying country,Dimethoate detected on clementines from Morocco
2025.0100,2025-01-08,Egypt,Denmark,White oranges,fruits and vegetables,profenofos  unauthorised substance - {pesticide residues},profenofos,True,border rejection notification,border control - consignment detained,no risk,no distribution from notifying country,Border rejection notification on oranges due to residues of pesticides
2025.0088,2025-01-07,Egypt,Lithuania,Red peppers,fruits and vegetables,buprofezin   - {pesticide residues} *** chlorfenapyr   - {pesticide residues} *** chlorpyrifos   - {pesticide residues} *** dimethoate   - {pesticide residues},buprofezin,False,border rejection notification,border control - consignment detained,potential risk,product not (yet) placed on the market,Increased pesticide residues in frozen red peppers from Egypt
2025.0088,2025-01-07,Egypt,Lithuania,Red peppers,fruits and vegetables,buprofezin   - {pesticide residues} *** chlorfenapyr   - {pesticide residues} *** chlorpyrifos   - {pesticide residues} *** dimethoate   - {pesticide residues},chlorfenapyr,False,border rejection notification,border control - consignment detained,potential risk,product not (yet) placed on the market,Increased pesticide residues in frozen red peppers from Egypt
2025.0088,2025-01-07,Egypt,Lithuania,Red peppers,fruits and vegetables,buprofezin   - {pesticide residues} *** chlorfenapyr   - {pesticide residues} *** chlorpyrifos   - {pesticide residues} *** dimethoate   - {pesticide residues},chlorpyrifos,False,border rejection notification,border control - consignment detained,potential risk,product not (yet) placed on the market,Increased pesticide residues in frozen red peppers from Egypt
2025.0088,2025-01-07,Egypt,Lithuania,Red peppers,fruits and vegetables,buprofezin   - {pesticide residues} *** chlorfenapyr   - {pesticide residues} *** chlorpyrifos   - {pesticide residues} *** dimethoate   - {pesticide residues},dimethoate,False,border rejection notification,border control - consignment detained,potential risk,product not (yet) placed on the market,Increased pesticide residues in frozen red peppers from Egypt
2025.0075,2025-01-07,Türkiye,Bulgaria,Pomegranates,fruits and vegetables,acetamiprid   - {pesticide residues} *** pyrimethanil   - {pesticide residues} *** pyriproxyfen    - {pesticide residues},acetamiprid,False,border rejection notification,border control - consignment detained,serious,product not (yet) placed on the market,"acetamiprid, pyrimethanil and pyriproxyfen in pomegranate from Türkiye"
2025.0075,2025-01-07,Türkiye,Bulgaria,Pomegranates,fruits and vegetables,acetamiprid   - {pesticide residues} *** pyrimethanil   - {pesticide residues} *** pyriproxyfen    - {pesticide residues},pyrimethanil,False,border rejection notification,border control - consignment detained,serious,product not (yet) placed on the market,"acetamiprid, pyrimethanil and pyriproxyfen in pomegranate from Türkiye"
2025.0075,2025-01-07,Türkiye,Bulgaria,Pomegranates,fruits and vegetables,acetamiprid   - {pesticide residues} *** pyrimethanil   - {pesticide residues} *** pyriproxyfen    - {pesticide residues},pyriproxyfen,False,border rejection notification,border control - consignment detained,serious,product not (yet) placed on the market,"acetamiprid, pyrimethanil and pyriproxyfen in pomegranate from Türkiye"
2025.0055,2025-01-03,Türkiye,Denmark,vine leaves in brine,fruits and vegetables,dithiocarbamates   - {pesticide residues},dithiocarbamates,False,border rejection notification,border control - consignment detained,serious,no distribution from notifying country,Border rejection notification on wineleaves due to residues of pesticides
2025.0003,2025-01-02,Egypt,Cyprus,Strawberries ,fruits and vegetables,imidacloprid   - {pesticide residues},imidacloprid,False,border rejection notification,border control - consignment released,not serious,product (presumably) no longer on the market,Residues of unauthorized  pesticide Imidacloprid  in Strawberries class 1 from Egypt 
2025.0007,2025-01-02,Türkiye,Poland,lemons,fruits and vegetables,chlorpyrifos-methyl   - {pesticide residues},chlorpyrifos-methyl,False,information notification for attention,official control on the market,potential risk,product (presumably) no longer on the market,exceeding the MRL of pesticide residues – methyl chlorpyrifos in lemons from Türkiye
2025.0006,2025-01-02,Kenya,France,"green beans, wax beans and string beans",fruits and vegetables,acephate  unauthorised substance - {pesticide residues} *** methamidophos  unauthorised substance - {pesticide residues},acephate,True,border rejection notification,border control - consignment detained,not serious,product not (yet) placed on the market,Acephate and Methamidophos in green beans from Kenya
2025.0006,2025-01-02,Kenya,France,"green beans, wax beans and string beans",fruits and vegetables,acephate  unauthorised substance - {pesticide residues} *** methamidophos  unauthorised substance - {pesticide residues},methamidophos,True,border rejection notification,border control - consignment detained,not serious,product not (yet) placed on the market,Acephate and Methamidophos in green beans from Kenya
2024.9589,2024-12-27,Egypt,Poland,Truskawki świeże // Fresh strawberries,fruits and vegetables,oxamyl  unauthorised substance - {pesticide residues},oxamyl,True,border rejection notification,border control - consignment detained,serious,product not (yet) placed on the market,exceeding the MRL for oxamyl in fresh strawberries from Egypt
2024.9516,2024-12-23,Egypt,Slovenia,Navel oranges,fruits and vegetables,oxamyl  unauthorised substance - {pesticide residues},oxamyl,True,border rejection notification,border control - consignment detained,serious,no distribution to other member countries,Oxamyl in oranges from Egypt
2024.9401,2024-12-19,Türkiye,Bulgaria,Pomegranates,fruits and vegetables,chlorpyrifos  unauthorised substance - {pesticide residues} *** deltamethrin   - {pesticide residues} *** pyraclostrobin   - {pesticide residues},chlorpyrifos,True,border rejection notification,border control - consignment detained,serious,product not (yet) placed on the market,"Deltamethrin, Pyraclostrobin and  Chlorpyrifos in fresh pomegranate from Türkiye"
2024.9401,2024-12-19,Türkiye,Bulgaria,Pomegranates,fruits and vegetables,chlorpyrifos  unauthorised substance - {pesticide residues} *** deltamethrin   - {pesticide residues} *** pyraclostrobin   - {pesticide residues},deltamethrin,False,border rejection notification,border control - consignment detained,serious,product not (yet) placed on the market,"Deltamethrin, Pyraclostrobin and  Chlorpyrifos in fresh pomegranate from Türkiye"
2024.9401,2024-12-19,Türkiye,Bulgaria,Pomegranates,fruits and vegetables,chlorpyrifos  unauthorised substance - {pesticide residues} *** deltamethrin   - {pesticide residues} *** pyraclostrobin   - {pesticide residues},pyraclostrobin,False,border rejection notification,border control - consignment detained,serious,product not (yet) placed on the market,"Deltamethrin, Pyraclostrobin and  Chlorpyrifos in fresh pomegranate from Türkiye"
2024.9431,2024-12-19,Türkiye,Poland,cytryny // lemons,fruits and vegetables,buprofezin   - {pesticide residues} *** etoxazole   - {pesticide residues},buprofezin,False,information notification for attention,official control on the market,potential risk,product (presumably) no longer on the market,przekroczenie NDP buprofezyny i  etoksazolu  w cytrynach pochodzących z Turcji // exceedance of MRLs for buprofezin and etoxazole in lemons from Turkey
2024.9431,2024-12-19,Türkiye,Poland,cytryny // lemons,fruits and vegetables,buprofezin   - {pesticide residues} *** etoxazole   - {pesticide residues},etoxazole,False,information notification for attention,official control on the market,potential risk,product (presumably) no longer on the market,przekroczenie NDP buprofezyny i  etoksazolu  w cytrynach pochodzących z Turcji // exceedance of MRLs for buprofezin and etoxazole in lemons from Turkey
2024.9414,2024-12-19,India,Switzerland,"Beans (Vigna spp., Phaseolus spp.)",fruits and vegetables,dimethoate   - {pesticide residues} *** ethion   - {pesticide residues} *** lambda-cyhalothrin   - {pesticide residues} *** omethoate   - {pesticide residues} *** profenofos  unauthorised substance - {pesticide residues},dimethoate,False,border rejection notification,border control - consignment detained,potential risk,product not (yet) placed on the market,Unauthorised substance omethoat (0.2 mg/kg - ppm) in beans (vigna species) from India
2024.9414,2024-12-19,India,Switzerland,"Beans (Vigna spp., Phaseolus spp.)",fruits and vegetables,dimethoate   - {pesticide residues} *** ethion   - {pesticide residues} *** lambda-cyhalothrin   - {pesticide residues} *** omethoate   - {pesticide residues} *** profenofos  unauthorised substance - {pesticide residues},ethion,False,border rejection notification,border control - consignment detained,potential risk,product not (yet) placed on the market,Unauthorised substance omethoat (0.2 mg/kg - ppm) in beans (vigna species) from India
2024.9414,2024-12-19,India,Switzerland,"Beans (Vigna spp., Phaseolus spp.)",fruits and vegetables,dimethoate   - {pesticide residues} *** ethion   - {pesticide residues} *** lambda-cyhalothrin   - {pesticide residues} *** omethoate   - {pesticide residues} *** profenofos  unauthorised substance - {pesticide residues},lambda-cyhalothrin,False,border rejection notification,border control - consignment detained,potential risk,product not (yet) placed on the market,Unauthorised substance omethoat (0.2 mg/kg - ppm) in beans (vigna species) from India
2024.9414,2024-12-19,India,Switzerland,"Beans (Vigna spp., Phaseolus spp.)",fruits and vegetables,dimethoate   - {pesticide residues} *** ethion   - {pesticide residues} *** lambda-cyhalothrin   - {pesticide residues} *** omethoate   - {pesticide residues} *** profenofos  unauthorised substance - {pesticide residues},omethoate,False,border rejection notification,border control - consignment detained,potential risk,product not (yet) placed on the market,Unauthorised substance omethoat (0.2 mg/kg - ppm) in beans (vigna species) from India
2024.9414,2024-12-19,India,Switzerland,"Beans (Vigna spp., Phaseolus spp.)",fruits and vegetables,dimethoate   - {pesticide residues} *** ethion   - {pesticide residues} *** lambda-cyhalothrin   - {pesticide residues} *** omethoate   - {pesticide residues} *** profenofos  unauthorised substance - {pesticide residues},profenofos,True,border rejection notification,border control - consignment detained,potential risk,product not (yet) placed on the market,Unauthorised substance omethoat (0.2 mg/kg - ppm) in beans (vigna species) from India
2024.9371,2024-12-18,Egypt,Belgium,Strawberries,fruits and vegetables,oxamyl  unauthorised substance - {pesticide residues},oxamyl,True,alert notification,border control - consignment released,serious,distribution to other member countries,Pesticides residues in strawberries from Egypt.
2024.9360,2024-12-18,India,Croatia,Okra,fruits and vegetables,acephate  unauthorised substance - {pesticide residues} *** monocrotophos  unauthorised substance - {pesticide residues} *** tebuconazole   - {pesticide residues},acephate,True,border rejection notification,border control - consignment detained,potential risk,no distribution from notifying country,Pesticide residues in dried cutted okra from India
2024.9360,2024-12-18,India,Croatia,Okra,fruits and vegetables,acephate  unauthorised substance - {pesticide residues} *** monocrotophos  unauthorised substance - {pesticide residues} *** tebuconazole   - {pesticide residues},monocrotophos,True,border rejection notification,border control - consignment detained,potential risk,no distribution from notifying country,Pesticide residues in dried cutted okra from India
2024.9360,2024-12-18,India,Croatia,Okra,fruits and vegetables,acephate  unauthorised substance - {pesticide residues} *** monocrotophos  unauthorised substance - {pesticide residues} *** tebuconazole   - {pesticide residues},tebuconazole,False,border rejection notification,border control - consignment detained,potential risk,no distribution from notifying country,Pesticide residues in dried cutted okra from India
2024.9258,2024-12-16,Egypt,Cyprus,FRESH STRAWBERRIES,fruits and vegetables,diflubenzuron   - {pesticide residues},diflubenzuron,False,information notification for attention,border control - consignment released,potentially serious,distribution restricted to notifying country,RESIDUES OF UNAUTHORIZED PESTICIDE DIFLUBENZURON IN FRESH STRAWBERRIES FROM EGYPT
2024.9277,2024-12-16,Kenya,France,green beans,fruits and vegetables,acephate  unauthorised substance - {pesticide residues},acephate,True,border rejection notification,border control - consignment detained,not serious,product not (yet) placed on the market,Acephate in green beans from Kenya
2024.9267,2024-12-16,Kenya,France,green beans,fruits and vegetables,acephate  unauthorised substance - {pesticide residues} *** methamidophos  unauthorised substance - {pesticide residues},acephate,True,border rejection notification,border control - consignment detained,not serious,product not (yet) placed on the market,Acephate and Methamidophos in green beans from Kenya
2024.9267,2024-12-16,Kenya,France,green beans,fruits and vegetables,acephate  unauthorised substance - {pesticide residues} *** methamidophos  unauthorised substance - {pesticide residues},methamidophos,True,border rejection notification,border control - consignment detained,not serious,product not (yet) placed on the market,Acephate and Methamidophos in green beans from Kenya
2024.9268,2024-12-16,Kenya,France,green beans,fruits and vegetables,acephate  unauthorised substance - {pesticide residues},acephate,True,border rejection notification,border control - consignment detained,not serious,product not (yet) placed on the market,Acephate in green beans from Kenya
2024.9264,2024-12-16,Kenya,France,green beans,fruits and vegetables,acephate  unauthorised substance - {pesticide residues} *** methamidophos  unauthorised substance - {pesticide residues},acephate,True,border rejection notification,border control - consignment detained,not serious,product not (yet) placed on the market,Acephate and Methamidophos in green beans from Kenya
2024.9264,2024-12-16,Kenya,France,green beans,fruits and vegetables,acephate  unauthorised substance - {pesticide residues} *** methamidophos  unauthorised substance - {pesticide residues},methamidophos,True,border rejection notification,border control - consignment detained,not serious,product not (yet) placed on the market,Acephate and Methamidophos in green beans from Kenya
2024.9219,2024-12-13,Egypt,France,Strawberries,fruits and vegetables,oxamyl  unauthorised substance - {pesticide residues},oxamyl,True,information notification for attention,company's own check,serious,no distribution from notifying country,Pesticide residues in strawberries from Egypt
2024.9247,2024-12-13,Kenya,France,green beans,fruits and vegetables,hexaconazole  unauthorised substance - {pesticide residues},hexaconazole,True,border rejection notification,border control - consignment detained,not serious,product not (yet) placed on the market,Hexaconazole in green beans from Kenya
2024.9237,2024-12-13,Kenya,France,green beans,fruits and vegetables,acephate  unauthorised substance - {pesticide residues} *** methamidophos  unauthorised substance - {pesticide residues},acephate,True,border rejection notification,border control - consignment detained,not serious,product not (yet) placed on the market,Acephate and methamidophos in green beans from Kenya
2024.9237,2024-12-13,Kenya,France,green beans,fruits and vegetables,acephate  unauthorised substance - {pesticide residues} *** methamidophos  unauthorised substance - {pesticide residues},methamidophos,True,border rejection notification,border control - consignment detained,not serious,product not (yet) placed on the market,Acephate and methamidophos in green beans from Kenya
2024.9225,2024-12-13,Kenya,France,green beans,fruits and vegetables,acephate  unauthorised substance - {pesticide residues},acephate,True,border rejection notification,border control - consignment detained,not serious,product not (yet) placed on the market,Acephate in green beans from Kenya
2024.9249,2024-12-13,Kenya,France,green beans,fruits and vegetables,hexaconazole  unauthorised substance - {pesticide residues},hexaconazole,True,border rejection notification,border control - consignment detained,not serious,product not (yet) placed on the market,Hexaconazole in green beans from Kenya
2024.9231,2024-12-13,India,France,Drumsticks (Moringa oleifera),fruits and vegetables,fenpropathrin  unauthorised substance - {pesticide residues} *** methamidophos  unauthorised substance - {pesticide residues},fenpropathrin,True,border rejection notification,border control - consignment detained,not serious,product not (yet) placed on the market,Fenpropathrin and Methamidophos in drumsticks from India
2024.9231,2024-12-13,India,France,Drumsticks (Moringa oleifera),fruits and vegetables,fenpropathrin  unauthorised substance - {pesticide residues} *** methamidophos  unauthorised substance - {pesticide residues},methamidophos,True,border rejection notification,border control - consignment detained,not serious,product not (yet) placed on the market,Fenpropathrin and Methamidophos in drumsticks from India
2024.9148,2024-12-11,Egypt,Lithuania,Red peppers,fruits and vegetables,buprofezin   - {pesticide residues} *** chlorfenapyr   - {pesticide residues} *** chlorpyrifos   - {pesticide residues} *** lambda-cyhalothrin   - {pesticide residues},buprofezin,False,border rejection notification,border control - consignment detained,potential risk,product not (yet) placed on the market,Pesticide residues in frozen red peppers from Egypt
2024.9148,2024-12-11,Egypt,Lithuania,Red peppers,fruits and vegetables,buprofezin   - {pesticide residues} *** chlorfenapyr   - {pesticide residues} *** chlorpyrifos   - {pesticide residues} *** lambda-cyhalothrin   - {pesticide residues},chlorfenapyr,False,border rejection notification,border control - consignment detained,potential risk,product not (yet) placed on the market,Pesticide residues in frozen red peppers from Egypt
2024.9148,2024-12-11,Egypt,Lithuania,Red peppers,fruits and vegetables,buprofezin   - {pesticide residues} *** chlorfenapyr   - {pesticide residues} *** chlorpyrifos   - {pesticide residues} *** lambda-cyhalothrin   - {pesticide residues},chlorpyrifos,False,border rejection notification,border control - consignment detained,potential risk,product not (yet) placed on the market,Pesticide residues in frozen red peppers from Egypt
2024.9148,2024-12-11,Egypt,Lithuania,Red peppers,fruits and vegetables,buprofezin   - {pesticide residues} *** chlorfenapyr   - {pesticide residues} *** chlorpyrifos   - {pesticide residues} *** lambda-cyhalothrin   - {pesticide residues},lambda-cyhalothrin,False,border rejection notification,border control - consignment detained,potential risk,product not (yet) placed on the market,Pesticide residues in frozen red peppers from Egypt
2024.8994,2024-12-05,Türkiye,Bulgaria,Pomegranates,fruits and vegetables,acetamiprid   - {pesticide residues} *** sulfoxaflor   - {pesticide residues},acetamiprid,False,border rejection notification,border control - consignment detained,serious,product not (yet) placed on the market,acetamiprid and sulfoxaflor in fresh pomegranate from Türkiye
2024.8994,2024-12-05,Türkiye,Bulgaria,Pomegranates,fruits and vegetables,acetamiprid   - {pesticide residues} *** sulfoxaflor   - {pesticide residues},sulfoxaflor,False,border rejection notification,border control - consignment detained,serious,product not (yet) placed on the market,acetamiprid and sulfoxaflor in fresh pomegranate from Türkiye
2024.8935,2024-12-03,Türkiye,Romania,tomatoes,fruits and vegetables,indoxacarb   - {pesticide residues},indoxacarb,False,information notification for attention,official control on the market,serious,distribution restricted to notifying country,Depasire LMA pesticid indoxacarb in tomate origine Turcia/Exceeding the MRL pesticide indoxacarb in tomato originating in Turkey 
2024.8862,2024-11-29,Egypt,Slovenia,vine leaves in jar,fruits and vegetables,Azoxystrobin   - {pesticide residues} *** acetamiprid   - {pesticide residues} *** benomil/carbendazim   - {pesticide residues} *** cypermethrin   - {pesticide residues} *** dimethomorph   - {pesticide residues} *** diniconazole   - {pesticide residues} *** imidacloprid   - {pesticide residues} *** lambda-cyhalothrin   - {pesticide residues} *** thiophanate-methyl   - {pesticide residues},Azoxystrobin,False,border rejection notification,border control - consignment detained,serious,product not (yet) placed on the market,vine leaves containing pesticides in quantities exceeding the maximum levels
2024.8862,2024-11-29,Egypt,Slovenia,vine leaves in jar,fruits and vegetables,Azoxystrobin   - {pesticide residues} *** acetamiprid   - {pesticide residues} *** benomil/carbendazim   - {pesticide residues} *** cypermethrin   - {pesticide residues} *** dimethomorph   - {pesticide residues} *** diniconazole   - {pesticide residues} *** imidacloprid   - {pesticide residues} *** lambda-cyhalothrin   - {pesticide residues} *** thiophanate-methyl   - {pesticide residues},acetamiprid,False,border rejection notification,border control - consignment detained,serious,product not (yet) placed on the market,vine leaves containing pesticides in quantities exceeding the maximum levels
2024.8862,2024-11-29,Egypt,Slovenia,vine leaves in jar,fruits and vegetables,Azoxystrobin   - {pesticide residues} *** acetamiprid   - {pesticide residues} *** benomil/carbendazim   - {pesticide residues} *** cypermethrin   - {pesticide residues} *** dimethomorph   - {pesticide residues} *** diniconazole   - {pesticide residues} *** imidacloprid   - {pesticide residues} *** lambda-cyhalothrin   - {pesticide residues} *** thiophanate-methyl   - {pesticide residues},benomil/carbendazim,False,border rejection notification,border control - consignment detained,serious,product not (yet) placed on the market,vine leaves containing pesticides in quantities exceeding the maximum levels
2024.8862,2024-11-29,Egypt,Slovenia,vine leaves in jar,fruits and vegetables,Azoxystrobin   - {pesticide residues} *** acetamiprid   - {pesticide residues} *** benomil/carbendazim   - {pesticide residues} *** cypermethrin   - {pesticide residues} *** dimethomorph   - {pesticide residues} *** diniconazole   - {pesticide residues} *** imidacloprid   - {pesticide residues} *** lambda-cyhalothrin   - {pesticide residues} *** thiophanate-methyl   - {pesticide residues},cypermethrin,False,border rejection notification,border control - consignment detained,serious,product not (yet) placed on the market,vine leaves containing pesticides in quantities exceeding the maximum levels
2024.8862,2024-11-29,Egypt,Slovenia,vine leaves in jar,fruits and vegetables,Azoxystrobin   - {pesticide residues} *** acetamiprid   - {pesticide residues} *** benomil/carbendazim   - {pesticide residues} *** cypermethrin   - {pesticide residues} *** dimethomorph   - {pesticide residues} *** diniconazole   - {pesticide residues} *** imidacloprid   - {pesticide residues} *** lambda-cyhalothrin   - {pesticide residues} *** thiophanate-methyl   - {pesticide residues},dimethomorph,False,border rejection notification,border control - consignment detained,serious,product not (yet) placed on the market,vine leaves containing pesticides in quantities exceeding the maximum levels
2024.8862,2024-11-29,Egypt,Slovenia,vine leaves in jar,fruits and vegetables,Azoxystrobin   - {pesticide residues} *** acetamiprid   - {pesticide residues} *** benomil/carbendazim   - {pesticide residues} *** cypermethrin   - {pesticide residues} *** dimethomorph   - {pesticide residues} *** diniconazole   - {pesticide residues} *** imidacloprid   - {pesticide residues} *** lambda-cyhalothrin   - {pesticide residues} *** thiophanate-methyl   - {pesticide residues},diniconazole,False,border rejection notification,border control - consignment detained,serious,product not (yet) placed on the market,vine leaves containing pesticides in quantities exceeding the maximum levels
2024.8862,2024-11-29,Egypt,Slovenia,vine leaves in jar,fruits and vegetables,Azoxystrobin   - {pesticide residues} *** acetamiprid   - {pesticide residues} *** benomil/carbendazim   - {pesticide residues} *** cypermethrin   - {pesticide residues} *** dimethomorph   - {pesticide residues} *** diniconazole   - {pesticide residues} *** imidacloprid   - {pesticide residues} *** lambda-cyhalothrin   - {pesticide residues} *** thiophanate-methyl   - {pesticide residues},imidacloprid,False,border rejection notification,border control - consignment detained,serious,product not (yet) placed on the market,vine leaves containing pesticides in quantities exceeding the maximum levels
2024.8862,2024-11-29,Egypt,Slovenia,vine leaves in jar,fruits and vegetables,Azoxystrobin   - {pesticide residues} *** acetamiprid   - {pesticide residues} *** benomil/carbendazim   - {pesticide residues} *** cypermethrin   - {pesticide residues} *** dimethomorph   - {pesticide residues} *** diniconazole   - {pesticide residues} *** imidacloprid   - {pesticide residues} *** lambda-cyhalothrin   - {pesticide residues} *** thiophanate-methyl   - {pesticide residues},lambda-cyhalothrin,False,border rejection notification,border control - consignment detained,serious,product not (yet) placed on the market,vine leaves containing pesticides in quantities exceeding the maximum levels
2024.8862,2024-11-29,Egypt,Slovenia,vine leaves in jar,fruits and vegetables,Azoxystrobin   - {pesticide residues} *** acetamiprid   - {pesticide residues} *** benomil/carbendazim   - {pesticide residues} *** cypermethrin   - {pesticide residues} *** dimethomorph   - {pesticide residues} *** diniconazole   - {pesticide residues} *** imidacloprid   - {pesticide residues} *** lambda-cyhalothrin   - {pesticide residues} *** thiophanate-methyl   - {pesticide residues},thiophanate-methyl,False,border rejection notification,border control - consignment detained,serious,product not (yet) placed on the market,vine leaves containing pesticides in quantities exceeding the maximum levels
2024.8843,2024-11-29,Türkiye,Bulgaria,mandarines,fruits and vegetables,chlorpyrifos-methyl   - {pesticide residues},chlorpyrifos-methyl,False,border rejection notification,border control - consignment detained,potentially serious,product not (yet) placed on the market,Chlorpyrifos-methyl in fresh mandarines from Türkiye
2024.8875,2024-11-29,Türkiye,Poland,Granat/// Pomegranate,fruits and vegetables,acetamiprid   - {pesticide residues},acetamiprid,False,alert notification,official control on the market,serious,distribution to other member countries,"przekroczenie NDP acetamipirydu na poziomie 0,27+/- 0,14 mg/kg w granacie pochodzącym Turcji/// Acetamipiride (0,27+/- 0,14 mg/kg) in pomegranate originating from Türkiye"
2024.8799,2024-11-28,Türkiye,Cyprus,Rose Leaf ,fruits and vegetables,profenofos  unauthorised substance - {pesticide residues} *** triazophos   - {pesticide residues},profenofos,True,border rejection notification,border control - consignment detained,potentially serious,product not (yet) placed on the market,Residues of unauthorized  pesticides Profenofos and Triazophos in Rose Leaf  from Turkey  
2024.8799,2024-11-28,Türkiye,Cyprus,Rose Leaf ,fruits and vegetables,profenofos  unauthorised substance - {pesticide residues} *** triazophos   - {pesticide residues},triazophos,False,border rejection notification,border control - consignment detained,potentially serious,product not (yet) placed on the market,Residues of unauthorized  pesticides Profenofos and Triazophos in Rose Leaf  from Turkey  
2024.8809,2024-11-28,Kenya,Netherlands,Peppers (other than sweet) (Capsicum spp.),fruits and vegetables,acetamiprid   - {pesticide residues} *** carbendazim  unauthorised substance - {pesticide residues} *** chlorothalonil   - {pesticide residues},acetamiprid,False,border rejection notification,border control - consignment detained,not serious,product not (yet) placed on the market,Capsicum Kenya Pesticide Residue
2024.8809,2024-11-28,Kenya,Netherlands,Peppers (other than sweet) (Capsicum spp.),fruits and vegetables,acetamiprid   - {pesticide residues} *** carbendazim  unauthorised substance - {pesticide residues} *** chlorothalonil   - {pesticide residues},carbendazim,True,border rejection notification,border control - consignment detained,not serious,product not (yet) placed on the market,Capsicum Kenya Pesticide Residue
2024.8809,2024-11-28,Kenya,Netherlands,Peppers (other than sweet) (Capsicum spp.),fruits and vegetables,acetamiprid   - {pesticide residues} *** carbendazim  unauthorised substance - {pesticide residues} *** chlorothalonil   - {pesticide residues},chlorothalonil,False,border rejection notification,border control - consignment detained,not serious,product not (yet) placed on the market,Capsicum Kenya Pesticide Residue
2024.8814,2024-11-28,Kenya,Netherlands,"green beans, wax beans and string beans",fruits and vegetables,acephate  unauthorised substance - {pesticide residues},acephate,True,border rejection notification,border control - consignment detained,not serious,product not (yet) placed on the market,Beans Kenya Pesticide Residue
2024.8813,2024-11-28,Kenya,Netherlands,"green beans, wax beans and string beans",fruits and vegetables,lufenuron   - {pesticide residues},lufenuron,False,border rejection notification,border control - consignment detained,not serious,product not (yet) placed on the market,Beans Kenya Pesticide Residue
2024.8674,2024-11-25,Egypt,Austria,Grüne Chillis /// Green chillis,fruits and vegetables,bifenazate  - {pesticide residues} *** matrine  unauthorised substance - {pesticide residues},bifenazate,False,border rejection notification,border control - consignment detained,potentially serious,distribution restricted to notifying country,Pesticide residues in chillis from Egypt
2024.8674,2024-11-25,Egypt,Austria,Grüne Chillis /// Green chillis,fruits and vegetables,bifenazate  - {pesticide residues} *** matrine  unauthorised substance - {pesticide residues},matrine,True,border rejection notification,border control - consignment detained,potentially serious,distribution restricted to notifying country,Pesticide residues in chillis from Egypt
2024.8678,2024-11-25,Türkiye,Bulgaria,Satsumas,fruits and vegetables,chlorpyrifos-methyl  unauthorised substance - {pesticide residues},chlorpyrifos-methyl,True,border rejection notification,border control - consignment detained,serious,product not (yet) placed on the market,Chlorpyrifos-methyl in fresh mandarin from Türkiye
2024.8660,2024-11-22,Morocco,France,Round tomatoes ,fruits and vegetables,lambda-cyhalothrin   - {pesticide residues},lambda-cyhalothrin,False,information notification for attention,company's own check,potentially serious,product (presumably) no longer on the market,Exceedance of the molecule lambda-cyhalothrin in round tomatoes from Morocco
2024.8553,2024-11-20,Türkiye,Bulgaria,Satsumas,fruits and vegetables,chlorpyrifos-methyl   - {pesticide residues},chlorpyrifos-methyl,False,border rejection notification,border control - consignment detained,serious,product not (yet) placed on the market,Chlorpyrifos-methyl in fresh mandarines from Türkiye
2024.8493,2024-11-18,Türkiye,Greece,Tomatoes,fruits and vegetables,indoxacarb   - {pesticide residues},indoxacarb,False,border rejection notification,border control - consignment detained,serious,product not (yet) placed on the market,Indoxacarb in Tomatoes from Turkiye via Bulgaria
2024.8496,2024-11-18,Türkiye,Poland,Winogrono jasne bezpestkowe luz (Light seedless grape),fruits and vegetables,acetamiprid   - {pesticide residues},acetamiprid,False,information notification for attention,official control on the market,serious,product (presumably) no longer on the market,"Light seedless grape / Przekroczenie NDP Acetamiprid w winogronach, pochodzącym z Turcji "
2024.8436,2024-11-15,Türkiye,Germany,grapes,fruits and vegetables,acetamiprid   - {pesticide residues} *** pyriproxyfen    - {pesticide residues},acetamiprid,False,information notification for attention,official control on the market,serious,product (presumably) no longer on the market,Acetamiprid in grapes from Turkey
2024.8436,2024-11-15,Türkiye,Germany,grapes,fruits and vegetables,acetamiprid   - {pesticide residues} *** pyriproxyfen    - {pesticide residues},pyriproxyfen,False,information notification for attention,official control on the market,serious,product (presumably) no longer on the market,Acetamiprid in grapes from Turkey
2024.8394,2024-11-13,Egypt,Belgium,Vine leaves,fruits and vegetables,Azoxystrobin   - {pesticide residues} *** acetamiprid   - {pesticide residues} *** boscalid   - {pesticide residues} *** carbendazim  unauthorised substance - {pesticide residues} *** chlorpyrifos  unauthorised substance - {pesticide residues} *** clofentezine   - {pesticide residues} *** difenoconazole   - {pesticide residues} *** imidacloprid   - {pesticide residues} *** lambda-cyhalothrin   - {pesticide residues} *** lufenuron   - {pesticide residues} *** propiconazole   - {pesticide residues} *** thiacloprid   - {pesticide residues} *** thiophanate-methyl   - {pesticide residues},Azoxystrobin,False,border rejection notification,border control - consignment detained,serious,product not (yet) placed on the market,Pesticide residues in vine leaves from Egypt
2024.8394,2024-11-13,Egypt,Belgium,Vine leaves,fruits and vegetables,Azoxystrobin   - {pesticide residues} *** acetamiprid   - {pesticide residues} *** boscalid   - {pesticide residues} *** carbendazim  unauthorised substance - {pesticide residues} *** chlorpyrifos  unauthorised substance - {pesticide residues} *** clofentezine   - {pesticide residues} *** difenoconazole   - {pesticide residues} *** imidacloprid   - {pesticide residues} *** lambda-cyhalothrin   - {pesticide residues} *** lufenuron   - {pesticide residues} *** propiconazole   - {pesticide residues} *** thiacloprid   - {pesticide residues} *** thiophanate-methyl   - {pesticide residues},acetamiprid,False,border rejection notification,border control - consignment detained,serious,product not (yet) placed on the market,Pesticide residues in vine leaves from Egypt
2024.8394,2024-11-13,Egypt,Belgium,Vine leaves,fruits and vegetables,Azoxystrobin   - {pesticide residues} *** acetamiprid   - {pesticide residues} *** boscalid   - {pesticide residues} *** carbendazim  unauthorised substance - {pesticide residues} *** chlorpyrifos  unauthorised substance - {pesticide residues} *** clofentezine   - {pesticide residues} *** difenoconazole   - {pesticide residues} *** imidacloprid   - {pesticide residues} *** lambda-cyhalothrin   - {pesticide residues} *** lufenuron   - {pesticide residues} *** propiconazole   - {pesticide residues} *** thiacloprid   - {pesticide residues} *** thiophanate-methyl   - {pesticide residues},boscalid,False,border rejection notification,border control - consignment detained,serious,product not (yet) placed on the market,Pesticide residues in vine leaves from Egypt
2024.8394,2024-11-13,Egypt,Belgium,Vine leaves,fruits and vegetables,Azoxystrobin   - {pesticide residues} *** acetamiprid   - {pesticide residues} *** boscalid   - {pesticide residues} *** carbendazim  unauthorised substance - {pesticide residues} *** chlorpyrifos  unauthorised substance - {pesticide residues} *** clofentezine   - {pesticide residues} *** difenoconazole   - {pesticide residues} *** imidacloprid   - {pesticide residues} *** lambda-cyhalothrin   - {pesticide residues} *** lufenuron   - {pesticide residues} *** propiconazole   - {pesticide residues} *** thiacloprid   - {pesticide residues} *** thiophanate-methyl   - {pesticide residues},carbendazim,True,border rejection notification,border control - consignment detained,serious,product not (yet) placed on the market,Pesticide residues in vine leaves from Egypt
2024.8394,2024-11-13,Egypt,Belgium,Vine leaves,fruits and vegetables,Azoxystrobin   - {pesticide residues} *** acetamiprid   - {pesticide residues} *** boscalid   - {pesticide residues} *** carbendazim  unauthorised substance - {pesticide residues} *** chlorpyrifos  unauthorised substance - {pesticide residues} *** clofentezine   - {pesticide residues} *** difenoconazole   - {pesticide residues} *** imidacloprid   - {pesticide residues} *** lambda-cyhalothrin   - {pesticide residues} *** lufenuron   - {pesticide residues} *** propiconazole   - {pesticide residues} *** thiacloprid   - {pesticide residues} *** thiophanate-methyl   - {pesticide residues},chlorpyrifos,True,border rejection notification,border control - consignment detained,serious,product not (yet) placed on the market,Pesticide residues in vine leaves from Egypt
2024.8394,2024-11-13,Egypt,Belgium,Vine leaves,fruits and vegetables,Azoxystrobin   - {pesticide residues} *** acetamiprid   - {pesticide residues} *** boscalid   - {pesticide residues} *** carbendazim  unauthorised substance - {pesticide residues} *** chlorpyrifos  unauthorised substance - {pesticide residues} *** clofentezine   - {pesticide residues} *** difenoconazole   - {pesticide residues} *** imidacloprid   - {pesticide residues} *** lambda-cyhalothrin   - {pesticide residues} *** lufenuron   - {pesticide residues} *** propiconazole   - {pesticide residues} *** thiacloprid   - {pesticide residues} *** thiophanate-methyl   - {pesticide residues},clofentezine,False,border rejection notification,border control - consignment detained,serious,product not (yet) placed on the market,Pesticide residues in vine leaves from Egypt
2024.8394,2024-11-13,Egypt,Belgium,Vine leaves,fruits and vegetables,Azoxystrobin   - {pesticide residues} *** acetamiprid   - {pesticide residues} *** boscalid   - {pesticide residues} *** carbendazim  unauthorised substance - {pesticide residues} *** chlorpyrifos  unauthorised substance - {pesticide residues} *** clofentezine   - {pesticide residues} *** difenoconazole   - {pesticide residues} *** imidacloprid   - {pesticide residues} *** lambda-cyhalothrin   - {pesticide residues} *** lufenuron   - {pesticide residues} *** propiconazole   - {pesticide residues} *** thiacloprid   - {pesticide residues} *** thiophanate-methyl   - {pesticide residues},difenoconazole,False,border rejection notification,border control - consignment detained,serious,product not (yet) placed on the market,Pesticide residues in vine leaves from Egypt
2024.8394,2024-11-13,Egypt,Belgium,Vine leaves,fruits and vegetables,Azoxystrobin   - {pesticide residues} *** acetamiprid   - {pesticide residues} *** boscalid   - {pesticide residues} *** carbendazim  unauthorised substance - {pesticide residues} *** chlorpyrifos  unauthorised substance - {pesticide residues} *** clofentezine   - {pesticide residues} *** difenoconazole   - {pesticide residues} *** imidacloprid   - {pesticide residues} *** lambda-cyhalothrin   - {pesticide residues} *** lufenuron   - {pesticide residues} *** propiconazole   - {pesticide residues} *** thiacloprid   - {pesticide residues} *** thiophanate-methyl   - {pesticide residues},imidacloprid,False,border rejection notification,border control - consignment detained,serious,product not (yet) placed on the market,Pesticide residues in vine leaves from Egypt
2024.8394,2024-11-13,Egypt,Belgium,Vine leaves,fruits and vegetables,Azoxystrobin   - {pesticide residues} *** acetamiprid   - {pesticide residues} *** boscalid   - {pesticide residues} *** carbendazim  unauthorised substance - {pesticide residues} *** chlorpyrifos  unauthorised substance - {pesticide residues} *** clofentezine   - {pesticide residues} *** difenoconazole   - {pesticide residues} *** imidacloprid   - {pesticide residues} *** lambda-cyhalothrin   - {pesticide residues} *** lufenuron   - {pesticide residues} *** propiconazole   - {pesticide residues} *** thiacloprid   - {pesticide residues} *** thiophanate-methyl   - {pesticide residues},lambda-cyhalothrin,False,border rejection notification,border control - consignment detained,serious,product not (yet) placed on the market,Pesticide residues in vine leaves from Egypt
2024.8394,2024-11-13,Egypt,Belgium,Vine leaves,fruits and vegetables,Azoxystrobin   - {pesticide residues} *** acetamiprid   - {pesticide residues} *** boscalid   - {pesticide residues} *** carbendazim  unauthorised substance - {pesticide residues} *** chlorpyrifos  unauthorised substance - {pesticide residues} *** clofentezine   - {pesticide residues} *** difenoconazole   - {pesticide residues} *** imidacloprid   - {pesticide residues} *** lambda-cyhalothrin   - {pesticide residues} *** lufenuron   - {pesticide residues} *** propiconazole   - {pesticide residues} *** thiacloprid   - {pesticide residues} *** thiophanate-methyl   - {pesticide residues},lufenuron,False,border rejection notification,border control - consignment detained,serious,product not (yet) placed on the market,Pesticide residues in vine leaves from Egypt
2024.8394,2024-11-13,Egypt,Belgium,Vine leaves,fruits and vegetables,Azoxystrobin   - {pesticide residues} *** acetamiprid   - {pesticide residues} *** boscalid   - {pesticide residues} *** carbendazim  unauthorised substance - {pesticide residues} *** chlorpyrifos  unauthorised substance - {pesticide residues} *** clofentezine   - {pesticide residues} *** difenoconazole   - {pesticide residues} *** imidacloprid   - {pesticide residues} *** lambda-cyhalothrin   - {pesticide residues} *** lufenuron   - {pesticide residues} *** propiconazole   - {pesticide residues} *** thiacloprid   - {pesticide residues} *** thiophanate-methyl   - {pesticide residues},propiconazole,False,border rejection notification,border control - consignment detained,serious,product not (yet) placed on the market,Pesticide residues in vine leaves from Egypt
2024.8394,2024-11-13,Egypt,Belgium,Vine leaves,fruits and vegetables,Azoxystrobin   - {pesticide residues} *** acetamiprid   - {pesticide residues} *** boscalid   - {pesticide residues} *** carbendazim  unauthorised substance - {pesticide residues} *** chlorpyrifos  unauthorised substance - {pesticide residues} *** clofentezine   - {pesticide residues} *** difenoconazole   - {pesticide residues} *** imidacloprid   - {pesticide residues} *** lambda-cyhalothrin   - {pesticide residues} *** lufenuron   - {pesticide residues} *** propiconazole   - {pesticide residues} *** thiacloprid   - {pesticide residues} *** thiophanate-methyl   - {pesticide residues},thiacloprid,False,border rejection notification,border control - consignment detained,serious,product not (yet) placed on the market,Pesticide residues in vine leaves from Egypt
2024.8394,2024-11-13,Egypt,Belgium,Vine leaves,fruits and vegetables,Azoxystrobin   - {pesticide residues} *** acetamiprid   - {pesticide residues} *** boscalid   - {pesticide residues} *** carbendazim  unauthorised substance - {pesticide residues} *** chlorpyrifos  unauthorised substance - {pesticide residues} *** clofentezine   - {pesticide residues} *** difenoconazole   - {pesticide residues} *** imidacloprid   - {pesticide residues} *** lambda-cyhalothrin   - {pesticide residues} *** lufenuron   - {pesticide residues} *** propiconazole   - {pesticide residues} *** thiacloprid   - {pesticide residues} *** thiophanate-methyl   - {pesticide residues},thiophanate-methyl,False,border rejection notification,border control - consignment detained,serious,product not (yet) placed on the market,Pesticide residues in vine leaves from Egypt
2024.8388,2024-11-13,Türkiye,Germany,Trauben - grapes,fruits and vegetables,acetamiprid   - {pesticide residues} *** pyriproxyfen    - {pesticide residues},acetamiprid,False,information notification for attention,official control on the market,serious,product (presumably) no longer on the market,Maximum residue level exceeded for acetamiprid in grapes from Turkey
2024.8388,2024-11-13,Türkiye,Germany,Trauben - grapes,fruits and vegetables,acetamiprid   - {pesticide residues} *** pyriproxyfen    - {pesticide residues},pyriproxyfen,False,information notification for attention,official control on the market,serious,product (presumably) no longer on the market,Maximum residue level exceeded for acetamiprid in grapes from Turkey
2024.8257,2024-11-08,India,Netherlands,"Long Beans (Vigna unguiculata spp. sesquipedalis, vigna unguiculata spp. unguiculata)",fruits and vegetables,hexaconazole  unauthorised substance - {pesticide residues} *** profenofos  unauthorised substance - {pesticide residues},hexaconazole,True,border rejection notification,border control - consignment detained,not serious,product not (yet) placed on the market,pesticide residues in yard long beans from India
2024.8257,2024-11-08,India,Netherlands,"Long Beans (Vigna unguiculata spp. sesquipedalis, vigna unguiculata spp. unguiculata)",fruits and vegetables,hexaconazole  unauthorised substance - {pesticide residues} *** profenofos  unauthorised substance - {pesticide residues},profenofos,True,border rejection notification,border control - consignment detained,not serious,product not (yet) placed on the market,pesticide residues in yard long beans from India
2024.8224,2024-11-07,Türkiye,Bulgaria,Peppers (other than sweet) (Capsicum spp.),fruits and vegetables,formetanate   - {pesticide residues},formetanate,False,border rejection notification,border control - consignment detained,serious,product not (yet) placed on the market,formetanate in fresh peppers from Türkiye
2024.8239,2024-11-07,Türkiye,Germany,grapes,fruits and vegetables,acetamiprid   - {pesticide residues},acetamiprid,False,information notification for attention,official control on the market,serious,product (presumably) no longer on the market,Acetamiprid in grapes from Turkey
2024.8218,2024-11-06,Türkiye,Norway,Fresh Nectarine,fruits and vegetables,acetamiprid   - {pesticide residues},acetamiprid,False,information notification for attention,surveillance programme / monitoring sample,serious,distribution restricted to notifying country,Pesticide residues above MRL in nectarins from Türkiye
2024.8168,2024-11-05,Türkiye,Bulgaria,"Lemons (Citrus limon, Citrus limonum)",fruits and vegetables,phosmet  unauthorised substance - {} *** prochloraz   - {pesticide residues},prochloraz,False,border rejection notification,border control - consignment detained,serious,product not (yet) placed on the market,prochoraz and phosmet in fresh lemons from Türkiye
2024.8113,2024-11-01,Türkiye,Bulgaria,Sweet peppers,fruits and vegetables,methomyl   - {pesticide residues},methomyl,False,border rejection notification,border control - consignment detained,serious,product not (yet) placed on the market,Methomyl in fresh peppers from Türkiye
2024.7986,2024-10-30,Egypt,Cyprus,Iceberg Lettuce,fruits and vegetables,cyfluthrin   - {pesticide residues} *** dimethoate   - {pesticide residues} *** lufenuron   - {pesticide residues} *** omethoate   - {pesticide residues},cyfluthrin,False,border rejection notification,border control - consignment released,potentially serious,no distribution from notifying country,RESIDUES OF UNAUTHORISED PESTICIDES IN ICEBERG LETTUCE FROM EGYPT
2024.7986,2024-10-30,Egypt,Cyprus,Iceberg Lettuce,fruits and vegetables,cyfluthrin   - {pesticide residues} *** dimethoate   - {pesticide residues} *** lufenuron   - {pesticide residues} *** omethoate   - {pesticide residues},dimethoate,False,border rejection notification,border control - consignment released,potentially serious,no distribution from notifying country,RESIDUES OF UNAUTHORISED PESTICIDES IN ICEBERG LETTUCE FROM EGYPT
2024.7986,2024-10-30,Egypt,Cyprus,Iceberg Lettuce,fruits and vegetables,cyfluthrin   - {pesticide residues} *** dimethoate   - {pesticide residues} *** lufenuron   - {pesticide residues} *** omethoate   - {pesticide residues},lufenuron,False,border rejection notification,border control - consignment released,potentially serious,no distribution from notifying country,RESIDUES OF UNAUTHORISED PESTICIDES IN ICEBERG LETTUCE FROM EGYPT
2024.7986,2024-10-30,Egypt,Cyprus,Iceberg Lettuce,fruits and vegetables,cyfluthrin   - {pesticide residues} *** dimethoate   - {pesticide residues} *** lufenuron   - {pesticide residues} *** omethoate   - {pesticide residues},omethoate,False,border rejection notification,border control - consignment released,potentially serious,no distribution from notifying country,RESIDUES OF UNAUTHORISED PESTICIDES IN ICEBERG LETTUCE FROM EGYPT
2024.7932,2024-10-28,Egypt,Poland,Frozen apricots,fruits and vegetables,cyfluthrin   - {pesticide residues} *** imidacloprid   - {pesticide residues} *** methomyl   - {pesticide residues},cyfluthrin,False,border rejection notification,border control - consignment detained,serious,product not (yet) placed on the market,"Cyfluthrin, imidacloprid, methomyl in frozen apricots from Egypt"
2024.7932,2024-10-28,Egypt,Poland,Frozen apricots,fruits and vegetables,cyfluthrin   - {pesticide residues} *** imidacloprid   - {pesticide residues} *** methomyl   - {pesticide residues},imidacloprid,False,border rejection notification,border control - consignment detained,serious,product not (yet) placed on the market,"Cyfluthrin, imidacloprid, methomyl in frozen apricots from Egypt"
2024.7932,2024-10-28,Egypt,Poland,Frozen apricots,fruits and vegetables,cyfluthrin   - {pesticide residues} *** imidacloprid   - {pesticide residues} *** methomyl   - {pesticide residues},methomyl,False,border rejection notification,border control - consignment detained,serious,product not (yet) placed on the market,"Cyfluthrin, imidacloprid, methomyl in frozen apricots from Egypt"
2024.7913,2024-10-28,Türkiye,Bulgaria,Sweet peppers,fruits and vegetables,chlorpyrifos-methyl  unauthorised substance - {pesticide residues},chlorpyrifos-methyl,True,border rejection notification,border control - consignment detained,serious,product not (yet) placed on the market,chlorpyrifos methyl in fresh peppers from Türkiye
2024.7936,2024-10-28,Türkiye,Austria,Pears,fruits and vegetables,diflubenzuron   - {pesticide residues},diflubenzuron,False,information notification for attention,official control on the market,potential risk,distribution restricted to notifying country,Not authorised pesticide diflubenzuron in pears from Turkey
2024.7870,2024-10-25,Türkiye,Greece,Tomatoes,fruits and vegetables,chlorpyrifos  unauthorised substance - {pesticide residues} *** indoxacarb   - {pesticide residues},chlorpyrifos,True,information notification for attention,official control on the market,potentially serious,product not (yet) placed on the market,Chlorpyrifos and inoxocarb in tomatoes from Turkiye
2024.7870,2024-10-25,Türkiye,Greece,Tomatoes,fruits and vegetables,chlorpyrifos  unauthorised substance - {pesticide residues} *** indoxacarb   - {pesticide residues},indoxacarb,False,information notification for attention,official control on the market,potentially serious,product not (yet) placed on the market,Chlorpyrifos and inoxocarb in tomatoes from Turkiye
2024.7883,2024-10-25,India,Finland,Tuvar beans,fruits and vegetables,chlorpyrifos   - {pesticide residues},chlorpyrifos,False,border rejection notification,border control - consignment detained,potentially serious,no distribution from notifying country,Pesticide residues (chlorpyrifos ) in Tuvar beans from India
2024.7807,2024-10-24,Türkiye,Bulgaria,Pomegranates,fruits and vegetables,acetamiprid   - {pesticide residues},acetamiprid,False,border rejection notification,border control - consignment detained,serious,product not (yet) placed on the market,acetamiprid in pomegranate from Türkiye
2024.7831,2024-10-24,India,Germany,bottle gourd,fruits and vegetables,acephate  unauthorised substance - {pesticide residues} *** methamidophos  unauthorised substance - {pesticide residues},acephate,True,alert notification,border control - consignment released,serious,distribution to other member countries,Non-authorised substances acephate and methamidophos in pumpkin from India
2024.7831,2024-10-24,India,Germany,bottle gourd,fruits and vegetables,acephate  unauthorised substance - {pesticide residues} *** methamidophos  unauthorised substance - {pesticide residues},methamidophos,True,alert notification,border control - consignment released,serious,distribution to other member countries,Non-authorised substances acephate and methamidophos in pumpkin from India
2024.7795,2024-10-23,Türkiye,Austria,Birnen / pears,fruits and vegetables,diflubenzuron   - {pesticide residues},diflubenzuron,False,information notification for attention,official control on the market,potential risk,distribution restricted to notifying country,Unauthorized pesticide diflubenzuron in pears from Türkiye
2024.7769,2024-10-23,Kenya,Denmark,Sugar snap peas,fruits and vegetables,chlorothalonil   - {pesticide residues},chlorothalonil,False,information notification for attention,company's own check,serious,product (presumably) no longer on the market,Pesticide residues of chlorothalonil in sugar snap peas from Kenya via NL
2024.7634,2024-10-18,Türkiye,Germany,grapes,fruits and vegetables,acetamiprid   - {pesticide residues},acetamiprid,False,alert notification,official control on the market,serious,distribution to other member countries,Acetamiprid in grapes from Turkey
2024.7686,2024-10-18,Türkiye,Romania,Cherry tomatoes 500g   //// Rosii cherry 500g,fruits and vegetables,indoxacarb   - {pesticide residues},indoxacarb,False,information notification for attention,company's own check,potential risk,distribution restricted to notifying country,"MRL exceeded for pesticide, in cherry tomatoes origin Turkey  ////   Depasire LMA reziduuri pesticide in Rosii cherry 500g,origine Turcia"
2024.7612,2024-10-17,Türkiye,Bulgaria,Pomegranates,fruits and vegetables,acetamiprid   - {pesticide residues} *** pyriproxyfen    - {pesticide residues},acetamiprid,False,border rejection notification,border control - consignment detained,serious,product not (yet) placed on the market,acetamiprid and pyriproxyfen in fresh pomegranate from Türkiye
2024.7612,2024-10-17,Türkiye,Bulgaria,Pomegranates,fruits and vegetables,acetamiprid   - {pesticide residues} *** pyriproxyfen    - {pesticide residues},pyriproxyfen,False,border rejection notification,border control - consignment detained,serious,product not (yet) placed on the market,acetamiprid and pyriproxyfen in fresh pomegranate from Türkiye
2024.7608,2024-10-17,Türkiye,Romania,Struguri albi fara samburi /// White seedless grapes,fruits and vegetables,acetamiprid   - {pesticide residues} *** pyriproxyfen    - {pesticide residues},acetamiprid,False,information notification for attention,official control on the market,potential risk,no distribution from notifying country,"MRL exceeded for two pesticide, in grapes origin Turkey  ///   Depasire LMA pesticid acetamiprid si pyriproxifen in struguri origine Turcia"
2024.7608,2024-10-17,Türkiye,Romania,Struguri albi fara samburi /// White seedless grapes,fruits and vegetables,acetamiprid   - {pesticide residues} *** pyriproxyfen    - {pesticide residues},pyriproxyfen,False,information notification for attention,official control on the market,potential risk,no distribution from notifying country,"MRL exceeded for two pesticide, in grapes origin Turkey  ///   Depasire LMA pesticid acetamiprid si pyriproxifen in struguri origine Turcia"
2024.7573,2024-10-15,Türkiye,Germany,grapes,fruits and vegetables,acetamiprid   - {pesticide residues} *** pyriproxyfen    - {pesticide residues},acetamiprid,False,information notification for attention,official control on the market,serious,product (presumably) no longer on the market,Acetamiprid in grapes from Turkey
2024.7573,2024-10-15,Türkiye,Germany,grapes,fruits and vegetables,acetamiprid   - {pesticide residues} *** pyriproxyfen    - {pesticide residues},pyriproxyfen,False,information notification for attention,official control on the market,serious,product (presumably) no longer on the market,Acetamiprid in grapes from Turkey
2024.7538,2024-10-14,Egypt,Malta,Fava Beans (Favetta),fruits and vegetables,carbendazim  unauthorised substance - {pesticide residues} *** haloxyfop  unauthorised substance - {pesticide residues},carbendazim,True,information notification for attention,official control on the market,potential risk,distribution restricted to notifying country,Haloxyfop and carbendazim in Fava beans (Favetta)
2024.7538,2024-10-14,Egypt,Malta,Fava Beans (Favetta),fruits and vegetables,carbendazim  unauthorised substance - {pesticide residues} *** haloxyfop  unauthorised substance - {pesticide residues},haloxyfop,True,information notification for attention,official control on the market,potential risk,distribution restricted to notifying country,Haloxyfop and carbendazim in Fava beans (Favetta)
2024.7526,2024-10-14,Türkiye,Croatia,Tomatoes,fruits and vegetables,cadmium   - {heavy metals} *** chlorpyrifos   - {pesticide residues},chlorpyrifos,False,border rejection notification,border control - consignment detained,potentially serious,product allowed to travel to destination under customs seals,High content of cadmium and chlorpyrifos in tomatoes from Turkey
2024.7441,2024-10-09,Türkiye,Austria,Gurken /// cucumbers,fruits and vegetables,fosthiazate   - {pesticide residues},fosthiazate,False,alert notification,official control on the market,serious,distribution restricted to notifying country,Fosthiazate in cucumbers from Türkiye
2024.7369,2024-10-07,Türkiye,Bulgaria,Sweet peppers,fruits and vegetables,chlorpyrifos-methyl  unauthorised substance - {pesticide residues},chlorpyrifos-methyl,True,border rejection notification,border control - consignment detained,serious,product not (yet) placed on the market,Chlorpyrifos-methyl in fresh peppers from Türkiye
2024.7364,2024-10-07,Türkiye,Germany,grapes ,fruits and vegetables,acetamiprid   - {pesticide residues},acetamiprid,False,information notification for attention,company's own check,serious,product (presumably) no longer on the market,Acetamiprid in grapes from Türkiye
2024.7363,2024-10-07,Kenya,Netherlands,Peppers,fruits and vegetables,hexaconazole  unauthorised substance - {pesticide residues},hexaconazole,True,border rejection notification,border control - consignment detained,potential risk,product not (yet) placed on the market,hexaconazole in pepers from Kenya
2024.7357,2024-10-04,Egypt,Belgium,Vine leaves,fruits and vegetables,acetamiprid   - {pesticide residues} *** boscalid   - {pesticide residues} *** cypermethrin   - {pesticide residues} *** imidacloprid   - {pesticide residues} *** penconazole   - {pesticide residues},acetamiprid,False,border rejection notification,border control - consignment detained,serious,product not (yet) placed on the market,Pesticides residues in vine leaves from Egypt
2024.7357,2024-10-04,Egypt,Belgium,Vine leaves,fruits and vegetables,acetamiprid   - {pesticide residues} *** boscalid   - {pesticide residues} *** cypermethrin   - {pesticide residues} *** imidacloprid   - {pesticide residues} *** penconazole   - {pesticide residues},boscalid,False,border rejection notification,border control - consignment detained,serious,product not (yet) placed on the market,Pesticides residues in vine leaves from Egypt
2024.7357,2024-10-04,Egypt,Belgium,Vine leaves,fruits and vegetables,acetamiprid   - {pesticide residues} *** boscalid   - {pesticide residues} *** cypermethrin   - {pesticide residues} *** imidacloprid   - {pesticide residues} *** penconazole   - {pesticide residues},cypermethrin,False,border rejection notification,border control - consignment detained,serious,product not (yet) placed on the market,Pesticides residues in vine leaves from Egypt
2024.7357,2024-10-04,Egypt,Belgium,Vine leaves,fruits and vegetables,acetamiprid   - {pesticide residues} *** boscalid   - {pesticide residues} *** cypermethrin   - {pesticide residues} *** imidacloprid   - {pesticide residues} *** penconazole   - {pesticide residues},imidacloprid,False,border rejection notification,border control - consignment detained,serious,product not (yet) placed on the market,Pesticides residues in vine leaves from Egypt
2024.7357,2024-10-04,Egypt,Belgium,Vine leaves,fruits and vegetables,acetamiprid   - {pesticide residues} *** boscalid   - {pesticide residues} *** cypermethrin   - {pesticide residues} *** imidacloprid   - {pesticide residues} *** penconazole   - {pesticide residues},penconazole,False,border rejection notification,border control - consignment detained,serious,product not (yet) placed on the market,Pesticides residues in vine leaves from Egypt
2024.7301,2024-10-03,Türkiye,Finland,Table grapes,fruits and vegetables,acetamiprid   - {pesticide residues},acetamiprid,False,border rejection notification,border control - consignment released,serious,no distribution from notifying country,Pesticide residues (acetamipirid) in table grapes from Türkiye
2024.7294,2024-10-03,Türkiye,Bulgaria,Pomegranates,fruits and vegetables,fenpropathrin   - {pesticide residues} *** lambda-cyhalothrin   - {pesticide residues} *** pyriproxyfen    - {pesticide residues},fenpropathrin,False,border rejection notification,border control - consignment detained,serious,product not (yet) placed on the market,"fenpropathrin, pyriproxyfen and lambda-cyhalothrin in fresh pomegranate from Türkiye"
2024.7294,2024-10-03,Türkiye,Bulgaria,Pomegranates,fruits and vegetables,fenpropathrin   - {pesticide residues} *** lambda-cyhalothrin   - {pesticide residues} *** pyriproxyfen    - {pesticide residues},lambda-cyhalothrin,False,border rejection notification,border control - consignment detained,serious,product not (yet) placed on the market,"fenpropathrin, pyriproxyfen and lambda-cyhalothrin in fresh pomegranate from Türkiye"
2024.7294,2024-10-03,Türkiye,Bulgaria,Pomegranates,fruits and vegetables,fenpropathrin   - {pesticide residues} *** lambda-cyhalothrin   - {pesticide residues} *** pyriproxyfen    - {pesticide residues},pyriproxyfen,False,border rejection notification,border control - consignment detained,serious,product not (yet) placed on the market,"fenpropathrin, pyriproxyfen and lambda-cyhalothrin in fresh pomegranate from Türkiye"
2024.7303,2024-10-03,India,Belgium,"Yard long beans (Vigna unguiculata spp. sesquipedalis, vigna unguiculata spp. unguiculata)",fruits and vegetables,chlorpyrifos  unauthorised substance - {pesticide residues},chlorpyrifos,True,border rejection notification,border control - consignment detained,serious,product not (yet) placed on the market,Pesticides residues in beans from India
2024.7287,2024-10-02,Egypt,Germany,mango,fruits and vegetables,chlorpyrifos   - {pesticide residues},chlorpyrifos,False,information notification for attention,official control on the market,potentially serious,product not (yet) placed on the market,Chlorpyrifos in mangoes from Egypt
2024.7250,2024-10-01,Türkiye,Romania,tomate/tomato,fruits and vegetables,chlorpyrifos-methyl   - {pesticide residues},chlorpyrifos-methyl,False,information notification for attention,company's own check,serious,distribution restricted to notifying country,Depasire LMA pesticid  chorpirifos-metil in tomate origine Turcia/Exceeding LMA pesticid chorpirifos metyl in tomato  Turkey
2024.7201,2024-09-30,Türkiye,Bulgaria,Sweet peppers,fruits and vegetables,formetanate   - {pesticide residues},formetanate,False,border rejection notification,border control - consignment detained,serious,product not (yet) placed on the market,formetanate in fresh peppers from Türkiye
2024.7122,2024-09-26,Türkiye,Croatia,Pears,fruits and vegetables,phosmet  unauthorised substance - {} *** pyriproxyfen    - {pesticide residues},pyriproxyfen,False,border rejection notification,border control - consignment detained,serious,no distribution from notifying country,Pesticides in pears from Turkey
2024.7108,2024-09-25,Türkiye,Croatia,Tomatoes,fruits and vegetables,indoxacarb   - {pesticide residues},indoxacarb,False,border rejection notification,border control - consignment detained,potential risk,product allowed to travel to destination under customs seals,Pesticide residues  Indoxacarb in tomatoes from Turkiye
2024.7083,2024-09-24,Türkiye,Bulgaria,Pomegranates,fruits and vegetables,cypermethrin   - {pesticide residues} *** tebuconazole   - {pesticide residues},cypermethrin,False,border rejection notification,border control - consignment detained,serious,product not (yet) placed on the market,Tebuconazole  and Cypermethrin in  fresh pomegranate from Türkiye
2024.7083,2024-09-24,Türkiye,Bulgaria,Pomegranates,fruits and vegetables,cypermethrin   - {pesticide residues} *** tebuconazole   - {pesticide residues},tebuconazole,False,border rejection notification,border control - consignment detained,serious,product not (yet) placed on the market,Tebuconazole  and Cypermethrin in  fresh pomegranate from Türkiye
2024.7049,2024-09-23,Türkiye,Croatia,Tomatoes,fruits and vegetables,chlorpyrifos-methyl   - {pesticide residues},chlorpyrifos-methyl,False,border rejection notification,border control - consignment detained,potential risk,product allowed to travel to destination under customs seals,Chlorpyrifos in tomato from Turkiye
2024.6950,2024-09-18,Türkiye,Bulgaria,Sweet peppers,fruits and vegetables,permethrin  unauthorised substance - {pesticide residues},permethrin,True,border rejection notification,border control - consignment detained,serious,product not (yet) placed on the market,permethrin in fresh peppers from Türkiye
2024.6951,2024-09-18,Türkiye,Bulgaria,Sweet peppers,fruits and vegetables,permethrin  unauthorised substance - {pesticide residues},permethrin,True,border rejection notification,border control - consignment detained,serious,product not (yet) placed on the market,permethrin in fresh peppers from Türkiye
2024.6928,2024-09-17,Türkiye,Croatia,Tomatoes,fruits and vegetables,indoxacarb   - {pesticide residues},indoxacarb,False,border rejection notification,border control - consignment detained,not serious,product allowed to travel to destination under customs seals,Pesticide residues of indoxacarb in tomatoes from Turkay
2024.6868,2024-09-13,Türkiye,Bulgaria,Pomegranates,fruits and vegetables,acetamiprid   - {pesticide residues} *** cypermethrin   - {pesticide residues} *** malathion   - {pesticide residues} *** pyraclostrobin   - {pesticide residues},acetamiprid,False,border rejection notification,border control - consignment detained,serious,product not (yet) placed on the market,"acetamiprid, pyraclostrobin, malathion and cypermethrin in pomegranate from Türkiye"
2024.6868,2024-09-13,Türkiye,Bulgaria,Pomegranates,fruits and vegetables,acetamiprid   - {pesticide residues} *** cypermethrin   - {pesticide residues} *** malathion   - {pesticide residues} *** pyraclostrobin   - {pesticide residues},cypermethrin,False,border rejection notification,border control - consignment detained,serious,product not (yet) placed on the market,"acetamiprid, pyraclostrobin, malathion and cypermethrin in pomegranate from Türkiye"
2024.6868,2024-09-13,Türkiye,Bulgaria,Pomegranates,fruits and vegetables,acetamiprid   - {pesticide residues} *** cypermethrin   - {pesticide residues} *** malathion   - {pesticide residues} *** pyraclostrobin   - {pesticide residues},malathion,False,border rejection notification,border control - consignment detained,serious,product not (yet) placed on the market,"acetamiprid, pyraclostrobin, malathion and cypermethrin in pomegranate from Türkiye"
2024.6868,2024-09-13,Türkiye,Bulgaria,Pomegranates,fruits and vegetables,acetamiprid   - {pesticide residues} *** cypermethrin   - {pesticide residues} *** malathion   - {pesticide residues} *** pyraclostrobin   - {pesticide residues},pyraclostrobin,False,border rejection notification,border control - consignment detained,serious,product not (yet) placed on the market,"acetamiprid, pyraclostrobin, malathion and cypermethrin in pomegranate from Türkiye"
2024.6801,2024-09-11,Türkiye,Bulgaria,Peppers (other than sweet) (Capsicum spp.),fruits and vegetables,acetamiprid   - {pesticide residues},acetamiprid,False,border rejection notification,border control - consignment detained,serious,product not (yet) placed on the market,acetamiprid in fresh peppers from Türkiye
2024.6566,2024-08-30,Egypt,Slovenia,Fresh mango,fruits and vegetables,chlorpyriphos-ethyl   - {pesticide residues},chlorpyriphos-ethyl,False,information notification for follow-up,border control - consignment released,potentially serious,distribution to other member countries,Presence of chlorpyrifos ethyl in mango  from Egypt
2024.6550,2024-08-30,Türkiye,Bulgaria,Sweet peppers,fruits and vegetables,formetanate   - {pesticide residues},formetanate,False,border rejection notification,border control - consignment detained,serious,product not (yet) placed on the market,Formetanate in fresh peppers from Türkiye
2024.6562,2024-08-30,Türkiye,Croatia,Fresh pears,fruits and vegetables,pyriproxyfen    - {pesticide residues},pyriproxyfen,False,border rejection notification,border control - consignment detained,no risk,product allowed to travel to destination under customs seals,Pesticides residues of Pyriproxyfen in pears from Turkey
2024.6436,2024-08-26,Türkiye,Croatia,Fresh pears,fruits and vegetables,phosmet  unauthorised substance - {} *** pyriproxyfen    - {pesticide residues},pyriproxyfen,False,border rejection notification,border control - consignment detained,serious,product allowed to travel to destination under customs seals,Pesticides residues of Phosmet and Pyriproxyfen in pears from Turkey
2024.6449,2024-08-26,Kenya,Netherlands,"green beans, wax beans and string beans",fruits and vegetables,indoxacarb   - {pesticide residues},indoxacarb,False,border rejection notification,border control - consignment detained,no risk,product not (yet) placed on the market,Beans Kenya Pesticide Residue
2024.6444,2024-08-26,Kenya,Netherlands,"green beans, wax beans and string beans",fruits and vegetables,acephate  unauthorised substance - {pesticide residues} *** methamidophos  unauthorised substance - {pesticide residues},acephate,True,border rejection notification,border control - consignment detained,potentially serious,product not (yet) placed on the market,Beans Kenya Pesticide Residue
2024.6444,2024-08-26,Kenya,Netherlands,"green beans, wax beans and string beans",fruits and vegetables,acephate  unauthorised substance - {pesticide residues} *** methamidophos  unauthorised substance - {pesticide residues},methamidophos,True,border rejection notification,border control - consignment detained,potentially serious,product not (yet) placed on the market,Beans Kenya Pesticide Residue
2024.6446,2024-08-26,Kenya,Netherlands,"green beans, wax beans and string beans",fruits and vegetables,acephate  unauthorised substance - {pesticide residues},acephate,True,border rejection notification,border control - consignment detained,no risk,product not (yet) placed on the market,Beans Kenya Pesticide Residue
2024.6435,2024-08-26,Kenya,Netherlands,haricots verts,fruits and vegetables,bupirimate   - {pesticide residues} *** famoxadone   - {pesticide residues},bupirimate,False,border rejection notification,border control - consignment detained,no risk,product not (yet) placed on the market,bupirimate and famoxadone in haricots verts from Kenya
2024.6435,2024-08-26,Kenya,Netherlands,haricots verts,fruits and vegetables,bupirimate   - {pesticide residues} *** famoxadone   - {pesticide residues},famoxadone,False,border rejection notification,border control - consignment detained,no risk,product not (yet) placed on the market,bupirimate and famoxadone in haricots verts from Kenya
2024.6344,2024-08-22,Türkiye,Germany,Weinblätter in Salzlake - Vine leaves in brine,fruits and vegetables,Spirotetramat   - {pesticide residues} *** acetamiprid   - {pesticide residues} *** boscalid   - {pesticide residues} *** cyflufenamid   - {pesticide residues} *** cymoxanil   - {pesticide residues} *** cyprodinil   - {pesticide residues} *** dimethomorph   - {pesticide residues} *** dithiocarbamates   - {pesticide residues} *** emamectin   - {pesticide residues} *** fluopyram   - {pesticide residues} *** fluxapyroxad   - {pesticide residues} *** metalaxyl   - {pesticide residues} *** methoxyfenozide   - {pesticide residues} *** metrafenone    - {pesticide residues} *** penconazole   - {pesticide residues} *** pyrimethanil   - {pesticide residues} *** tebuconazole   - {pesticide residues} *** tetraconazole   - {pesticide residues} *** trifloxystrobin   - {pesticide residues} *** zoxamide   - {pesticide residues},Spirotetramat,False,information notification for attention,official control on the market,serious,distribution restricted to notifying country,Elevated levels of pesticides in vine leaves in brine from Turkey
2024.6344,2024-08-22,Türkiye,Germany,Weinblätter in Salzlake - Vine leaves in brine,fruits and vegetables,Spirotetramat   - {pesticide residues} *** acetamiprid   - {pesticide residues} *** boscalid   - {pesticide residues} *** cyflufenamid   - {pesticide residues} *** cymoxanil   - {pesticide residues} *** cyprodinil   - {pesticide residues} *** dimethomorph   - {pesticide residues} *** dithiocarbamates   - {pesticide residues} *** emamectin   - {pesticide residues} *** fluopyram   - {pesticide residues} *** fluxapyroxad   - {pesticide residues} *** metalaxyl   - {pesticide residues} *** methoxyfenozide   - {pesticide residues} *** metrafenone    - {pesticide residues} *** penconazole   - {pesticide residues} *** pyrimethanil   - {pesticide residues} *** tebuconazole   - {pesticide residues} *** tetraconazole   - {pesticide residues} *** trifloxystrobin   - {pesticide residues} *** zoxamide   - {pesticide residues},acetamiprid,False,information notification for attention,official control on the market,serious,distribution restricted to notifying country,Elevated levels of pesticides in vine leaves in brine from Turkey
2024.6344,2024-08-22,Türkiye,Germany,Weinblätter in Salzlake - Vine leaves in brine,fruits and vegetables,Spirotetramat   - {pesticide residues} *** acetamiprid   - {pesticide residues} *** boscalid   - {pesticide residues} *** cyflufenamid   - {pesticide residues} *** cymoxanil   - {pesticide residues} *** cyprodinil   - {pesticide residues} *** dimethomorph   - {pesticide residues} *** dithiocarbamates   - {pesticide residues} *** emamectin   - {pesticide residues} *** fluopyram   - {pesticide residues} *** fluxapyroxad   - {pesticide residues} *** metalaxyl   - {pesticide residues} *** methoxyfenozide   - {pesticide residues} *** metrafenone    - {pesticide residues} *** penconazole   - {pesticide residues} *** pyrimethanil   - {pesticide residues} *** tebuconazole   - {pesticide residues} *** tetraconazole   - {pesticide residues} *** trifloxystrobin   - {pesticide residues} *** zoxamide   - {pesticide residues},boscalid,False,information notification for attention,official control on the market,serious,distribution restricted to notifying country,Elevated levels of pesticides in vine leaves in brine from Turkey
2024.6344,2024-08-22,Türkiye,Germany,Weinblätter in Salzlake - Vine leaves in brine,fruits and vegetables,Spirotetramat   - {pesticide residues} *** acetamiprid   - {pesticide residues} *** boscalid   - {pesticide residues} *** cyflufenamid   - {pesticide residues} *** cymoxanil   - {pesticide residues} *** cyprodinil   - {pesticide residues} *** dimethomorph   - {pesticide residues} *** dithiocarbamates   - {pesticide residues} *** emamectin   - {pesticide residues} *** fluopyram   - {pesticide residues} *** fluxapyroxad   - {pesticide residues} *** metalaxyl   - {pesticide residues} *** methoxyfenozide   - {pesticide residues} *** metrafenone    - {pesticide residues} *** penconazole   - {pesticide residues} *** pyrimethanil   - {pesticide residues} *** tebuconazole   - {pesticide residues} *** tetraconazole   - {pesticide residues} *** trifloxystrobin   - {pesticide residues} *** zoxamide   - {pesticide residues},cyflufenamid,False,information notification for attention,official control on the market,serious,distribution restricted to notifying country,Elevated levels of pesticides in vine leaves in brine from Turkey
2024.6344,2024-08-22,Türkiye,Germany,Weinblätter in Salzlake - Vine leaves in brine,fruits and vegetables,Spirotetramat   - {pesticide residues} *** acetamiprid   - {pesticide residues} *** boscalid   - {pesticide residues} *** cyflufenamid   - {pesticide residues} *** cymoxanil   - {pesticide residues} *** cyprodinil   - {pesticide residues} *** dimethomorph   - {pesticide residues} *** dithiocarbamates   - {pesticide residues} *** emamectin   - {pesticide residues} *** fluopyram   - {pesticide residues} *** fluxapyroxad   - {pesticide residues} *** metalaxyl   - {pesticide residues} *** methoxyfenozide   - {pesticide residues} *** metrafenone    - {pesticide residues} *** penconazole   - {pesticide residues} *** pyrimethanil   - {pesticide residues} *** tebuconazole   - {pesticide residues} *** tetraconazole   - {pesticide residues} *** trifloxystrobin   - {pesticide residues} *** zoxamide   - {pesticide residues},cymoxanil,False,information notification for attention,official control on the market,serious,distribution restricted to notifying country,Elevated levels of pesticides in vine leaves in brine from Turkey
2024.6344,2024-08-22,Türkiye,Germany,Weinblätter in Salzlake - Vine leaves in brine,fruits and vegetables,Spirotetramat   - {pesticide residues} *** acetamiprid   - {pesticide residues} *** boscalid   - {pesticide residues} *** cyflufenamid   - {pesticide residues} *** cymoxanil   - {pesticide residues} *** cyprodinil   - {pesticide residues} *** dimethomorph   - {pesticide residues} *** dithiocarbamates   - {pesticide residues} *** emamectin   - {pesticide residues} *** fluopyram   - {pesticide residues} *** fluxapyroxad   - {pesticide residues} *** metalaxyl   - {pesticide residues} *** methoxyfenozide   - {pesticide residues} *** metrafenone    - {pesticide residues} *** penconazole   - {pesticide residues} *** pyrimethanil   - {pesticide residues} *** tebuconazole   - {pesticide residues} *** tetraconazole   - {pesticide residues} *** trifloxystrobin   - {pesticide residues} *** zoxamide   - {pesticide residues},cyprodinil,False,information notification for attention,official control on the market,serious,distribution restricted to notifying country,Elevated levels of pesticides in vine leaves in brine from Turkey
2024.6344,2024-08-22,Türkiye,Germany,Weinblätter in Salzlake - Vine leaves in brine,fruits and vegetables,Spirotetramat   - {pesticide residues} *** acetamiprid   - {pesticide residues} *** boscalid   - {pesticide residues} *** cyflufenamid   - {pesticide residues} *** cymoxanil   - {pesticide residues} *** cyprodinil   - {pesticide residues} *** dimethomorph   - {pesticide residues} *** dithiocarbamates   - {pesticide residues} *** emamectin   - {pesticide residues} *** fluopyram   - {pesticide residues} *** fluxapyroxad   - {pesticide residues} *** metalaxyl   - {pesticide residues} *** methoxyfenozide   - {pesticide residues} *** metrafenone    - {pesticide residues} *** penconazole   - {pesticide residues} *** pyrimethanil   - {pesticide residues} *** tebuconazole   - {pesticide residues} *** tetraconazole   - {pesticide residues} *** trifloxystrobin   - {pesticide residues} *** zoxamide   - {pesticide residues},dimethomorph,False,information notification for attention,official control on the market,serious,distribution restricted to notifying country,Elevated levels of pesticides in vine leaves in brine from Turkey
2024.6344,2024-08-22,Türkiye,Germany,Weinblätter in Salzlake - Vine leaves in brine,fruits and vegetables,Spirotetramat   - {pesticide residues} *** acetamiprid   - {pesticide residues} *** boscalid   - {pesticide residues} *** cyflufenamid   - {pesticide residues} *** cymoxanil   - {pesticide residues} *** cyprodinil   - {pesticide residues} *** dimethomorph   - {pesticide residues} *** dithiocarbamates   - {pesticide residues} *** emamectin   - {pesticide residues} *** fluopyram   - {pesticide residues} *** fluxapyroxad   - {pesticide residues} *** metalaxyl   - {pesticide residues} *** methoxyfenozide   - {pesticide residues} *** metrafenone    - {pesticide residues} *** penconazole   - {pesticide residues} *** pyrimethanil   - {pesticide residues} *** tebuconazole   - {pesticide residues} *** tetraconazole   - {pesticide residues} *** trifloxystrobin   - {pesticide residues} *** zoxamide   - {pesticide residues},dithiocarbamates,False,information notification for attention,official control on the market,serious,distribution restricted to notifying country,Elevated levels of pesticides in vine leaves in brine from Turkey
2024.6344,2024-08-22,Türkiye,Germany,Weinblätter in Salzlake - Vine leaves in brine,fruits and vegetables,Spirotetramat   - {pesticide residues} *** acetamiprid   - {pesticide residues} *** boscalid   - {pesticide residues} *** cyflufenamid   - {pesticide residues} *** cymoxanil   - {pesticide residues} *** cyprodinil   - {pesticide residues} *** dimethomorph   - {pesticide residues} *** dithiocarbamates   - {pesticide residues} *** emamectin   - {pesticide residues} *** fluopyram   - {pesticide residues} *** fluxapyroxad   - {pesticide residues} *** metalaxyl   - {pesticide residues} *** methoxyfenozide   - {pesticide residues} *** metrafenone    - {pesticide residues} *** penconazole   - {pesticide residues} *** pyrimethanil   - {pesticide residues} *** tebuconazole   - {pesticide residues} *** tetraconazole   - {pesticide residues} *** trifloxystrobin   - {pesticide residues} *** zoxamide   - {pesticide residues},emamectin,False,information notification for attention,official control on the market,serious,distribution restricted to notifying country,Elevated levels of pesticides in vine leaves in brine from Turkey
2024.6344,2024-08-22,Türkiye,Germany,Weinblätter in Salzlake - Vine leaves in brine,fruits and vegetables,Spirotetramat   - {pesticide residues} *** acetamiprid   - {pesticide residues} *** boscalid   - {pesticide residues} *** cyflufenamid   - {pesticide residues} *** cymoxanil   - {pesticide residues} *** cyprodinil   - {pesticide residues} *** dimethomorph   - {pesticide residues} *** dithiocarbamates   - {pesticide residues} *** emamectin   - {pesticide residues} *** fluopyram   - {pesticide residues} *** fluxapyroxad   - {pesticide residues} *** metalaxyl   - {pesticide residues} *** methoxyfenozide   - {pesticide residues} *** metrafenone    - {pesticide residues} *** penconazole   - {pesticide residues} *** pyrimethanil   - {pesticide residues} *** tebuconazole   - {pesticide residues} *** tetraconazole   - {pesticide residues} *** trifloxystrobin   - {pesticide residues} *** zoxamide   - {pesticide residues},fluopyram,False,information notification for attention,official control on the market,serious,distribution restricted to notifying country,Elevated levels of pesticides in vine leaves in brine from Turkey
2024.6344,2024-08-22,Türkiye,Germany,Weinblätter in Salzlake - Vine leaves in brine,fruits and vegetables,Spirotetramat   - {pesticide residues} *** acetamiprid   - {pesticide residues} *** boscalid   - {pesticide residues} *** cyflufenamid   - {pesticide residues} *** cymoxanil   - {pesticide residues} *** cyprodinil   - {pesticide residues} *** dimethomorph   - {pesticide residues} *** dithiocarbamates   - {pesticide residues} *** emamectin   - {pesticide residues} *** fluopyram   - {pesticide residues} *** fluxapyroxad   - {pesticide residues} *** metalaxyl   - {pesticide residues} *** methoxyfenozide   - {pesticide residues} *** metrafenone    - {pesticide residues} *** penconazole   - {pesticide residues} *** pyrimethanil   - {pesticide residues} *** tebuconazole   - {pesticide residues} *** tetraconazole   - {pesticide residues} *** trifloxystrobin   - {pesticide residues} *** zoxamide   - {pesticide residues},fluxapyroxad,False,information notification for attention,official control on the market,serious,distribution restricted to notifying country,Elevated levels of pesticides in vine leaves in brine from Turkey
2024.6344,2024-08-22,Türkiye,Germany,Weinblätter in Salzlake - Vine leaves in brine,fruits and vegetables,Spirotetramat   - {pesticide residues} *** acetamiprid   - {pesticide residues} *** boscalid   - {pesticide residues} *** cyflufenamid   - {pesticide residues} *** cymoxanil   - {pesticide residues} *** cyprodinil   - {pesticide residues} *** dimethomorph   - {pesticide residues} *** dithiocarbamates   - {pesticide residues} *** emamectin   - {pesticide residues} *** fluopyram   - {pesticide residues} *** fluxapyroxad   - {pesticide residues} *** metalaxyl   - {pesticide residues} *** methoxyfenozide   - {pesticide residues} *** metrafenone    - {pesticide residues} *** penconazole   - {pesticide residues} *** pyrimethanil   - {pesticide residues} *** tebuconazole   - {pesticide residues} *** tetraconazole   - {pesticide residues} *** trifloxystrobin   - {pesticide residues} *** zoxamide   - {pesticide residues},metalaxyl,False,information notification for attention,official control on the market,serious,distribution restricted to notifying country,Elevated levels of pesticides in vine leaves in brine from Turkey
2024.6344,2024-08-22,Türkiye,Germany,Weinblätter in Salzlake - Vine leaves in brine,fruits and vegetables,Spirotetramat   - {pesticide residues} *** acetamiprid   - {pesticide residues} *** boscalid   - {pesticide residues} *** cyflufenamid   - {pesticide residues} *** cymoxanil   - {pesticide residues} *** cyprodinil   - {pesticide residues} *** dimethomorph   - {pesticide residues} *** dithiocarbamates   - {pesticide residues} *** emamectin   - {pesticide residues} *** fluopyram   - {pesticide residues} *** fluxapyroxad   - {pesticide residues} *** metalaxyl   - {pesticide residues} *** methoxyfenozide   - {pesticide residues} *** metrafenone    - {pesticide residues} *** penconazole   - {pesticide residues} *** pyrimethanil   - {pesticide residues} *** tebuconazole   - {pesticide residues} *** tetraconazole   - {pesticide residues} *** trifloxystrobin   - {pesticide residues} *** zoxamide   - {pesticide residues},methoxyfenozide,False,information notification for attention,official control on the market,serious,distribution restricted to notifying country,Elevated levels of pesticides in vine leaves in brine from Turkey
2024.6344,2024-08-22,Türkiye,Germany,Weinblätter in Salzlake - Vine leaves in brine,fruits and vegetables,Spirotetramat   - {pesticide residues} *** acetamiprid   - {pesticide residues} *** boscalid   - {pesticide residues} *** cyflufenamid   - {pesticide residues} *** cymoxanil   - {pesticide residues} *** cyprodinil   - {pesticide residues} *** dimethomorph   - {pesticide residues} *** dithiocarbamates   - {pesticide residues} *** emamectin   - {pesticide residues} *** fluopyram   - {pesticide residues} *** fluxapyroxad   - {pesticide residues} *** metalaxyl   - {pesticide residues} *** methoxyfenozide   - {pesticide residues} *** metrafenone    - {pesticide residues} *** penconazole   - {pesticide residues} *** pyrimethanil   - {pesticide residues} *** tebuconazole   - {pesticide residues} *** tetraconazole   - {pesticide residues} *** trifloxystrobin   - {pesticide residues} *** zoxamide   - {pesticide residues},metrafenone,False,information notification for attention,official control on the market,serious,distribution restricted to notifying country,Elevated levels of pesticides in vine leaves in brine from Turkey
2024.6344,2024-08-22,Türkiye,Germany,Weinblätter in Salzlake - Vine leaves in brine,fruits and vegetables,Spirotetramat   - {pesticide residues} *** acetamiprid   - {pesticide residues} *** boscalid   - {pesticide residues} *** cyflufenamid   - {pesticide residues} *** cymoxanil   - {pesticide residues} *** cyprodinil   - {pesticide residues} *** dimethomorph   - {pesticide residues} *** dithiocarbamates   - {pesticide residues} *** emamectin   - {pesticide residues} *** fluopyram   - {pesticide residues} *** fluxapyroxad   - {pesticide residues} *** metalaxyl   - {pesticide residues} *** methoxyfenozide   - {pesticide residues} *** metrafenone    - {pesticide residues} *** penconazole   - {pesticide residues} *** pyrimethanil   - {pesticide residues} *** tebuconazole   - {pesticide residues} *** tetraconazole   - {pesticide residues} *** trifloxystrobin   - {pesticide residues} *** zoxamide   - {pesticide residues},penconazole,False,information notification for attention,official control on the market,serious,distribution restricted to notifying country,Elevated levels of pesticides in vine leaves in brine from Turkey
2024.6344,2024-08-22,Türkiye,Germany,Weinblätter in Salzlake - Vine leaves in brine,fruits and vegetables,Spirotetramat   - {pesticide residues} *** acetamiprid   - {pesticide residues} *** boscalid   - {pesticide residues} *** cyflufenamid   - {pesticide residues} *** cymoxanil   - {pesticide residues} *** cyprodinil   - {pesticide residues} *** dimethomorph   - {pesticide residues} *** dithiocarbamates   - {pesticide residues} *** emamectin   - {pesticide residues} *** fluopyram   - {pesticide residues} *** fluxapyroxad   - {pesticide residues} *** metalaxyl   - {pesticide residues} *** methoxyfenozide   - {pesticide residues} *** metrafenone    - {pesticide residues} *** penconazole   - {pesticide residues} *** pyrimethanil   - {pesticide residues} *** tebuconazole   - {pesticide residues} *** tetraconazole   - {pesticide residues} *** trifloxystrobin   - {pesticide residues} *** zoxamide   - {pesticide residues},pyrimethanil,False,information notification for attention,official control on the market,serious,distribution restricted to notifying country,Elevated levels of pesticides in vine leaves in brine from Turkey
2024.6344,2024-08-22,Türkiye,Germany,Weinblätter in Salzlake - Vine leaves in brine,fruits and vegetables,Spirotetramat   - {pesticide residues} *** acetamiprid   - {pesticide residues} *** boscalid   - {pesticide residues} *** cyflufenamid   - {pesticide residues} *** cymoxanil   - {pesticide residues} *** cyprodinil   - {pesticide residues} *** dimethomorph   - {pesticide residues} *** dithiocarbamates   - {pesticide residues} *** emamectin   - {pesticide residues} *** fluopyram   - {pesticide residues} *** fluxapyroxad   - {pesticide residues} *** metalaxyl   - {pesticide residues} *** methoxyfenozide   - {pesticide residues} *** metrafenone    - {pesticide residues} *** penconazole   - {pesticide residues} *** pyrimethanil   - {pesticide residues} *** tebuconazole   - {pesticide residues} *** tetraconazole   - {pesticide residues} *** trifloxystrobin   - {pesticide residues} *** zoxamide   - {pesticide residues},tebuconazole,False,information notification for attention,official control on the market,serious,distribution restricted to notifying country,Elevated levels of pesticides in vine leaves in brine from Turkey
2024.6344,2024-08-22,Türkiye,Germany,Weinblätter in Salzlake - Vine leaves in brine,fruits and vegetables,Spirotetramat   - {pesticide residues} *** acetamiprid   - {pesticide residues} *** boscalid   - {pesticide residues} *** cyflufenamid   - {pesticide residues} *** cymoxanil   - {pesticide residues} *** cyprodinil   - {pesticide residues} *** dimethomorph   - {pesticide residues} *** dithiocarbamates   - {pesticide residues} *** emamectin   - {pesticide residues} *** fluopyram   - {pesticide residues} *** fluxapyroxad   - {pesticide residues} *** metalaxyl   - {pesticide residues} *** methoxyfenozide   - {pesticide residues} *** metrafenone    - {pesticide residues} *** penconazole   - {pesticide residues} *** pyrimethanil   - {pesticide residues} *** tebuconazole   - {pesticide residues} *** tetraconazole   - {pesticide residues} *** trifloxystrobin   - {pesticide residues} *** zoxamide   - {pesticide residues},tetraconazole,False,information notification for attention,official control on the market,serious,distribution restricted to notifying country,Elevated levels of pesticides in vine leaves in brine from Turkey
2024.6344,2024-08-22,Türkiye,Germany,Weinblätter in Salzlake - Vine leaves in brine,fruits and vegetables,Spirotetramat   - {pesticide residues} *** acetamiprid   - {pesticide residues} *** boscalid   - {pesticide residues} *** cyflufenamid   - {pesticide residues} *** cymoxanil   - {pesticide residues} *** cyprodinil   - {pesticide residues} *** dimethomorph   - {pesticide residues} *** dithiocarbamates   - {pesticide residues} *** emamectin   - {pesticide residues} *** fluopyram   - {pesticide residues} *** fluxapyroxad   - {pesticide residues} *** metalaxyl   - {pesticide residues} *** methoxyfenozide   - {pesticide residues} *** metrafenone    - {pesticide residues} *** penconazole   - {pesticide residues} *** pyrimethanil   - {pesticide residues} *** tebuconazole   - {pesticide residues} *** tetraconazole   - {pesticide residues} *** trifloxystrobin   - {pesticide residues} *** zoxamide   - {pesticide residues},trifloxystrobin,False,information notification for attention,official control on the market,serious,distribution restricted to notifying country,Elevated levels of pesticides in vine leaves in brine from Turkey
2024.6344,2024-08-22,Türkiye,Germany,Weinblätter in Salzlake - Vine leaves in brine,fruits and vegetables,Spirotetramat   - {pesticide residues} *** acetamiprid   - {pesticide residues} *** boscalid   - {pesticide residues} *** cyflufenamid   - {pesticide residues} *** cymoxanil   - {pesticide residues} *** cyprodinil   - {pesticide residues} *** dimethomorph   - {pesticide residues} *** dithiocarbamates   - {pesticide residues} *** emamectin   - {pesticide residues} *** fluopyram   - {pesticide residues} *** fluxapyroxad   - {pesticide residues} *** metalaxyl   - {pesticide residues} *** methoxyfenozide   - {pesticide residues} *** metrafenone    - {pesticide residues} *** penconazole   - {pesticide residues} *** pyrimethanil   - {pesticide residues} *** tebuconazole   - {pesticide residues} *** tetraconazole   - {pesticide residues} *** trifloxystrobin   - {pesticide residues} *** zoxamide   - {pesticide residues},zoxamide,False,information notification for attention,official control on the market,serious,distribution restricted to notifying country,Elevated levels of pesticides in vine leaves in brine from Turkey
2024.6338,2024-08-21,Türkiye,Germany,vine leaves in brine ,fruits and vegetables,Azoxystrobin   - {pesticide residues} *** Spirotetramat   - {pesticide residues} *** acetamiprid   - {pesticide residues} *** boscalid   - {pesticide residues} *** cyprodinil   - {pesticide residues} *** dimethomorph   - {pesticide residues} *** dithiocarbamates   - {pesticide residues} *** fluopyram   - {pesticide residues} *** fluxapyroxad   - {pesticide residues} *** iprovalicarb  unauthorised substance - {pesticide residues} *** lambda-cyhalothrin   - {pesticide residues} *** metrafenone    - {pesticide residues} *** pyrimethanil   - {pesticide residues},Azoxystrobin,False,information notification for attention,official control on the market,serious,distribution restricted to notifying country,Pesticide residues in vine leaves in brine from Turkey
2024.6338,2024-08-21,Türkiye,Germany,vine leaves in brine ,fruits and vegetables,Azoxystrobin   - {pesticide residues} *** Spirotetramat   - {pesticide residues} *** acetamiprid   - {pesticide residues} *** boscalid   - {pesticide residues} *** cyprodinil   - {pesticide residues} *** dimethomorph   - {pesticide residues} *** dithiocarbamates   - {pesticide residues} *** fluopyram   - {pesticide residues} *** fluxapyroxad   - {pesticide residues} *** iprovalicarb  unauthorised substance - {pesticide residues} *** lambda-cyhalothrin   - {pesticide residues} *** metrafenone    - {pesticide residues} *** pyrimethanil   - {pesticide residues},Spirotetramat,False,information notification for attention,official control on the market,serious,distribution restricted to notifying country,Pesticide residues in vine leaves in brine from Turkey
2024.6338,2024-08-21,Türkiye,Germany,vine leaves in brine ,fruits and vegetables,Azoxystrobin   - {pesticide residues} *** Spirotetramat   - {pesticide residues} *** acetamiprid   - {pesticide residues} *** boscalid   - {pesticide residues} *** cyprodinil   - {pesticide residues} *** dimethomorph   - {pesticide residues} *** dithiocarbamates   - {pesticide residues} *** fluopyram   - {pesticide residues} *** fluxapyroxad   - {pesticide residues} *** iprovalicarb  unauthorised substance - {pesticide residues} *** lambda-cyhalothrin   - {pesticide residues} *** metrafenone    - {pesticide residues} *** pyrimethanil   - {pesticide residues},acetamiprid,False,information notification for attention,official control on the market,serious,distribution restricted to notifying country,Pesticide residues in vine leaves in brine from Turkey
2024.6338,2024-08-21,Türkiye,Germany,vine leaves in brine ,fruits and vegetables,Azoxystrobin   - {pesticide residues} *** Spirotetramat   - {pesticide residues} *** acetamiprid   - {pesticide residues} *** boscalid   - {pesticide residues} *** cyprodinil   - {pesticide residues} *** dimethomorph   - {pesticide residues} *** dithiocarbamates   - {pesticide residues} *** fluopyram   - {pesticide residues} *** fluxapyroxad   - {pesticide residues} *** iprovalicarb  unauthorised substance - {pesticide residues} *** lambda-cyhalothrin   - {pesticide residues} *** metrafenone    - {pesticide residues} *** pyrimethanil   - {pesticide residues},boscalid,False,information notification for attention,official control on the market,serious,distribution restricted to notifying country,Pesticide residues in vine leaves in brine from Turkey
2024.6338,2024-08-21,Türkiye,Germany,vine leaves in brine ,fruits and vegetables,Azoxystrobin   - {pesticide residues} *** Spirotetramat   - {pesticide residues} *** acetamiprid   - {pesticide residues} *** boscalid   - {pesticide residues} *** cyprodinil   - {pesticide residues} *** dimethomorph   - {pesticide residues} *** dithiocarbamates   - {pesticide residues} *** fluopyram   - {pesticide residues} *** fluxapyroxad   - {pesticide residues} *** iprovalicarb  unauthorised substance - {pesticide residues} *** lambda-cyhalothrin   - {pesticide residues} *** metrafenone    - {pesticide residues} *** pyrimethanil   - {pesticide residues},cyprodinil,False,information notification for attention,official control on the market,serious,distribution restricted to notifying country,Pesticide residues in vine leaves in brine from Turkey
2024.6338,2024-08-21,Türkiye,Germany,vine leaves in brine ,fruits and vegetables,Azoxystrobin   - {pesticide residues} *** Spirotetramat   - {pesticide residues} *** acetamiprid   - {pesticide residues} *** boscalid   - {pesticide residues} *** cyprodinil   - {pesticide residues} *** dimethomorph   - {pesticide residues} *** dithiocarbamates   - {pesticide residues} *** fluopyram   - {pesticide residues} *** fluxapyroxad   - {pesticide residues} *** iprovalicarb  unauthorised substance - {pesticide residues} *** lambda-cyhalothrin   - {pesticide residues} *** metrafenone    - {pesticide residues} *** pyrimethanil   - {pesticide residues},dimethomorph,False,information notification for attention,official control on the market,serious,distribution restricted to notifying country,Pesticide residues in vine leaves in brine from Turkey
2024.6338,2024-08-21,Türkiye,Germany,vine leaves in brine ,fruits and vegetables,Azoxystrobin   - {pesticide residues} *** Spirotetramat   - {pesticide residues} *** acetamiprid   - {pesticide residues} *** boscalid   - {pesticide residues} *** cyprodinil   - {pesticide residues} *** dimethomorph   - {pesticide residues} *** dithiocarbamates   - {pesticide residues} *** fluopyram   - {pesticide residues} *** fluxapyroxad   - {pesticide residues} *** iprovalicarb  unauthorised substance - {pesticide residues} *** lambda-cyhalothrin   - {pesticide residues} *** metrafenone    - {pesticide residues} *** pyrimethanil   - {pesticide residues},dithiocarbamates,False,information notification for attention,official control on the market,serious,distribution restricted to notifying country,Pesticide residues in vine leaves in brine from Turkey
2024.6338,2024-08-21,Türkiye,Germany,vine leaves in brine ,fruits and vegetables,Azoxystrobin   - {pesticide residues} *** Spirotetramat   - {pesticide residues} *** acetamiprid   - {pesticide residues} *** boscalid   - {pesticide residues} *** cyprodinil   - {pesticide residues} *** dimethomorph   - {pesticide residues} *** dithiocarbamates   - {pesticide residues} *** fluopyram   - {pesticide residues} *** fluxapyroxad   - {pesticide residues} *** iprovalicarb  unauthorised substance - {pesticide residues} *** lambda-cyhalothrin   - {pesticide residues} *** metrafenone    - {pesticide residues} *** pyrimethanil   - {pesticide residues},fluopyram,False,information notification for attention,official control on the market,serious,distribution restricted to notifying country,Pesticide residues in vine leaves in brine from Turkey
2024.6338,2024-08-21,Türkiye,Germany,vine leaves in brine ,fruits and vegetables,Azoxystrobin   - {pesticide residues} *** Spirotetramat   - {pesticide residues} *** acetamiprid   - {pesticide residues} *** boscalid   - {pesticide residues} *** cyprodinil   - {pesticide residues} *** dimethomorph   - {pesticide residues} *** dithiocarbamates   - {pesticide residues} *** fluopyram   - {pesticide residues} *** fluxapyroxad   - {pesticide residues} *** iprovalicarb  unauthorised substance - {pesticide residues} *** lambda-cyhalothrin   - {pesticide residues} *** metrafenone    - {pesticide residues} *** pyrimethanil   - {pesticide residues},fluxapyroxad,False,information notification for attention,official control on the market,serious,distribution restricted to notifying country,Pesticide residues in vine leaves in brine from Turkey
2024.6338,2024-08-21,Türkiye,Germany,vine leaves in brine ,fruits and vegetables,Azoxystrobin   - {pesticide residues} *** Spirotetramat   - {pesticide residues} *** acetamiprid   - {pesticide residues} *** boscalid   - {pesticide residues} *** cyprodinil   - {pesticide residues} *** dimethomorph   - {pesticide residues} *** dithiocarbamates   - {pesticide residues} *** fluopyram   - {pesticide residues} *** fluxapyroxad   - {pesticide residues} *** iprovalicarb  unauthorised substance - {pesticide residues} *** lambda-cyhalothrin   - {pesticide residues} *** metrafenone    - {pesticide residues} *** pyrimethanil   - {pesticide residues},iprovalicarb,True,information notification for attention,official control on the market,serious,distribution restricted to notifying country,Pesticide residues in vine leaves in brine from Turkey
2024.6338,2024-08-21,Türkiye,Germany,vine leaves in brine ,fruits and vegetables,Azoxystrobin   - {pesticide residues} *** Spirotetramat   - {pesticide residues} *** acetamiprid   - {pesticide residues} *** boscalid   - {pesticide residues} *** cyprodinil   - {pesticide residues} *** dimethomorph   - {pesticide residues} *** dithiocarbamates   - {pesticide residues} *** fluopyram   - {pesticide residues} *** fluxapyroxad   - {pesticide residues} *** iprovalicarb  unauthorised substance - {pesticide residues} *** lambda-cyhalothrin   - {pesticide residues} *** metrafenone    - {pesticide residues} *** pyrimethanil   - {pesticide residues},lambda-cyhalothrin,False,information notification for attention,official control on the market,serious,distribution restricted to notifying country,Pesticide residues in vine leaves in brine from Turkey
2024.6338,2024-08-21,Türkiye,Germany,vine leaves in brine ,fruits and vegetables,Azoxystrobin   - {pesticide residues} *** Spirotetramat   - {pesticide residues} *** acetamiprid   - {pesticide residues} *** boscalid   - {pesticide residues} *** cyprodinil   - {pesticide residues} *** dimethomorph   - {pesticide residues} *** dithiocarbamates   - {pesticide residues} *** fluopyram   - {pesticide residues} *** fluxapyroxad   - {pesticide residues} *** iprovalicarb  unauthorised substance - {pesticide residues} *** lambda-cyhalothrin   - {pesticide residues} *** metrafenone    - {pesticide residues} *** pyrimethanil   - {pesticide residues},metrafenone,False,information notification for attention,official control on the market,serious,distribution restricted to notifying country,Pesticide residues in vine leaves in brine from Turkey
2024.6338,2024-08-21,Türkiye,Germany,vine leaves in brine ,fruits and vegetables,Azoxystrobin   - {pesticide residues} *** Spirotetramat   - {pesticide residues} *** acetamiprid   - {pesticide residues} *** boscalid   - {pesticide residues} *** cyprodinil   - {pesticide residues} *** dimethomorph   - {pesticide residues} *** dithiocarbamates   - {pesticide residues} *** fluopyram   - {pesticide residues} *** fluxapyroxad   - {pesticide residues} *** iprovalicarb  unauthorised substance - {pesticide residues} *** lambda-cyhalothrin   - {pesticide residues} *** metrafenone    - {pesticide residues} *** pyrimethanil   - {pesticide residues},pyrimethanil,False,information notification for attention,official control on the market,serious,distribution restricted to notifying country,Pesticide residues in vine leaves in brine from Turkey
2024.6249,2024-08-14,Türkiye,Romania,mere rosii/red apples,fruits and vegetables,diflubenzuron   - {pesticide residues},diflubenzuron,False,information notification for attention,official control on the market,potentially serious,no distribution from notifying country,Unauthorized pesticide - Diflubenzuron in red apple from Turkye // Pesticid neautorizat - Diflubenzuron in mere rosii origine Turcia 
2024.6011,2024-08-06,Türkiye,Germany,Vine leaves in brine,fruits and vegetables,dithiocarbamates   - {pesticide residues},dithiocarbamates,False,border rejection notification,border control - consignment detained,no risk,product not (yet) placed on the market,Dithiocarbamate in vine leaves in brine from Turkey
2024.5877,2024-07-31,Türkiye,Poland,Czereśnie // sweet cherries,fruits and vegetables,dimethoate   - {pesticide residues},dimethoate,False,information notification for attention,official control on the market,potentially serious,information on distribution not (yet) available,"Przekroczenie NDP dimetoatu w czereśniach odmiana Napoleon, kraj pochodzenia Turcja // Exceeding the MRL for dimethoate in Napoleon variety cherries, country of origin Türkiye"
2024.5826,2024-07-30,India,Netherlands,Drumsticks (Moringa oleifera),fruits and vegetables,acephate  unauthorised substance - {pesticide residues} *** methamidophos  unauthorised substance - {pesticide residues} *** monocrotophos  unauthorised substance - {pesticide residues} *** permethrin  unauthorised substance - {pesticide residues},acephate,True,border rejection notification,border control - consignment detained,potentially serious,product not (yet) placed on the market,"acephate, methamidophos, monocrotophos and permethrin in drumstick from India"
2024.5826,2024-07-30,India,Netherlands,Drumsticks (Moringa oleifera),fruits and vegetables,acephate  unauthorised substance - {pesticide residues} *** methamidophos  unauthorised substance - {pesticide residues} *** monocrotophos  unauthorised substance - {pesticide residues} *** permethrin  unauthorised substance - {pesticide residues},methamidophos,True,border rejection notification,border control - consignment detained,potentially serious,product not (yet) placed on the market,"acephate, methamidophos, monocrotophos and permethrin in drumstick from India"
2024.5826,2024-07-30,India,Netherlands,Drumsticks (Moringa oleifera),fruits and vegetables,acephate  unauthorised substance - {pesticide residues} *** methamidophos  unauthorised substance - {pesticide residues} *** monocrotophos  unauthorised substance - {pesticide residues} *** permethrin  unauthorised substance - {pesticide residues},monocrotophos,True,border rejection notification,border control - consignment detained,potentially serious,product not (yet) placed on the market,"acephate, methamidophos, monocrotophos and permethrin in drumstick from India"
2024.5826,2024-07-30,India,Netherlands,Drumsticks (Moringa oleifera),fruits and vegetables,acephate  unauthorised substance - {pesticide residues} *** methamidophos  unauthorised substance - {pesticide residues} *** monocrotophos  unauthorised substance - {pesticide residues} *** permethrin  unauthorised substance - {pesticide residues},permethrin,True,border rejection notification,border control - consignment detained,potentially serious,product not (yet) placed on the market,"acephate, methamidophos, monocrotophos and permethrin in drumstick from India"
2024.5763,2024-07-26,India,Malta,Drumsticks ,fruits and vegetables,methamidophos  unauthorised substance - {pesticide residues},methamidophos,True,border rejection notification,border control - consignment detained,not serious,product allowed to travel to destination under customs seals,Methamidophos in drumsticks from India 
2024.5723,2024-07-25,India,Switzerland,"Guavas, mangoes and mangosteens",fruits and vegetables,clothianidin   - {pesticide residues} *** thiamethoxam   - {pesticide residues},clothianidin,False,border rejection notification,border control - consignment detained,serious,product not (yet) placed on the market,Unauthorised substances (pesticides) in Guavas from India
2024.5723,2024-07-25,India,Switzerland,"Guavas, mangoes and mangosteens",fruits and vegetables,clothianidin   - {pesticide residues} *** thiamethoxam   - {pesticide residues},thiamethoxam,False,border rejection notification,border control - consignment detained,serious,product not (yet) placed on the market,Unauthorised substances (pesticides) in Guavas from India
2024.5675,2024-07-24,Türkiye,Bulgaria,Sweet peppers,fruits and vegetables,formetanate   - {pesticide residues},formetanate,False,border rejection notification,border control - consignment detained,serious,product not (yet) placed on the market,formetanate in fresh peppers from Türkiye
2024.5664,2024-07-24,Türkiye,Bulgaria,Sweet peppers,fruits and vegetables,formetanate   - {pesticide residues},formetanate,False,border rejection notification,border control - consignment detained,serious,product not (yet) placed on the market,formetanate in fresh peppers from Türkiye
2024.5600,2024-07-22,Egypt,France,Oranges,fruits and vegetables,dimethoate   - {pesticide residues},dimethoate,False,information notification for attention,official control on the market,serious,product (presumably) no longer on the market,pesticide residues in oranges 
2024.5530,2024-07-19,Egypt,Lithuania,Oranges,fruits and vegetables,chlorpropham   - {pesticide residues} *** chlorpyrifos   - {pesticide residues},chlorpropham,False,border rejection notification,border control - consignment detained,serious,distribution to non-member countries only,Elevated levels of the pesticides chlorpropham and chlorpyrifos in oranges from Egypt
2024.5530,2024-07-19,Egypt,Lithuania,Oranges,fruits and vegetables,chlorpropham   - {pesticide residues} *** chlorpyrifos   - {pesticide residues},chlorpyrifos,False,border rejection notification,border control - consignment detained,serious,distribution to non-member countries only,Elevated levels of the pesticides chlorpropham and chlorpyrifos in oranges from Egypt
2024.5556,2024-07-19,India,Norway,Drumsticks (Moringa oleifera),fruits and vegetables,fenpropathrin   - {pesticide residues},fenpropathrin,False,border rejection notification,border control - consignment detained,no risk,product not (yet) placed on the market,Pesticide residue above MRL in moringa/drumsticks from India
2024.5500,2024-07-18,Kenya,France,Green beans,fruits and vegetables,carbendazim   - {pesticide residues},carbendazim,False,border rejection notification,border control - consignment detained,not serious,product not (yet) placed on the market,Carbendazim in green beans from Kenya
2024.5496,2024-07-18,Kenya,Netherlands,"green beans, wax beans and string beans",fruits and vegetables,acephate  unauthorised substance - {pesticide residues} *** chlorpyriphos-ethyl   - {pesticide residues} *** methamidophos  unauthorised substance - {pesticide residues},acephate,True,border rejection notification,border control - consignment detained,potential risk,product not (yet) placed on the market,Beans Kenya Pesticide Residue
2024.5496,2024-07-18,Kenya,Netherlands,"green beans, wax beans and string beans",fruits and vegetables,acephate  unauthorised substance - {pesticide residues} *** chlorpyriphos-ethyl   - {pesticide residues} *** methamidophos  unauthorised substance - {pesticide residues},chlorpyriphos-ethyl,False,border rejection notification,border control - consignment detained,potential risk,product not (yet) placed on the market,Beans Kenya Pesticide Residue
2024.5496,2024-07-18,Kenya,Netherlands,"green beans, wax beans and string beans",fruits and vegetables,acephate  unauthorised substance - {pesticide residues} *** chlorpyriphos-ethyl   - {pesticide residues} *** methamidophos  unauthorised substance - {pesticide residues},methamidophos,True,border rejection notification,border control - consignment detained,potential risk,product not (yet) placed on the market,Beans Kenya Pesticide Residue
2024.5512,2024-07-18,India,France,Drumsticks (Moringa oleifera),fruits and vegetables,fenpropathrin   - {pesticide residues},fenpropathrin,False,border rejection notification,border control - consignment detained,no risk,product not (yet) placed on the market,Fenpropathrin in drumsticks from India
2024.5472,2024-07-17,Egypt,Poland,Frozen strawberries,fruits and vegetables,oxamyl  unauthorised substance - {pesticide residues},oxamyl,True,border rejection notification,border control - consignment detained,serious,product not (yet) placed on the market,"Oxamyl (0,01+/-0,005 mg/kg) in frozen strawberries from Egypt"
2024.5384,2024-07-15,Türkiye,Bulgaria,Sweet peppers,fruits and vegetables,formetanate   - {pesticide residues},formetanate,False,border rejection notification,border control - consignment detained,serious,product not (yet) placed on the market,formetanate in fresh peppers from Türkiye
2024.5396,2024-07-15,India,Germany,fresh mangoes,fruits and vegetables,propargite   - {pesticide residues},propargite,False,information notification for attention,official control on the market,serious,product (presumably) no longer on the market,Propargite in fresh mangoes from India 
2024.5369,2024-07-12,Türkiye,Bulgaria,Sweet peppers,fruits and vegetables,formetanate   - {pesticide residues},formetanate,False,border rejection notification,border control - consignment detained,serious,product not (yet) placed on the market,Formetanate in fresh peppers from Türkiye
2024.5304,2024-07-11,Kenya,France,Peppers of the genus Capsicum (other than sweet),fruits and vegetables,carbendazim   - {pesticide residues},carbendazim,False,border rejection notification,border control - consignment detained,not serious,product not (yet) placed on the market,Pesticides residues in peppers of the genus Capsicum (other than sweet) from Kenya
2024.5330,2024-07-11,Kenya,Netherlands,Other,fruits and vegetables,chlorpyriphos-ethyl   - {pesticide residues},chlorpyriphos-ethyl,False,border rejection notification,border control - consignment detained,potential risk,product not (yet) placed on the market,Beans Kenya Pesticide Residue
2024.5324,2024-07-11,India,Spain,CHILLIES CRUSHED,fruits and vegetables,azinphos-methyl   - {pesticide residues},azinphos-methyl,False,information notification for attention,border control - consignment released,potentially serious,information on distribution not (yet) available,Residuos de plaguicidas (Azinfós-metilo) en pimiento triturado de La India. / Pesticide residues (Azinphos-methyl) in crushed Capsicum from India.
2024.5274,2024-07-10,Egypt,Romania,EGYPTIAN Fresh Valencia Orange,fruits and vegetables,flumetralin  - {pesticide residues},flumetralin,False,border rejection notification,border control - consignment detained,potentially serious,product not (yet) placed on the market,Exceeded PESTICIDES Flumetralin in oranges from Egipt
2024.5195,2024-07-05,Kenya,France,Extra Fine Beans,fruits and vegetables,acephate  unauthorised substance - {pesticide residues} *** methamidophos  unauthorised substance - {pesticide residues},acephate,True,border rejection notification,border control - consignment detained,potentially serious,product not (yet) placed on the market,"Pesticides residues in Beans (Vigna spp., Phaseolus spp.) from Kenya"
2024.5195,2024-07-05,Kenya,France,Extra Fine Beans,fruits and vegetables,acephate  unauthorised substance - {pesticide residues} *** methamidophos  unauthorised substance - {pesticide residues},methamidophos,True,border rejection notification,border control - consignment detained,potentially serious,product not (yet) placed on the market,"Pesticides residues in Beans (Vigna spp., Phaseolus spp.) from Kenya"
2024.5140,2024-07-04,Egypt,Netherlands,grapes ,fruits and vegetables,ethephon   - {pesticide residues},ethephon,False,alert notification,company's own check,potentially serious,distribution to other member countries,Ethephon in grapes from egypt
2024.5143,2024-07-04,Egypt,Netherlands,grapes,fruits and vegetables,ethephon   - {pesticide residues},ethephon,False,alert notification,company's own check,serious,distribution to other member countries,Ethephon in grapes from Egypt
2024.5134,2024-07-04,Türkiye,Germany,Grape leaves in brine,fruits and vegetables,pyrimethanil   - {pesticide residues},pyrimethanil,False,border rejection notification,border control - consignment detained,no risk,product not (yet) placed on the market, Pyrimethanil in grape leaves in brine from Turkey
2024.5112,2024-07-03,Egypt,Germany,red table grapes ,fruits and vegetables,ethephon   - {pesticide residues},ethephon,False,information notification for attention,company's own check,potential risk,product (presumably) no longer on the market,Ethephon in seedless red table grapes from Egypt
2024.5006,2024-07-01,Türkiye,Bulgaria,SWEET  PEPPERS,fruits and vegetables,formetanate   - {pesticide residues},formetanate,False,border rejection notification,border control - consignment detained,serious,product not (yet) placed on the market,formetanate in fresh peppers from Türkiye
2024.4967,2024-06-28,Egypt,Cyprus,Lemons,fruits and vegetables,chlorfenapyr   - {pesticide residues} *** lufenuron   - {pesticide residues},chlorfenapyr,False,border rejection notification,border control - consignment detained,not serious,product not (yet) placed on the market,Residues of the pesticides Chlorfenapyr and Lufenuron in lemons from Egypt 
2024.4967,2024-06-28,Egypt,Cyprus,Lemons,fruits and vegetables,chlorfenapyr   - {pesticide residues} *** lufenuron   - {pesticide residues},lufenuron,False,border rejection notification,border control - consignment detained,not serious,product not (yet) placed on the market,Residues of the pesticides Chlorfenapyr and Lufenuron in lemons from Egypt 
2024.4945,2024-06-27,Egypt,Germany,organic red onions,fruits and vegetables,chlorpyrifos   - {pesticide residues},chlorpyrifos,False,information notification for follow-up,company's own check,potential risk,no distribution from notifying country,"Chlorpyrifos in organic red onions from Egypt, via the Netherlands"
2024.4942,2024-06-27,India,Italy,Sweet peppers,fruits and vegetables,ethion   - {pesticide residues},ethion,False,border rejection notification,border control - consignment detained,potentially serious,product not (yet) placed on the market, Ethion above permitted limits in Dry Chili from India
2024.4851,2024-06-25,Egypt,Italy,Fresh Valencia Orange,fruits and vegetables,lambda-cyhalothrin   - {pesticide residues} *** pirimiphos-methyl   - {pesticide residues} *** thiabendazole   - {pesticide residues},lambda-cyhalothrin,False,border rejection notification,border control - consignment detained,serious,product not (yet) placed on the market,Exceeded pesticide Pirimifos- methyl and presence of lambda-cyhalothrin and thiambendazole in oranges from EGYPT
2024.4851,2024-06-25,Egypt,Italy,Fresh Valencia Orange,fruits and vegetables,lambda-cyhalothrin   - {pesticide residues} *** pirimiphos-methyl   - {pesticide residues} *** thiabendazole   - {pesticide residues},pirimiphos-methyl,False,border rejection notification,border control - consignment detained,serious,product not (yet) placed on the market,Exceeded pesticide Pirimifos- methyl and presence of lambda-cyhalothrin and thiambendazole in oranges from EGYPT
2024.4851,2024-06-25,Egypt,Italy,Fresh Valencia Orange,fruits and vegetables,lambda-cyhalothrin   - {pesticide residues} *** pirimiphos-methyl   - {pesticide residues} *** thiabendazole   - {pesticide residues},thiabendazole,False,border rejection notification,border control - consignment detained,serious,product not (yet) placed on the market,Exceeded pesticide Pirimifos- methyl and presence of lambda-cyhalothrin and thiambendazole in oranges from EGYPT
2024.4778,2024-06-21,Egypt,Cyprus,FRESH CAPSICUM RED & YELLOW COLOR,fruits and vegetables,propiconazole   - {pesticide residues},propiconazole,False,border rejection notification,border control - consignment detained,not serious,product not (yet) placed on the market,RESIDUES OF UNAUTHORISED PESTICIDE IN FRESH CAPSICUM RED & YELLOW COLOR FROM EGYPT
2024.4768,2024-06-21,India,Germany,Fresh mangoes,fruits and vegetables,propargite   - {pesticide residues},propargite,False,information notification for attention,official control on the market,serious,product (presumably) no longer on the market,Propargite in mangoes from India 
2024.4746,2024-06-20,Türkiye,Bulgaria,Sweet peppers,fruits and vegetables,Spirotetramat   - {pesticide residues} *** acetamiprid   - {pesticide residues} *** sulfoxaflor   - {pesticide residues},Spirotetramat,False,border rejection notification,border control - consignment detained,serious,product not (yet) placed on the market,"Acetamiprid, sulfoxaflor, spirotetramat in fresh pepper from Turkey."
2024.4746,2024-06-20,Türkiye,Bulgaria,Sweet peppers,fruits and vegetables,Spirotetramat   - {pesticide residues} *** acetamiprid   - {pesticide residues} *** sulfoxaflor   - {pesticide residues},acetamiprid,False,border rejection notification,border control - consignment detained,serious,product not (yet) placed on the market,"Acetamiprid, sulfoxaflor, spirotetramat in fresh pepper from Turkey."
2024.4746,2024-06-20,Türkiye,Bulgaria,Sweet peppers,fruits and vegetables,Spirotetramat   - {pesticide residues} *** acetamiprid   - {pesticide residues} *** sulfoxaflor   - {pesticide residues},sulfoxaflor,False,border rejection notification,border control - consignment detained,serious,product not (yet) placed on the market,"Acetamiprid, sulfoxaflor, spirotetramat in fresh pepper from Turkey."
2024.4687,2024-06-18,India,Switzerland,Drumsticks (Moringa oleifera),fruits and vegetables,fipronil  unauthorised substance - {pesticide residues} *** permethrin  unauthorised substance - {pesticide residues},fipronil,True,border rejection notification,border control - consignment detained,serious,product not (yet) placed on the market,Unauthorised substances (pesticides) in Drumsticks from India
2024.4687,2024-06-18,India,Switzerland,Drumsticks (Moringa oleifera),fruits and vegetables,fipronil  unauthorised substance - {pesticide residues} *** permethrin  unauthorised substance - {pesticide residues},permethrin,True,border rejection notification,border control - consignment detained,serious,product not (yet) placed on the market,Unauthorised substances (pesticides) in Drumsticks from India
2024.4651,2024-06-17,Türkiye,Germany,plums ,fruits and vegetables,acetamiprid   - {pesticide residues},acetamiprid,False,information notification for follow-up,official control on the market,potential risk,distribution to other member countries,Acetamiprid in plums from Türkiye
2024.4516,2024-06-12,Türkiye,Bulgaria,Sweet peppers,fruits and vegetables,Spirotetramat   - {pesticide residues} *** acetamiprid   - {pesticide residues},Spirotetramat,False,border rejection notification,border control - consignment detained,serious,product not (yet) placed on the market,acetamiprid and Spirotetramat in fresh peppers from Türkiye
2024.4516,2024-06-12,Türkiye,Bulgaria,Sweet peppers,fruits and vegetables,Spirotetramat   - {pesticide residues} *** acetamiprid   - {pesticide residues},acetamiprid,False,border rejection notification,border control - consignment detained,serious,product not (yet) placed on the market,acetamiprid and Spirotetramat in fresh peppers from Türkiye
2024.4482,2024-06-11,Türkiye,Bulgaria,Sweet peppers,fruits and vegetables,acetamiprid   - {pesticide residues},acetamiprid,False,border rejection notification,border control - consignment detained,serious,product not (yet) placed on the market,acetamiprid in fresh peppers from Türkiye
2024.4439,2024-06-10,Egypt,Romania,Struguri roze fara samburi///Seedless pink grapes,fruits and vegetables,pesticide residues   - {pesticide residues},pesticide residues,False,information notification for attention,border control - consignment released,potential risk,information on distribution not (yet) available,Depasire LMA pesticide (2-PHENYLPHENOL) in struguri roze fara samburi origine Egipt/// Exceeding the pesticide MRL (2-PHENYLPHENOL) in seedless pink grapes from Egypt
2024.4440,2024-06-10,Türkiye,Bulgaria,Sweet peppers,fruits and vegetables,acetamiprid   - {pesticide residues},acetamiprid,False,border rejection notification,border control - consignment detained,serious,product not (yet) placed on the market,acetamiprid in fresh pepper from Türkiye
2024.4437,2024-06-10,Türkiye,Bulgaria,"Lemons (Citrus limon, Citrus limonum)",fruits and vegetables,prochloraz   - {pesticide residues},prochloraz,False,border rejection notification,border control - consignment detained,serious,product not (yet) placed on the market,prochloraz i fresh lemons from Türkiye
2024.4442,2024-06-10,Türkiye,Bulgaria,Sweet peppers,fruits and vegetables,fenamiphos   - {pesticide residues} *** pirimiphos-methyl   - {pesticide residues},fenamiphos,False,border rejection notification,border control - consignment detained,serious,product not (yet) placed on the market,fenamiphos and pirimiphos-methyl in fresh peppers from Türkiye
2024.4442,2024-06-10,Türkiye,Bulgaria,Sweet peppers,fruits and vegetables,fenamiphos   - {pesticide residues} *** pirimiphos-methyl   - {pesticide residues},pirimiphos-methyl,False,border rejection notification,border control - consignment detained,serious,product not (yet) placed on the market,fenamiphos and pirimiphos-methyl in fresh peppers from Türkiye
2024.4471,2024-06-10,Kenya,France,Green beans,fruits and vegetables,sulfoxaflor   - {pesticide residues},sulfoxaflor,False,border rejection notification,border control - consignment detained,not serious,product not (yet) placed on the market,Sulfoxaflor in green beans from Kenya
2024.4465,2024-06-10,Kenya,France,Green beans,fruits and vegetables,hexaconazole  unauthorised substance - {pesticide residues},hexaconazole,True,border rejection notification,border control - consignment detained,not serious,product not (yet) placed on the market,Hexaconazole in green beans from Kenya
2024.4409,2024-06-07,Egypt,Romania,mandarine/tangerines,fruits and vegetables,chlorpyrifos  unauthorised substance - {pesticide residues},chlorpyrifos,True,information notification for attention,official control on the market,serious,distribution restricted to notifying country,Pesticid neautorizat - chlorpirifos in mandarine origine Egipt/Unauthorized pesticide - chlorpirifos  in tangerines from Egipt
2024.4368,2024-06-06,Egypt,Romania,ORANGES,fruits and vegetables,chlorpropham   - {pesticide residues} *** propamocarb   - {pesticide residues},chlorpropham,False,border rejection notification,border control - consignment detained,potentially serious,product not (yet) placed on the market,"Non approved pesticid CHLORPROPHAM,exceeded pesticide PROPAMOCARB in oranges from EGYPT"
2024.4368,2024-06-06,Egypt,Romania,ORANGES,fruits and vegetables,chlorpropham   - {pesticide residues} *** propamocarb   - {pesticide residues},propamocarb,False,border rejection notification,border control - consignment detained,potentially serious,product not (yet) placed on the market,"Non approved pesticid CHLORPROPHAM,exceeded pesticide PROPAMOCARB in oranges from EGYPT"
2024.4374,2024-06-06,Egypt,Spain,naranjas,fruits and vegetables,chlorpyrifos  unauthorised substance - {pesticide residues},chlorpyrifos,True,border rejection notification,border control - consignment detained,serious,product not (yet) placed on the market,Clorpirifos en naranjas de Egipto. Chlorpyrifos in oranges from Egypt.
2024.4301,2024-06-04,Türkiye,Bulgaria,Sweet peppers,fruits and vegetables,fosthiazate   - {pesticide residues},fosthiazate,False,border rejection notification,border control - consignment detained,serious,product not (yet) placed on the market,fosthiazate in fresh peppers from Türkiye
2024.4299,2024-06-04,Türkiye,Bulgaria,Sweet peppers,fruits and vegetables,acetamiprid   - {pesticide residues},acetamiprid,False,border rejection notification,border control - consignment detained,serious,product not (yet) placed on the market,Acetamiprid in fresh peppers from Türkiye
2024.4210,2024-05-30,Egypt,Netherlands,Oranges,fruits and vegetables,chlorpyriphos-ethyl   - {pesticide residues},chlorpyriphos-ethyl,False,border rejection notification,border control - consignment detained,potentially serious,product not (yet) placed on the market,Pesticide residue in Egyptian oranges
2024.4202,2024-05-30,Egypt,Netherlands,Navel oranges,fruits and vegetables,chlorpyrifos   - {pesticide residues},chlorpyrifos,False,border rejection notification,border control - consignment detained,potential risk,product not (yet) placed on the market,chlorpyrifos in navel oranges from Egypt
2024.4218,2024-05-30,Egypt,Germany,Early table potatoes,fruits and vegetables,fluazifop   - {pesticide residues},fluazifop,False,information notification for attention,company's own check,serious,distribution restricted to notifying country,Fluazifop in early table potatoes from Egypt
2024.4187,2024-05-30,Türkiye,Bulgaria,Sweet peppers,fruits and vegetables,chlorpyrifos-methyl  unauthorised substance - {pesticide residues},chlorpyrifos-methyl,True,border rejection notification,border control - consignment detained,serious,product not (yet) placed on the market,chlorpyrifos-methyl in fresh peppers from Türkiye
2024.4068,2024-05-27,Egypt,Slovenia,Peppers (other than sweet) (Capsicum spp.),fruits and vegetables,chlorpyriphos-ethyl   - {pesticide residues} *** propargite   - {pesticide residues},chlorpyriphos-ethyl,False,border rejection notification,border control - consignment detained,potential risk,no distribution from notifying country, Chlorpyrifos-ethyl and propargite in frozen peppers from Egypt
2024.4068,2024-05-27,Egypt,Slovenia,Peppers (other than sweet) (Capsicum spp.),fruits and vegetables,chlorpyriphos-ethyl   - {pesticide residues} *** propargite   - {pesticide residues},propargite,False,border rejection notification,border control - consignment detained,potential risk,no distribution from notifying country, Chlorpyrifos-ethyl and propargite in frozen peppers from Egypt
2024.4097,2024-05-27,Egypt,Portugal,Other,fruits and vegetables,diazinon   - {pesticide residues} *** profenofos  unauthorised substance - {pesticide residues},diazinon,False,border rejection notification,border control - consignment detained,potential risk,product not (yet) placed on the market,Diazinon in oranges from Egypt
2024.4097,2024-05-27,Egypt,Portugal,Other,fruits and vegetables,diazinon   - {pesticide residues} *** profenofos  unauthorised substance - {pesticide residues},profenofos,True,border rejection notification,border control - consignment detained,potential risk,product not (yet) placed on the market,Diazinon in oranges from Egypt
2024.4076,2024-05-27,Türkiye,Bulgaria,"Lemons (Citrus limon, Citrus limonum)",fruits and vegetables,prochloraz   - {pesticide residues},prochloraz,False,border rejection notification,border control - consignment detained,serious,product not (yet) placed on the market,prochloraz in fresh lemons from Türkiye
2024.4010,2024-05-23,Türkiye,Bulgaria,"Lemons (Citrus limon, Citrus limonum)",fruits and vegetables,prochloraz   - {pesticide residues},prochloraz,False,border rejection notification,border control - consignment detained,serious,product not (yet) placed on the market,prochloraz in fresh lemons from Türkiye
2024.4016,2024-05-23,Türkiye,Croatia,Fresh apricot,fruits and vegetables,chlorothalonil   - {pesticide residues},chlorothalonil,False,border rejection notification,border control - consignment detained,no risk,product allowed to travel to destination under customs seals,Pesticide residues of Chlorothalonil  in apricot from Turkye
2024.3957,2024-05-22,Türkiye,Greece,Dried mandarins (Citrus reticulata),fruits and vegetables,buprofezin   - {pesticide residues},buprofezin,False,border rejection notification,border control - consignment detained,potentially serious,product not (yet) placed on the market,Buprofezin in dried mandarins from Turkiye
2024.3932,2024-05-20,Egypt,Italy,Capsicum annuum,fruits and vegetables,buprofezin   - {pesticide residues},buprofezin,False,border rejection notification,border control - consignment detained,potentially serious,product not (yet) placed on the market,Pesticides' residues (buprofezin) in Capsicum annuum from Egypt
2024.3923,2024-05-20,Türkiye,Bulgaria,"Lemons (Citrus limon, Citrus limonum)",fruits and vegetables,chlorpyrifos-methyl  unauthorised substance - {pesticide residues} *** prochloraz   - {pesticide residues},chlorpyrifos-methyl,True,border rejection notification,border control - consignment detained,serious,product not (yet) placed on the market,chlorpyrifos-methyl in fresh lemons from Türkiye
2024.3923,2024-05-20,Türkiye,Bulgaria,"Lemons (Citrus limon, Citrus limonum)",fruits and vegetables,chlorpyrifos-methyl  unauthorised substance - {pesticide residues} *** prochloraz   - {pesticide residues},prochloraz,False,border rejection notification,border control - consignment detained,serious,product not (yet) placed on the market,chlorpyrifos-methyl in fresh lemons from Türkiye
2024.3905,2024-05-17,Egypt,Croatia,Egyptian Potatoes,fruits and vegetables,imidacloprid   - {pesticide residues},imidacloprid,False,border rejection notification,border control - consignment detained,no risk,product allowed to travel to destination under customs seals,Pesticide residues of imidacloprid in potatoes from Egypt
2024.3899,2024-05-17,India,Croatia,Raisins,fruits and vegetables,carbendazim   - {pesticide residues} *** chlorpyriphos-ethyl   - {pesticide residues},carbendazim,False,border rejection notification,border control - consignment detained,potential risk,product allowed to travel to destination under customs seals,Chlorpyrifos in raisins from India
2024.3899,2024-05-17,India,Croatia,Raisins,fruits and vegetables,carbendazim   - {pesticide residues} *** chlorpyriphos-ethyl   - {pesticide residues},chlorpyriphos-ethyl,False,border rejection notification,border control - consignment detained,potential risk,product allowed to travel to destination under customs seals,Chlorpyrifos in raisins from India
2024.3759,2024-05-13,Türkiye,Bulgaria,"Lemons (Citrus limon, Citrus limonum)",fruits and vegetables,prochloraz   - {pesticide residues},prochloraz,False,border rejection notification,border control - consignment detained,serious,product not (yet) placed on the market,Prochloraz in fresh lemons from Türkiye
2024.3718,2024-05-10,Egypt,Malta,Grapefruit,fruits and vegetables,nicotine   - {pesticide residues},nicotine,False,information notification for attention,official control on the market,not serious,no distribution from notifying country,Nicotine exceeding MRL in Grapefruit from Egypt through the Netherlands 
2024.3743,2024-05-10,Türkiye,Austria,Tomatoes,fruits and vegetables,chlorpyrifos-methyl  unauthorised substance - {pesticide residues},chlorpyrifos-methyl,True,information notification for attention,official control on the market,potentially serious,product (presumably) no longer on the market,Unauthorised pesticide residue chlorpyrifos-methyl in tomatoes from Türkiye
2024.3667,2024-05-07,Türkiye,Denmark,Pear,fruits and vegetables,diflubenzuron   - {pesticide residues},diflubenzuron,False,information notification for follow-up,official control on the market,potentially serious,distribution to other member countries,Diflubenzuron in pears from Türkiye
2024.3607,2024-05-07,Türkiye,Bulgaria,Peppers (other than sweet) (Capsicum spp.),fruits and vegetables,acetamiprid   - {pesticide residues} *** etoxazole   - {pesticide residues},acetamiprid,False,border rejection notification,border control - consignment detained,serious,product not (yet) placed on the market,acetamiprid and etoxazole in fresh peppers from Türkiye
2024.3607,2024-05-07,Türkiye,Bulgaria,Peppers (other than sweet) (Capsicum spp.),fruits and vegetables,acetamiprid   - {pesticide residues} *** etoxazole   - {pesticide residues},etoxazole,False,border rejection notification,border control - consignment detained,serious,product not (yet) placed on the market,acetamiprid and etoxazole in fresh peppers from Türkiye
2024.3608,2024-05-07,Türkiye,Bulgaria,"Lemons (Citrus limon, Citrus limonum)",fruits and vegetables,chlorpyrifos-methyl  unauthorised substance - {pesticide residues},chlorpyrifos-methyl,True,border rejection notification,border control - consignment detained,serious,product not (yet) placed on the market,chlorpyrifos-methyl in fresh lemons from Türkiye 
2024.3599,2024-05-06,India,Netherlands,Table grapes Mix,fruits and vegetables,fenpropathrin   - {pesticide residues},fenpropathrin,False,alert notification,company's own check,serious,no distribution from notifying country,Fenpropathrin in table grapes Mix
2024.3595,2024-05-06,India,Norway,Okra,fruits and vegetables,chlorpyrifos  unauthorised substance - {pesticide residues} *** flonicamid   - {pesticide residues} *** propargite   - {pesticide residues},chlorpyrifos,True,border rejection notification,border control - consignment detained,potential risk,product not (yet) placed on the market,Pesticide residues above MRL in okra from India
2024.3595,2024-05-06,India,Norway,Okra,fruits and vegetables,chlorpyrifos  unauthorised substance - {pesticide residues} *** flonicamid   - {pesticide residues} *** propargite   - {pesticide residues},flonicamid,False,border rejection notification,border control - consignment detained,potential risk,product not (yet) placed on the market,Pesticide residues above MRL in okra from India
2024.3595,2024-05-06,India,Norway,Okra,fruits and vegetables,chlorpyrifos  unauthorised substance - {pesticide residues} *** flonicamid   - {pesticide residues} *** propargite   - {pesticide residues},propargite,False,border rejection notification,border control - consignment detained,potential risk,product not (yet) placed on the market,Pesticide residues above MRL in okra from India
2024.3557,2024-05-03,Kenya,France,Green beans,fruits and vegetables,acephate  unauthorised substance - {pesticide residues},acephate,True,border rejection notification,border control - consignment detained,not serious,product not (yet) placed on the market,Acephate in green beans from Kenya
2024.3531,2024-05-03,India,Sweden,Table Grapes,fruits and vegetables,dimethoate   - {pesticide residues} *** methamidophos  unauthorised substance - {pesticide residues} *** omethoate   - {pesticide residues},dimethoate,False,information notification for attention,surveillance programme / monitoring sample,serious,product (presumably) no longer on the market,Pesticides in red seedless grapes from India
2024.3531,2024-05-03,India,Sweden,Table Grapes,fruits and vegetables,dimethoate   - {pesticide residues} *** methamidophos  unauthorised substance - {pesticide residues} *** omethoate   - {pesticide residues},methamidophos,True,information notification for attention,surveillance programme / monitoring sample,serious,product (presumably) no longer on the market,Pesticides in red seedless grapes from India
2024.3531,2024-05-03,India,Sweden,Table Grapes,fruits and vegetables,dimethoate   - {pesticide residues} *** methamidophos  unauthorised substance - {pesticide residues} *** omethoate   - {pesticide residues},omethoate,False,information notification for attention,surveillance programme / monitoring sample,serious,product (presumably) no longer on the market,Pesticides in red seedless grapes from India
2024.3478,2024-04-30,Morocco,Spain,Sweet peppers,fruits and vegetables,abamectin  unauthorised - {pesticide residues} *** chlorpyrifos  unauthorised substance - {pesticide residues} *** fenazaquin   - {pesticide residues} *** imidacloprid   - {pesticide residues},abamectin,True,border rejection notification,border control - consignment detained,serious,product not (yet) placed on the market,Clorpirifos y Fenazaquina en pimientos de Marruecos. Chlorpyrifos and Fenazaquin on peppers from Morocco.
2024.3478,2024-04-30,Morocco,Spain,Sweet peppers,fruits and vegetables,abamectin  unauthorised - {pesticide residues} *** chlorpyrifos  unauthorised substance - {pesticide residues} *** fenazaquin   - {pesticide residues} *** imidacloprid   - {pesticide residues},chlorpyrifos,True,border rejection notification,border control - consignment detained,serious,product not (yet) placed on the market,Clorpirifos y Fenazaquina en pimientos de Marruecos. Chlorpyrifos and Fenazaquin on peppers from Morocco.
2024.3478,2024-04-30,Morocco,Spain,Sweet peppers,fruits and vegetables,abamectin  unauthorised - {pesticide residues} *** chlorpyrifos  unauthorised substance - {pesticide residues} *** fenazaquin   - {pesticide residues} *** imidacloprid   - {pesticide residues},fenazaquin,False,border rejection notification,border control - consignment detained,serious,product not (yet) placed on the market,Clorpirifos y Fenazaquina en pimientos de Marruecos. Chlorpyrifos and Fenazaquin on peppers from Morocco.
2024.3478,2024-04-30,Morocco,Spain,Sweet peppers,fruits and vegetables,abamectin  unauthorised - {pesticide residues} *** chlorpyrifos  unauthorised substance - {pesticide residues} *** fenazaquin   - {pesticide residues} *** imidacloprid   - {pesticide residues},imidacloprid,False,border rejection notification,border control - consignment detained,serious,product not (yet) placed on the market,Clorpirifos y Fenazaquina en pimientos de Marruecos. Chlorpyrifos and Fenazaquin on peppers from Morocco.
2024.3477,2024-04-30,Morocco,Spain,Sweet peppers,fruits and vegetables,chlorpyrifos  unauthorised substance - {pesticide residues} *** fenazaquin   - {pesticide residues},chlorpyrifos,True,border rejection notification,border control - consignment detained,serious,product not (yet) placed on the market,Clorpirifos y Fenazaquina en pimientos de Marruecos. Chlorpyrifos and Fenazaquin on peppers from Morocco.
2024.3477,2024-04-30,Morocco,Spain,Sweet peppers,fruits and vegetables,chlorpyrifos  unauthorised substance - {pesticide residues} *** fenazaquin   - {pesticide residues},fenazaquin,False,border rejection notification,border control - consignment detained,serious,product not (yet) placed on the market,Clorpirifos y Fenazaquina en pimientos de Marruecos. Chlorpyrifos and Fenazaquin on peppers from Morocco.
2024.3443,2024-04-30,Türkiye,Germany,green plums ,fruits and vegetables,chlorothalonil   - {pesticide residues},chlorothalonil,False,information notification for attention,official control on the market,serious,distribution restricted to notifying country,Chlorothalonil in green plums from Turkey 
2024.3401,2024-04-29,Egypt,Slovenia,White oranges,fruits and vegetables,tetramethrin   unauthorised substance - {pesticide residues},tetramethrin,True,border rejection notification,border control - consignment detained,not serious,product not (yet) placed on the market,Presence of Tetramethrin in Oranges from Egypt
2024.3399,2024-04-29,Türkiye,Bulgaria,fresh Lemons,fruits and vegetables,propiconazole   - {pesticide residues},propiconazole,False,border rejection notification,border control - consignment detained,serious,product not (yet) placed on the market,Propiconazole in fresh lemons from Türkiye
2024.3430,2024-04-29,Türkiye,Luxembourg,bell peppers,fruits and vegetables,etoxazole   - {pesticide residues} *** flonicamid   - {pesticide residues},etoxazole,False,information notification for attention,official control on the market,potential risk,product (presumably) no longer on the market,Flonicamid and etoxaczole on peppers from Turkey
2024.3430,2024-04-29,Türkiye,Luxembourg,bell peppers,fruits and vegetables,etoxazole   - {pesticide residues} *** flonicamid   - {pesticide residues},flonicamid,False,information notification for attention,official control on the market,potential risk,product (presumably) no longer on the market,Flonicamid and etoxaczole on peppers from Turkey
2024.3400,2024-04-29,Türkiye,Bulgaria,"Lemons (Citrus limon, Citrus limonum)",fruits and vegetables,prochloraz   - {pesticide residues},prochloraz,False,border rejection notification,border control - consignment detained,serious,product not (yet) placed on the market,prochloraz in fresh lemons from Türkiye
2024.3397,2024-04-29,Türkiye,Bulgaria,"Lemons (Citrus limon, Citrus limonum)",fruits and vegetables,chlorpyrifos-methyl   - {pesticide residues},chlorpyrifos-methyl,False,border rejection notification,border control - consignment detained,serious,product not (yet) placed on the market,Chlorpyrifos-methyl in fresh lemons from Türkiye
2024.3414,2024-04-29,India,Croatia,Raisins,fruits and vegetables,carbendazim   - {pesticide residues} *** chlorpyrifos  unauthorised substance - {pesticide residues},carbendazim,False,border rejection notification,border control - consignment detained,serious,product allowed to travel to destination under customs seals,Pesticides residues of Carbendazim and Chlorpyrifos in raisins from India
2024.3414,2024-04-29,India,Croatia,Raisins,fruits and vegetables,carbendazim   - {pesticide residues} *** chlorpyrifos  unauthorised substance - {pesticide residues},chlorpyrifos,True,border rejection notification,border control - consignment detained,serious,product allowed to travel to destination under customs seals,Pesticides residues of Carbendazim and Chlorpyrifos in raisins from India
2024.3387,2024-04-26,Egypt,Croatia,Fresh carrots,fruits and vegetables,linuron   - {pesticide residues},linuron,False,border rejection notification,border control - consignment detained,serious,product allowed to travel to destination under customs seals,Linuron in fresh carrots
2024.3331,2024-04-25,Egypt,Greece, Beans with pods,fruits and vegetables,chlorpyrifos  unauthorised substance - {pesticide residues},chlorpyrifos,True,border rejection notification,border control - consignment detained,potentially serious,product not (yet) placed on the market,Chlorpyrifos in beans with pods from Egypt
2024.3228,2024-04-23,Egypt,Italy,arance bionde//Valencia Oranges,fruits and vegetables,dimethoate   - {pesticide residues},dimethoate,False,border rejection notification,border control - consignment detained,potentially serious,product not (yet) placed on the market,Dimethoate (0.034 +/- 0.017 mg/Kg) in Arance (Citrus sinensis) dall'Egitto //Dimethoate (0.034 +/- 0.017 mg/Kg) in Oranges (Citrus sinensis) from Egypt
2024.3195,2024-04-22,Türkiye,Bulgaria,"Lemons (Citrus limon, Citrus limonum)",fruits and vegetables,imazalil   - {pesticide residues},imazalil,False,border rejection notification,border control - consignment detained,serious,product not (yet) placed on the market,imazalil in fresh lemons from Türkiye
2024.3194,2024-04-22,Türkiye,Bulgaria,"Lemons (Citrus limon, Citrus limonum)",fruits and vegetables,imazalil   - {pesticide residues},imazalil,False,border rejection notification,border control - consignment detained,serious,product not (yet) placed on the market,imazalil in fresh lemon from Türkiye
2024.3131,2024-04-18,Egypt,Germany,"Strawberries, frozen",fruits and vegetables,carbofuran   - {pesticide residues},carbofuran,False,information notification for attention,company's own check,potentially serious,product not (yet) placed on the market,Carbofuran in frozen strawberries from Egypt
2024.3110,2024-04-18,Türkiye,Bulgaria,"Lemons (Citrus limon, Citrus limonum)",fruits and vegetables,imazalil   - {pesticide residues},imazalil,False,border rejection notification,border control - consignment detained,serious,product not (yet) placed on the market,imazalil in fresh lemon from Türkiye
2024.3148,2024-04-18,Türkiye,Romania,grapefruits,fruits and vegetables,chlorpyrifos  unauthorised substance - {pesticide residues} *** chlorpyrifos-methyl   - {pesticide residues},chlorpyrifos,True,information notification for attention,company's own check,serious,distribution restricted to notifying country,Depasire LMA pesticid chlorpirifos si chorpirifos-metil in grapefruit origine Turcia/Exceeding LMA pesticid chlorpirifos and chorpirifos metyl in grapefruit Turkey
2024.3148,2024-04-18,Türkiye,Romania,grapefruits,fruits and vegetables,chlorpyrifos  unauthorised substance - {pesticide residues} *** chlorpyrifos-methyl   - {pesticide residues},chlorpyrifos-methyl,False,information notification for attention,company's own check,serious,distribution restricted to notifying country,Depasire LMA pesticid chlorpirifos si chorpirifos-metil in grapefruit origine Turcia/Exceeding LMA pesticid chlorpirifos and chorpirifos metyl in grapefruit Turkey
2024.3113,2024-04-18,Türkiye,Bulgaria,Sweet peppers,fruits and vegetables,Spirotetramat   - {pesticide residues} *** flonicamid   - {pesticide residues},Spirotetramat,False,border rejection notification,border control - consignment detained,serious,product not (yet) placed on the market,"spirotetramat and spirotetramat enol(sum of), and flonicamid in fresh pepper from Türkiye"
2024.3113,2024-04-18,Türkiye,Bulgaria,Sweet peppers,fruits and vegetables,Spirotetramat   - {pesticide residues} *** flonicamid   - {pesticide residues},flonicamid,False,border rejection notification,border control - consignment detained,serious,product not (yet) placed on the market,"spirotetramat and spirotetramat enol(sum of), and flonicamid in fresh pepper from Türkiye"
2024.3109,2024-04-18,Türkiye,Bulgaria,"Lemons (Citrus limon, Citrus limonum)",fruits and vegetables,imazalil   - {pesticide residues},imazalil,False,border rejection notification,border control - consignment detained,serious,product not (yet) placed on the market,imazalil in fresh lemon from Türkiye
2024.3004,2024-04-15,Kenya,Netherlands,Peppers (other than sweet) (Capsicum spp.),fruits and vegetables,chlorpyrifos-methyl  unauthorised substance - {pesticide residues},chlorpyrifos-methyl,True,border rejection notification,border control - consignment detained,potential risk,product not (yet) placed on the market,Capsicum Kenya Pesticide residu
2024.2876,2024-04-11,Kenya,France,Green beans,fruits and vegetables,chlorfenapyr  unauthorised substance - {pesticide residues},chlorfenapyr,True,border rejection notification,border control - consignment detained,not serious,product not (yet) placed on the market,Chlorfenapyr in green beans from Kenya
2024.2854,2024-04-10,Kenya,France,"green beans, wax beans and string beans",fruits and vegetables,chlorpyrifos  unauthorised substance - {pesticide residues},chlorpyrifos,True,border rejection notification,border control - consignment detained,potentially serious,product not (yet) placed on the market,Chlorpyrifos in green beans from Kenya
2024.2859,2024-04-10,Kenya,France,"green beans, wax beans and string beans",fruits and vegetables,acephate  unauthorised substance - {pesticide residues} *** methamidophos  unauthorised substance - {pesticide residues},acephate,True,border rejection notification,border control - consignment detained,not serious,product not (yet) placed on the market,Acephate and Methamidophos in green beans from Kenya
2024.2859,2024-04-10,Kenya,France,"green beans, wax beans and string beans",fruits and vegetables,acephate  unauthorised substance - {pesticide residues} *** methamidophos  unauthorised substance - {pesticide residues},methamidophos,True,border rejection notification,border control - consignment detained,not serious,product not (yet) placed on the market,Acephate and Methamidophos in green beans from Kenya
2024.2855,2024-04-10,Kenya,France,"green beans, wax beans and string beans",fruits and vegetables,acephate  unauthorised substance - {pesticide residues},acephate,True,border rejection notification,border control - consignment detained,not serious,product not (yet) placed on the market,Acephate in green beans from Kenya
2024.2818,2024-04-09,Kenya,France,"green beans, wax beans and string beans",fruits and vegetables,acephate  unauthorised substance - {pesticide residues},acephate,True,border rejection notification,border control - consignment detained,not serious,product not (yet) placed on the market,unauthorised substance acephate in green beans from Kenya
2024.2777,2024-04-09,India,Norway,"Guavas, fresh",fruits and vegetables,fluopyram   - {pesticide residues} *** thiamethoxam   - {pesticide residues},fluopyram,False,border rejection notification,border control - consignment detained,not serious,product not (yet) placed on the market,Pesticide residue above MRL in Guava from India
2024.2777,2024-04-09,India,Norway,"Guavas, fresh",fruits and vegetables,fluopyram   - {pesticide residues} *** thiamethoxam   - {pesticide residues},thiamethoxam,False,border rejection notification,border control - consignment detained,not serious,product not (yet) placed on the market,Pesticide residue above MRL in Guava from India
2024.2727,2024-04-08,Egypt,Belgium,Strawberries,fruits and vegetables,dimethoate   - {pesticide residues},dimethoate,False,information notification for attention,company's own check,serious,distribution restricted to notifying country,Dimethoate in frozen strawberries from Egypt
2024.2746,2024-04-08,Egypt,Cyprus,Cherry tomatoes,fruits and vegetables,methomyl unauthorised substance  - {pesticide residues},methomyl,True,border rejection notification,border control - consignment released,potentially serious,no distribution from notifying country,Presence of  unauthorized pesticide in cherry tomatoes from Egypt
2024.2730,2024-04-08,Egypt,Netherlands,Oranges,fruits and vegetables,chlorpyrifos   - {pesticide residues},chlorpyrifos,False,alert notification,company's own check,serious,distribution to other member countries,"Chlorpyrifos in oranges from Egypt,"
2024.2739,2024-04-08,Türkiye,Bulgaria,Sweet peppers,fruits and vegetables,acetamiprid   - {pesticide residues},acetamiprid,False,border rejection notification,border control - consignment detained,serious,product not (yet) placed on the market,Acetamiprid in fresh pepper from Türkiye
2024.2676,2024-04-05,Morocco,Spain,Melones/melons,fruits and vegetables,chlorpyrifos  unauthorised substance - {pesticide residues} *** chlorpyriphos-ethyl   - {pesticide residues},chlorpyrifos,True,information notification for attention,border control - consignment released,potentially serious,distribution restricted to notifying country,Residuos de clorpirifos por encima del LMR en melón de Marruecos. Unauthorized Pesticide residues (chlorpyrifos) above MRL in melon from Morocco.
2024.2676,2024-04-05,Morocco,Spain,Melones/melons,fruits and vegetables,chlorpyrifos  unauthorised substance - {pesticide residues} *** chlorpyriphos-ethyl   - {pesticide residues},chlorpyriphos-ethyl,False,information notification for attention,border control - consignment released,potentially serious,distribution restricted to notifying country,Residuos de clorpirifos por encima del LMR en melón de Marruecos. Unauthorized Pesticide residues (chlorpyrifos) above MRL in melon from Morocco.
2024.2695,2024-04-05,Türkiye,Bulgaria,"Grapefruit, including pomelos",fruits and vegetables,chlorpyrifos-methyl  unauthorised substance - {pesticide residues},chlorpyrifos-methyl,True,border rejection notification,border control - consignment detained,serious,product not (yet) placed on the market,chlorpyrifos-methil in fresh grapefruit from Türkiye
2024.2551,2024-04-02,Egypt,Slovenia,Fresh oranges,fruits and vegetables,dimethoate   - {pesticide residues},dimethoate,False,border rejection notification,border control - consignment detained,potentially serious,product not (yet) placed on the market, Dimethoate in oranges from Egypt
2024.2520,2024-03-30,Egypt,Slovenia,FRESH  ORANGE ,fruits and vegetables,chlorpropham   - {pesticide residues},chlorpropham,False,border rejection notification,border control - consignment detained,potential risk,product not (yet) placed on the market,Presence of chlorpropham in oranges from Egypt
2024.2456,2024-03-28,Kenya,Netherlands,ex-fine beans,fruits and vegetables,acephate  unauthorised substance - {pesticide residues} *** methamidophos  unauthorised substance - {pesticide residues},acephate,True,border rejection notification,border control - consignment detained,potential risk,product not (yet) placed on the market,methamidophos and acephate in ex-fine beans from Kenya
2024.2456,2024-03-28,Kenya,Netherlands,ex-fine beans,fruits and vegetables,acephate  unauthorised substance - {pesticide residues} *** methamidophos  unauthorised substance - {pesticide residues},methamidophos,True,border rejection notification,border control - consignment detained,potential risk,product not (yet) placed on the market,methamidophos and acephate in ex-fine beans from Kenya
2024.2409,2024-03-27,Egypt,Italy,egyptian Split Faba Beans,fruits and vegetables,chlorpropham   - {pesticide residues},chlorpropham,False,information notification for attention,border control - consignment released,potentially serious,information on distribution not (yet) available,unauthorized chlorpropham in faba beans from Egitto
2024.2413,2024-03-27,Türkiye,Bulgaria,Sweet peppers,fruits and vegetables,acetamiprid   - {pesticide residues} *** etoxazole   - {pesticide residues},acetamiprid,False,border rejection notification,border control - consignment detained,serious,product not (yet) placed on the market,etoxazole and acetamiprid in fresh pepper from Türkiye
2024.2413,2024-03-27,Türkiye,Bulgaria,Sweet peppers,fruits and vegetables,acetamiprid   - {pesticide residues} *** etoxazole   - {pesticide residues},etoxazole,False,border rejection notification,border control - consignment detained,serious,product not (yet) placed on the market,etoxazole and acetamiprid in fresh pepper from Türkiye
2024.2408,2024-03-27,Türkiye,Germany,Pomegranate variety Hicaz Class 2,fruits and vegetables,acetamiprid   - {pesticide residues},acetamiprid,False,information notification for follow-up,official control on the market,potential risk,distribution to other member countries,Acetamiprid in pomegranate from Türkiye
2024.2369,2024-03-26,India,Italy,OKRA,fruits and vegetables,propargite   - {pesticide residues},propargite,False,border rejection notification,border control - consignment detained,potentially serious,product not (yet) placed on the market,propargite in okra
2024.2354,2024-03-25,Egypt,Netherlands,oranges,fruits and vegetables,chlorpyriphos-ethyl   - {pesticide residues},chlorpyriphos-ethyl,False,border rejection notification,border control - consignment detained,potential risk,product not (yet) placed on the market,chlorpyriphos-ethyl in Egyptian oranges
2024.2286,2024-03-25,Türkiye,Romania,Oranges,fruits and vegetables,prochloraz   - {pesticide residues},prochloraz,False,information notification for attention,surveillance programme / monitoring sample,potentially serious,distribution restricted to notifying country,Depasire LMA pesticid (prochloraz) in portocale or.Turcia//Pesticide MRL exceeding in oranges from Turkey
2024.2296,2024-03-25,Türkiye,Bulgaria,oranges,fruits and vegetables,imazalil   - {pesticide residues},imazalil,False,border rejection notification,border control - consignment detained,serious,product not (yet) placed on the market,imazalil in fresh oranges from Türkiye
2024.2242,2024-03-22,Türkiye,Bulgaria,"Lemons (Citrus limon, Citrus limonum)",fruits and vegetables,imazalil   - {pesticide residues},imazalil,False,border rejection notification,border control - consignment detained,serious,product not (yet) placed on the market,high levels of imazalil in fresh lemons from Türkiye
2024.2137,2024-03-21,Egypt,Belgium,White oranges,fruits and vegetables,chlorpyrifos  unauthorised substance - {pesticide residues},chlorpyrifos,True,border rejection notification,border control - consignment detained,serious,product not (yet) placed on the market,Pesticides residues in oranges from Egypt 
2024.2135,2024-03-21,Türkiye,Bulgaria,Sweet peppers,fruits and vegetables,buprofezin   - {pesticide residues} *** chlorpyrifos-methyl  unauthorised substance - {pesticide residues},buprofezin,False,border rejection notification,border control - consignment detained,serious,product not (yet) placed on the market,buprofezin and chlorpyrifos-methyl in fresh pepper from Türkiye
2024.2135,2024-03-21,Türkiye,Bulgaria,Sweet peppers,fruits and vegetables,buprofezin   - {pesticide residues} *** chlorpyrifos-methyl  unauthorised substance - {pesticide residues},chlorpyrifos-methyl,True,border rejection notification,border control - consignment detained,serious,product not (yet) placed on the market,buprofezin and chlorpyrifos-methyl in fresh pepper from Türkiye
2024.2188,2024-03-21,India,France,Drumsticks (Moringa oleifera),fruits and vegetables,tricyclazole  unauthorised substance - {pesticide residues},tricyclazole,True,border rejection notification,border control - consignment detained,not serious,product not (yet) placed on the market,Tricyclazole in drumsticks from India
2024.2118,2024-03-20,Türkiye,Bulgaria,"Lemons (Citrus limon, Citrus limonum)",fruits and vegetables,chlorpyrifos   - {pesticide residues},chlorpyrifos,False,border rejection notification,border control - consignment detained,serious,product not (yet) placed on the market,chlorpyrifos in fresh lemons from Türkiye
2024.2129,2024-03-20,Türkiye,Latvia,Red grapefruits,fruits and vegetables,fenbutatin oxide  unauthorised substance - {pesticide residues},fenbutatin oxide,True,information notification for attention,official control on the market,potential risk,product (presumably) no longer on the market,"Unauthorised substance fenbutatin oxide (0,19 ± 0,10 mg/kg) in red grapefruits from Turkey"
2024.2065,2024-03-18,Egypt,Italy,spring onions,fruits and vegetables,chlorpyrifos   - {pesticide residues} *** lufenuron   - {pesticide residues},chlorpyrifos,False,information notification for follow-up,company's own check,potentially serious,distribution to other member countries,chlorpyrifos and lufenuron in spring onions from Egypt
2024.2065,2024-03-18,Egypt,Italy,spring onions,fruits and vegetables,chlorpyrifos   - {pesticide residues} *** lufenuron   - {pesticide residues},lufenuron,False,information notification for follow-up,company's own check,potentially serious,distribution to other member countries,chlorpyrifos and lufenuron in spring onions from Egypt
2024.1898,2024-03-13,Türkiye,Poland,Grejpfrut // Grapefruits,fruits and vegetables,didecyldimethylammonium chloride (DDAC)   - {pesticide residues},didecyldimethylammonium chloride (DDAC),False,information notification for attention,company's own check,not serious,no distribution from notifying country,"stwierdzenie przekroczenia NDP pozostałości pestycydu – chlorku  didecylodimetyloamonu (na poziomie 0,438 mg/kg ± 0,219) w Grejpfrutach z Turcji // exceeding the MRL for pesticide residues - didecyldimethylammonium chloride in Grapefruits from Türkiye"
2024.1840,2024-03-13,Türkiye,Germany,vine leaves,fruits and vegetables,emamectin   - {pesticide residues},emamectin,False,border rejection notification,border control - consignment detained,no risk,product not (yet) placed on the market,Emamectin levels exceeded in vine leaves from Turkey
2024.1835,2024-03-12,Egypt,Switzerland,Oranges,fruits and vegetables,chlorpyrifos  unauthorised substance - {pesticide residues} *** dimethoate   - {pesticide residues},chlorpyrifos,True,information notification for attention,official control on the market,serious,product (presumably) no longer on the market,Chlorpyrifos and Dimethoate in Oranges from Egypt
2024.1835,2024-03-12,Egypt,Switzerland,Oranges,fruits and vegetables,chlorpyrifos  unauthorised substance - {pesticide residues} *** dimethoate   - {pesticide residues},dimethoate,False,information notification for attention,official control on the market,serious,product (presumably) no longer on the market,Chlorpyrifos and Dimethoate in Oranges from Egypt
2024.1817,2024-03-12,Türkiye,Bulgaria,Vine leaves,fruits and vegetables,pyrimethanil   - {pesticide residues},pyrimethanil,False,border rejection notification,border control - consignment detained,potentially serious,product not (yet) placed on the market,high levels of pesticides in vine leaves from Turkey
2024.1798,2024-03-12,India,Italy,Capsicum annuum,fruits and vegetables,acetamiprid   - {pesticide residues} *** ethion   - {pesticide residues} *** fipronil  unauthorised substance - {pesticide residues},acetamiprid,False,border rejection notification,border control - consignment detained,serious,product not (yet) placed on the market,"Pesticide' residues :Acetamipirid, Ethion, Fipronil (sum fipronil + sulfone metabolite)  in Capsicum annuum from India"
2024.1798,2024-03-12,India,Italy,Capsicum annuum,fruits and vegetables,acetamiprid   - {pesticide residues} *** ethion   - {pesticide residues} *** fipronil  unauthorised substance - {pesticide residues},ethion,False,border rejection notification,border control - consignment detained,serious,product not (yet) placed on the market,"Pesticide' residues :Acetamipirid, Ethion, Fipronil (sum fipronil + sulfone metabolite)  in Capsicum annuum from India"
2024.1798,2024-03-12,India,Italy,Capsicum annuum,fruits and vegetables,acetamiprid   - {pesticide residues} *** ethion   - {pesticide residues} *** fipronil  unauthorised substance - {pesticide residues},fipronil,True,border rejection notification,border control - consignment detained,serious,product not (yet) placed on the market,"Pesticide' residues :Acetamipirid, Ethion, Fipronil (sum fipronil + sulfone metabolite)  in Capsicum annuum from India"
2024.1790,2024-03-11,Egypt,Austria,Jungzwiebel /// spring onion,fruits and vegetables,carbofuran   - {pesticide residues},carbofuran,False,alert notification,official control on the market,potentially serious,distribution to other member countries,"Pesticide residues in spring onion from Egypt, via Italy"
2024.1738,2024-03-11,Türkiye,Bulgaria,"Lemons (Citrus limon, Citrus limonum)",fruits and vegetables,imazalil   - {pesticide residues},imazalil,False,border rejection notification,border control - consignment detained,serious,product not (yet) placed on the market,imazalil in fresh lemons from Türkiye
2024.1741,2024-03-11,Türkiye,Bulgaria,"Lemons (Citrus limon, Citrus limonum)",fruits and vegetables,imazalil   - {pesticide residues},imazalil,False,border rejection notification,border control - consignment detained,serious,product not (yet) placed on the market,imazalil in fresh lemons from Türkiye
2024.1684,2024-03-08,Egypt,Cyprus,Fresh Red Peppers (capsicum annuum),fruits and vegetables,iprodione   - {pesticide residues} *** propargite   - {pesticide residues},iprodione,False,border rejection notification,border control - consignment detained,not serious,product not (yet) placed on the market,Residues of unauthorized  pesticides Iprodione and Propargite in fresh Red Peppers (capsicum annuum) from Egypt
2024.1684,2024-03-08,Egypt,Cyprus,Fresh Red Peppers (capsicum annuum),fruits and vegetables,iprodione   - {pesticide residues} *** propargite   - {pesticide residues},propargite,False,border rejection notification,border control - consignment detained,not serious,product not (yet) placed on the market,Residues of unauthorized  pesticides Iprodione and Propargite in fresh Red Peppers (capsicum annuum) from Egypt
2024.1691,2024-03-08,Türkiye,Bulgaria,"Lemons (Citrus limon, Citrus limonum)",fruits and vegetables,imazalil   - {pesticide residues},imazalil,False,border rejection notification,border control - consignment detained,serious,product not (yet) placed on the market,imazalil in fresh lemons from Turkey
2024.1690,2024-03-08,Türkiye,Bulgaria,"Lemons (Citrus limon, Citrus limonum)",fruits and vegetables,imazalil   - {pesticide residues},imazalil,False,border rejection notification,border control - consignment detained,serious,product not (yet) placed on the market,imazalil in fresh lemons from Turkey
2024.1689,2024-03-08,Türkiye,Bulgaria,"Lemons (Citrus limon, Citrus limonum)",fruits and vegetables,imazalil   - {pesticide residues},imazalil,False,border rejection notification,border control - consignment detained,serious,product not (yet) placed on the market,imazalil in fresh lemons from Turkey
2024.1655,2024-03-07,Türkiye,Germany,Pomegranate ,fruits and vegetables,acetamiprid   - {pesticide residues},acetamiprid,False,information notification for follow-up,official control on the market,potential risk,distribution to other member countries,Acetamiprid in pomegranate from Türkiye
2024.1639,2024-03-07,Kenya,Norway,Peppers (other than sweet) (Capsicum spp.),fruits and vegetables,carbendazim  unauthorised substance - {pesticide residues},carbendazim,True,border rejection notification,border control - consignment detained,potential risk,product not (yet) placed on the market,Pesticide residues (Carbendazim) above MRL in chili pepper from Kenya
2024.1592,2024-03-06,Kenya,Switzerland,Peppers (other than sweet) (Capsicum spp.),fruits and vegetables,acephate  unauthorised substance - {pesticide residues} *** methamidophos  unauthorised substance - {pesticide residues},acephate,True,border rejection notification,border control - consignment detained,serious,product not (yet) placed on the market,Unauthorised substance Acephate (0.35 mg/kg - ppm) and Methamidophos (0.085 mg/kg - ppm) in peppers (Capsicum spp.) from Kenia
2024.1592,2024-03-06,Kenya,Switzerland,Peppers (other than sweet) (Capsicum spp.),fruits and vegetables,acephate  unauthorised substance - {pesticide residues} *** methamidophos  unauthorised substance - {pesticide residues},methamidophos,True,border rejection notification,border control - consignment detained,serious,product not (yet) placed on the market,Unauthorised substance Acephate (0.35 mg/kg - ppm) and Methamidophos (0.085 mg/kg - ppm) in peppers (Capsicum spp.) from Kenia
2024.1594,2024-03-06,India,Switzerland,Drumsticks (Moringa oleifera),fruits and vegetables,acephate  unauthorised substance - {pesticide residues} *** fipronil  unauthorised substance - {pesticide residues} *** methamidophos  unauthorised substance - {pesticide residues} *** monocrotophos  unauthorised substance - {pesticide residues},acephate,True,border rejection notification,border control - consignment detained,serious,product not (yet) placed on the market,Unauthorised substances (pesticides) in Drumsticks from India
2024.1594,2024-03-06,India,Switzerland,Drumsticks (Moringa oleifera),fruits and vegetables,acephate  unauthorised substance - {pesticide residues} *** fipronil  unauthorised substance - {pesticide residues} *** methamidophos  unauthorised substance - {pesticide residues} *** monocrotophos  unauthorised substance - {pesticide residues},fipronil,True,border rejection notification,border control - consignment detained,serious,product not (yet) placed on the market,Unauthorised substances (pesticides) in Drumsticks from India
2024.1594,2024-03-06,India,Switzerland,Drumsticks (Moringa oleifera),fruits and vegetables,acephate  unauthorised substance - {pesticide residues} *** fipronil  unauthorised substance - {pesticide residues} *** methamidophos  unauthorised substance - {pesticide residues} *** monocrotophos  unauthorised substance - {pesticide residues},methamidophos,True,border rejection notification,border control - consignment detained,serious,product not (yet) placed on the market,Unauthorised substances (pesticides) in Drumsticks from India
2024.1594,2024-03-06,India,Switzerland,Drumsticks (Moringa oleifera),fruits and vegetables,acephate  unauthorised substance - {pesticide residues} *** fipronil  unauthorised substance - {pesticide residues} *** methamidophos  unauthorised substance - {pesticide residues} *** monocrotophos  unauthorised substance - {pesticide residues},monocrotophos,True,border rejection notification,border control - consignment detained,serious,product not (yet) placed on the market,Unauthorised substances (pesticides) in Drumsticks from India
2024.1571,2024-03-05,Egypt,Sweden,White oranges,fruits and vegetables,dimethoate   - {pesticide residues},dimethoate,False,border rejection notification,border control - consignment detained,potentially serious,product not (yet) placed on the market,Pesticides (dimethoate) in oranges
2024.1547,2024-03-04,Kenya,France,"green beans, wax beans and string beans",fruits and vegetables,acephate  unauthorised substance - {pesticide residues},acephate,True,border rejection notification,border control - consignment detained,not serious,product not (yet) placed on the market,Acephate in green beans from Kenya
2024.1384,2024-02-27,Egypt,Finland,Orange,fruits and vegetables,deltamethrin   - {pesticide residues},deltamethrin,False,border rejection notification,border control - consignment detained,serious,information on distribution not (yet) available,Pesticide residues (Deltamethrin) in Orange from Egypt.
2024.1304,2024-02-26,Egypt,Netherlands,Oranges,fruits and vegetables,dimethoate   - {pesticide residues},dimethoate,False,border rejection notification,border control - consignment detained,potential risk,product not (yet) placed on the market,unauthorised substance dimethoate in oranges from Egypt
2024.1307,2024-02-26,Türkiye,Bulgaria,"Lemons (Citrus limon, Citrus limonum)",fruits and vegetables,chlorpyrifos   - {pesticide residues},chlorpyrifos,False,border rejection notification,border control - consignment detained,serious,product not (yet) placed on the market,Chlorpyrifos in fresh lemons Lamas from Türkiye
2024.1309,2024-02-26,Türkiye,Bulgaria,Navel oranges,fruits and vegetables,chlorpyrifos-methyl  unauthorised substance - {pesticide residues},chlorpyrifos-methyl,True,border rejection notification,border control - consignment detained,serious,product not (yet) placed on the market,Chlorpyrifos-methyl in oranges from Türkiye
2024.1306,2024-02-26,Türkiye,Bulgaria,"Lemons (Citrus limon, Citrus limonum)",fruits and vegetables,chlorpyrifos-methyl  unauthorised substance - {pesticide residues},chlorpyrifos-methyl,True,border rejection notification,border control - consignment detained,potentially serious,product not (yet) placed on the market,unauthorized substance chlorpyrifos-methyl in lemons from Türkiye
2024.1319,2024-02-26,Kenya,France,Green beans,fruits and vegetables,acephate  unauthorised substance - {pesticide residues} *** methamidophos  unauthorised substance - {pesticide residues},acephate,True,border rejection notification,border control - consignment detained,not serious,product not (yet) placed on the market,Acephate and Methamidophos in green beans from Kenya
2024.1319,2024-02-26,Kenya,France,Green beans,fruits and vegetables,acephate  unauthorised substance - {pesticide residues} *** methamidophos  unauthorised substance - {pesticide residues},methamidophos,True,border rejection notification,border control - consignment detained,not serious,product not (yet) placed on the market,Acephate and Methamidophos in green beans from Kenya
2024.1300,2024-02-26,India,Italy,FRESH PEPPERS (CAPSICUM SPP),fruits and vegetables,ethion   - {pesticide residues},ethion,False,border rejection notification,border control - consignment detained,potentially serious,product not (yet) placed on the market,Ethion in fresh Capsicum spp from India
2024.1276,2024-02-23,Türkiye,Romania,Mandarins ,fruits and vegetables,didecyldimethylammonium chloride (DDAC)   - {pesticide residues},didecyldimethylammonium chloride (DDAC),False,information notification for attention,company's own check,potentially serious,distribution restricted to notifying country,Unauthorised substances didecyldimetiylamonium chloride (DDAC summe) in mandarins from Turkey
2024.1205,2024-02-21,Egypt,France,Oranges navel,fruits and vegetables,profenofos  unauthorised substance - {pesticide residues},profenofos,True,border rejection notification,border control - consignment detained,not serious,product not (yet) placed on the market,Profenofos in oranges from Egypt
2024.1166,2024-02-20,Egypt,Sweden,Oranges,fruits and vegetables,dimethoate   - {pesticide residues},dimethoate,False,border rejection notification,border control - consignment detained,potentially serious,product not (yet) placed on the market,Pesticides (dimethoate) in oranges
2024.1134,2024-02-19,Egypt,Romania,Egyptian frozen bell peppers ,fruits and vegetables,flumetralin  - {pesticide residues},flumetralin,False,border rejection notification,border control - consignment detained,no risk,product not (yet) placed on the market,Exceeded pesticides flumetralin in frozen bell peppers from Egypt
2024.1141,2024-02-19,Egypt,Belgium,Guavas,fruits and vegetables,chlorpyrifos  unauthorised substance - {pesticide residues} *** imidacloprid   - {pesticide residues},chlorpyrifos,True,information notification for attention,border control - consignment released,serious,no distribution to other member countries,Pesticides residues in guavas from Egypt
2024.1141,2024-02-19,Egypt,Belgium,Guavas,fruits and vegetables,chlorpyrifos  unauthorised substance - {pesticide residues} *** imidacloprid   - {pesticide residues},imidacloprid,False,information notification for attention,border control - consignment released,serious,no distribution to other member countries,Pesticides residues in guavas from Egypt
2024.1096,2024-02-16,Egypt,Cyprus,Pomegranates ,fruits and vegetables,Imidaclopride   - {pesticide residues} *** cyfluthrin   - {pesticide residues},Imidaclopride,False,border rejection notification,border control - consignment detained,not serious,product not (yet) placed on the market,Residues of unauthorized  pesticides Cyfluthrin and Imidacloprid in Pomegranates from Egypt 
2024.1096,2024-02-16,Egypt,Cyprus,Pomegranates ,fruits and vegetables,Imidaclopride   - {pesticide residues} *** cyfluthrin   - {pesticide residues},cyfluthrin,False,border rejection notification,border control - consignment detained,not serious,product not (yet) placed on the market,Residues of unauthorized  pesticides Cyfluthrin and Imidacloprid in Pomegranates from Egypt 
2024.1112,2024-02-16,Türkiye,Austria,Cucumbers ,fruits and vegetables,chlormequat   - {pesticide residues},chlormequat,False,information notification for attention,official control on the market,potentially serious,product (presumably) no longer on the market,"Chlormequat in Cucumbers from Türkiye, via Germany"
2024.1062,2024-02-15,Egypt,Latvia,Navel oranges,fruits and vegetables,chlorpyrifos  unauthorised substance - {pesticide residues},chlorpyrifos,True,border rejection notification,border control - consignment detained,serious,no distribution from notifying country,Unauthorised pesticede residue chlorpyrifoss 
2024.1055,2024-02-15,Egypt,Sweden,Navel oranges,fruits and vegetables,dimethoate   - {pesticide residues},dimethoate,False,border rejection notification,border control - consignment detained,potentially serious,product not (yet) placed on the market,Pesticides (dimethoate) in oranges
2024.0984,2024-02-12,Türkiye,Germany,pomegranate,fruits and vegetables,acetamiprid   - {pesticide residues},acetamiprid,False,information notification for attention,official control on the market,serious,product (presumably) no longer on the market,"Acetamiprid in pomegranates from Turkey, via the Netherlands"
2024.0971,2024-02-12,Türkiye,Bulgaria,Navel oranges,fruits and vegetables,chlorpyrifos  unauthorised substance - {pesticide residues},chlorpyrifos,True,border rejection notification,border control - consignment detained,serious,product not (yet) placed on the market,chlorpyrifos in fresh oranges from Türkiye
2024.0921,2024-02-09,Egypt,Netherlands,Orange,fruits and vegetables,dimethoate   - {pesticide residues} *** omethoate   - {pesticide residues},dimethoate,False,border rejection notification,border control - consignment detained,potential risk,product not (yet) placed on the market,dimethoate and omethoate in Egyptian oranges
2024.0921,2024-02-09,Egypt,Netherlands,Orange,fruits and vegetables,dimethoate   - {pesticide residues} *** omethoate   - {pesticide residues},omethoate,False,border rejection notification,border control - consignment detained,potential risk,product not (yet) placed on the market,dimethoate and omethoate in Egyptian oranges
2024.0957,2024-02-09,Kenya,Belgium,Basil,fruits and vegetables,dithiocarbamates   - {pesticide residues},dithiocarbamates,False,alert notification,official control on the market,serious,distribution to other member countries,"Dithiocarbamates in Basil from Kenya, via Israel"
2024.0886,2024-02-08,Türkiye,Bulgaria,Mandarines,fruits and vegetables,chlorpyrifos-methyl  unauthorised substance - {pesticide residues},chlorpyrifos-methyl,True,border rejection notification,border control - consignment detained,serious,product not (yet) placed on the market,Chlorpyrifos-methyl in mandarines  from Türkiye
2024.0912,2024-02-08,Kenya,France,Green beans,fruits and vegetables,acephate  unauthorised substance - {pesticide residues} *** methamidophos  unauthorised substance - {pesticide residues},acephate,True,border rejection notification,border control - consignment detained,not serious,product not (yet) placed on the market,Methamidophos in green beans from Kenya
2024.0912,2024-02-08,Kenya,France,Green beans,fruits and vegetables,acephate  unauthorised substance - {pesticide residues} *** methamidophos  unauthorised substance - {pesticide residues},methamidophos,True,border rejection notification,border control - consignment detained,not serious,product not (yet) placed on the market,Methamidophos in green beans from Kenya
2024.0917,2024-02-08,Kenya,France,Green beans,fruits and vegetables,acephate  unauthorised substance - {pesticide residues},acephate,True,border rejection notification,border control - consignment detained,not serious,product not (yet) placed on the market,Acephate in green beans from Kenya
2024.0913,2024-02-08,India,Switzerland,Okra,fruits and vegetables,diafenthiuron  unauthorised substance - {pesticide residues},diafenthiuron,True,border rejection notification,border control - consignment detained,potential risk,product not (yet) placed on the market,Unauthorised substance Diafenthiuron (0.034 mg/kg - ppm) in Okras from India
2024.0819,2024-02-06,Türkiye,Denmark,Quinces,fruits and vegetables,diflubenzuron   - {pesticide residues},diflubenzuron,False,information notification for follow-up,official control on the market,potentially serious,no distribution from notifying country,Diflubenzuron in quinces
2024.0824,2024-02-06,India,Norway,Drumsticks (Moringa oleifera),fruits and vegetables,metalaxyl   - {pesticide residues} *** thiamethoxam   - {pesticide residues},metalaxyl,False,border rejection notification,border control - consignment detained,potentially serious,product not (yet) placed on the market,Metalaxyl in drumsticks and thiamethoxam in guava from India
2024.0824,2024-02-06,India,Norway,Drumsticks (Moringa oleifera),fruits and vegetables,metalaxyl   - {pesticide residues} *** thiamethoxam   - {pesticide residues},thiamethoxam,False,border rejection notification,border control - consignment detained,potentially serious,product not (yet) placed on the market,Metalaxyl in drumsticks and thiamethoxam in guava from India
2024.0790,2024-02-05,Egypt,Norway,Navel Oranges,fruits and vegetables,dimethoate   - {pesticide residues},dimethoate,False,information notification for attention,company's own check,serious,no distribution from notifying country,Dimethoate in oranges from Egypt
2024.0788,2024-02-05,India,France,Drumsticks (Moringa oleifera),fruits and vegetables,diafenthiuron  unauthorised substance - {pesticide residues} *** dinotefuran   - {pesticide residues},diafenthiuron,True,border rejection notification,border control - consignment detained,potentially serious,product not (yet) placed on the market,Diafenthiuron and Dinotefuran in drumsticks (Moringa oleifera) from India
2024.0788,2024-02-05,India,France,Drumsticks (Moringa oleifera),fruits and vegetables,diafenthiuron  unauthorised substance - {pesticide residues} *** dinotefuran   - {pesticide residues},dinotefuran,False,border rejection notification,border control - consignment detained,potentially serious,product not (yet) placed on the market,Diafenthiuron and Dinotefuran in drumsticks (Moringa oleifera) from India
2024.0748,2024-02-02,Türkiye,Bulgaria,Pomegranates,fruits and vegetables,cypermethrin   - {pesticide residues},cypermethrin,False,border rejection notification,border control - consignment detained,serious,product not (yet) placed on the market,cypermethrin in fresh pomegranate from Türkiye
2024.0700,2024-02-01,Türkiye,Croatia,Pears,fruits and vegetables,methoxyfenozide   - {pesticide residues},methoxyfenozide,False,border rejection notification,border control - consignment released,no risk,no distribution from notifying country,Exceed MRL of methoxyphenozide in pears from Turkey
2024.0661,2024-01-30,Egypt,Slovenia,Navel oranges,fruits and vegetables,chlorpyriphos-ethyl   - {pesticide residues},chlorpyriphos-ethyl,False,border rejection notification,border control - consignment detained,potentially serious,product not (yet) placed on the market,Unauthorised substance chlorpyriphos in oranges from Egypt
2024.0624,2024-01-29,Türkiye,Bulgaria,Sweet peppers,fruits and vegetables,tebuconazole   - {pesticide residues},tebuconazole,False,border rejection notification,border control - consignment detained,serious,product not (yet) placed on the market,tebuconazole in fresh pepper from Türkiye
2024.0552,2024-01-25,Egypt,Romania,CAPSUNI PROASPETE,fruits and vegetables,chlorpyrifos   - {pesticide residues},chlorpyrifos,False,information notification for attention,border control - consignment released,serious,distribution restricted to notifying country,Exceeding of MRL for chlorpyrifos in Strawberries from Egypt
2024.0542,2024-01-25,Türkiye,Bulgaria,MANDARIN,fruits and vegetables,chlorpyrifos-methyl   - {pesticide residues},chlorpyrifos-methyl,False,border rejection notification,border control - consignment detained,serious,product not (yet) placed on the market,chlorpyrifos -methyl in fresh mandarin from Türkiye
2024.0533,2024-01-25,Türkiye,Bulgaria,Sweet peppers,fruits and vegetables,tebufenpyrad   - {pesticide residues},tebufenpyrad,False,border rejection notification,border control - consignment detained,serious,product not (yet) placed on the market,tebufenpyrad in fresh pepper from Türkiye
2024.0544,2024-01-25,Türkiye,Bulgaria,Other,fruits and vegetables,chlorpyrifos-methyl   - {pesticide residues},chlorpyrifos-methyl,False,border rejection notification,border control - consignment detained,serious,product not (yet) placed on the market,chlorpyrifos - methyl in fresh mandarin from Türkiye
2024.0487,2024-01-23,Egypt,Slovenia,White oranges,fruits and vegetables,chlorpropham   - {pesticide residues},chlorpropham,False,border rejection notification,border control - consignment detained,no risk,no distribution to other member countries,Presence of chlorpropham in Navel oranges from Egypt
2024.0489,2024-01-23,Türkiye,Bulgaria,MANDARINES,fruits and vegetables,chlorpyrifos-methyl  unauthorised substance - {pesticide residues},chlorpyrifos-methyl,True,border rejection notification,border control - consignment detained,potentially serious,product not (yet) placed on the market,chlorpyrifos-methyl in mandarines from Türkiye
2024.0492,2024-01-23,Türkiye,Bulgaria,Navel oranges,fruits and vegetables,propiconazole   - {pesticide residues},propiconazole,False,border rejection notification,border control - consignment detained,serious,product not (yet) placed on the market,propiconazole in oranges from Türkiye
2024.0491,2024-01-23,Türkiye,Bulgaria,"Grapefruit, including pomelos",fruits and vegetables,buprofezin   - {pesticide residues} *** chlorpyrifos-methyl   - {pesticide residues},buprofezin,False,border rejection notification,border control - consignment detained,serious,product not (yet) placed on the market,Chlorpyrifos-methyl and Buprofezin in fresh grapefruit from Türkiye
2024.0491,2024-01-23,Türkiye,Bulgaria,"Grapefruit, including pomelos",fruits and vegetables,buprofezin   - {pesticide residues} *** chlorpyrifos-methyl   - {pesticide residues},chlorpyrifos-methyl,False,border rejection notification,border control - consignment detained,serious,product not (yet) placed on the market,Chlorpyrifos-methyl and Buprofezin in fresh grapefruit from Türkiye
2024.0466,2024-01-22,Egypt,Slovenia,frozen strips of pepper (yellow  and green),fruits and vegetables,propargite   - {pesticide residues},propargite,False,border rejection notification,border control - consignment detained,no risk,product not (yet) placed on the market,propargit in stripsf of frozen pepper from Egypt
2024.0398,2024-01-19,Türkiye,Bulgaria,"Lemons (Citrus limon, Citrus limonum)",fruits and vegetables,chlorpyrifos-methyl   - {pesticide residues},chlorpyrifos-methyl,False,border rejection notification,border control - consignment detained,serious,product not (yet) placed on the market,Chlorpyrifos-methyl in fresh lemons from Türkiye
2024.0362,2024-01-18,Egypt,Romania, ORANGE,fruits and vegetables,chlorpyrifos  unauthorised substance - {pesticide residues},chlorpyrifos,True,border rejection notification,border control - consignment detained,potentially serious,product not (yet) placed on the market,Exceeded PESTICIDES Chlorpyrifos  in oranges from Egipt
2024.0348,2024-01-17,Egypt,Netherlands,Mandarins,fruits and vegetables,dimethoate   - {pesticide residues} *** lambda-cyhalothrin   - {pesticide residues},dimethoate,False,alert notification,company's own check,potentially serious,distribution to other member countries,Dimethoate and lambda-Cyhalothrin on Mandarins from Egypt
2024.0348,2024-01-17,Egypt,Netherlands,Mandarins,fruits and vegetables,dimethoate   - {pesticide residues} *** lambda-cyhalothrin   - {pesticide residues},lambda-cyhalothrin,False,alert notification,company's own check,potentially serious,distribution to other member countries,Dimethoate and lambda-Cyhalothrin on Mandarins from Egypt
2024.0319,2024-01-16,Türkiye,Greece,Lemons,fruits and vegetables,buprofezin   - {pesticide residues},buprofezin,False,border rejection notification,border control - consignment detained,potential risk,product not (yet) placed on the market,Buprofezin in lemons from Türkiye
2024.0272,2024-01-12,Kenya,Germany,sugar snap peas,fruits and vegetables,captan   - {pesticide residues},captan,False,information notification for attention,company's own check,serious,product (presumably) no longer on the market,"Captan in sugar snap peas from Kenya, via the Netherlands"
2024.0223,2024-01-11,Türkiye,Bulgaria,Navel oranges,fruits and vegetables,buprofezin   - {pesticide residues} *** chlorpyrifos-methyl  unauthorised substance - {pesticide residues},buprofezin,False,border rejection notification,border control - consignment detained,serious,product not (yet) placed on the market,chorpyrifos-methyl and buprofezin in fresh orange from Türkiye
2024.0223,2024-01-11,Türkiye,Bulgaria,Navel oranges,fruits and vegetables,buprofezin   - {pesticide residues} *** chlorpyrifos-methyl  unauthorised substance - {pesticide residues},chlorpyrifos-methyl,True,border rejection notification,border control - consignment detained,serious,product not (yet) placed on the market,chorpyrifos-methyl and buprofezin in fresh orange from Türkiye
2024.0232,2024-01-11,Türkiye,Romania,struguri roze/pink grapes,fruits and vegetables,acetamiprid   - {pesticide residues},acetamiprid,False,information notification for attention,company's own check,potential risk,distribution restricted to notifying country,Acetamiprid above MRL in grapes originating in Turkey///Depasire LMR pesticid acetamiprid in struguri origine Turcia
2024.0158,2024-01-09,India,Switzerland,"Guavas, mangoes and mangosteens",fruits and vegetables,propamocarb   - {pesticide residues} *** thiamethoxam   - {pesticide residues},propamocarb,False,border rejection notification,border control - consignment detained,potential risk,product not (yet) placed on the market,Unauthorised substances propamocarb (0.023 mg/kg - ppm) an thiamethoxam (0.019 mg/kg - ppm) in guava from India
2024.0158,2024-01-09,India,Switzerland,"Guavas, mangoes and mangosteens",fruits and vegetables,propamocarb   - {pesticide residues} *** thiamethoxam   - {pesticide residues},thiamethoxam,False,border rejection notification,border control - consignment detained,potential risk,product not (yet) placed on the market,Unauthorised substances propamocarb (0.023 mg/kg - ppm) an thiamethoxam (0.019 mg/kg - ppm) in guava from India
2024.0106,2024-01-05,Türkiye,Bulgaria,"Grapefruit, including pomelos",fruits and vegetables,chlorpyrifos-methyl   - {pesticide residues},chlorpyrifos-methyl,False,border rejection notification,border control - consignment detained,serious,product not (yet) placed on the market,chlorpyrifos-methyl in fresh grapefruit from Türkiye
2024.0105,2024-01-05,Türkiye,Bulgaria,Pomegranates,fruits and vegetables,metalaxyl   - {pesticide residues} *** tebuconazole   - {pesticide residues} *** zoxamide   - {pesticide residues},metalaxyl,False,border rejection notification,border control - consignment detained,serious,product not (yet) placed on the market,"metalaxyl, zoxamide and tebuconazole in fresh pomegranate from Türkiye"
2024.0105,2024-01-05,Türkiye,Bulgaria,Pomegranates,fruits and vegetables,metalaxyl   - {pesticide residues} *** tebuconazole   - {pesticide residues} *** zoxamide   - {pesticide residues},tebuconazole,False,border rejection notification,border control - consignment detained,serious,product not (yet) placed on the market,"metalaxyl, zoxamide and tebuconazole in fresh pomegranate from Türkiye"
2024.0105,2024-01-05,Türkiye,Bulgaria,Pomegranates,fruits and vegetables,metalaxyl   - {pesticide residues} *** tebuconazole   - {pesticide residues} *** zoxamide   - {pesticide residues},zoxamide,False,border rejection notification,border control - consignment detained,serious,product not (yet) placed on the market,"metalaxyl, zoxamide and tebuconazole in fresh pomegranate from Türkiye"
2024.0086,2024-01-04,Egypt,Romania,FRESH CARROTS,fruits and vegetables,oxamyl   - {pesticide residues},oxamyl,False,information notification for attention,border control - consignment released,serious,information on distribution not (yet) available,Exceeding of MRL for Oxamyl in CARROTS  from EGIPT/Dpasire LMA Oxamyl in MORCOVI origine EGIPT
2024.0083,2024-01-04,Egypt,Belgium,Vine leaves ,fruits and vegetables,Azoxystrobin   - {pesticide residues} *** boscalid   - {pesticide residues} *** carbendazim  unauthorised substance - {pesticide residues} *** chlorpyrifos  unauthorised substance - {pesticide residues} *** dimethomorph   - {pesticide residues} *** thiophanate-methyl   - {pesticide residues} *** trifloxystrobin   - {pesticide residues},Azoxystrobin,False,alert notification,border control - consignment released,serious,distribution to other member countries,Pesticides residues in vine leaves from Egypt
2024.0083,2024-01-04,Egypt,Belgium,Vine leaves ,fruits and vegetables,Azoxystrobin   - {pesticide residues} *** boscalid   - {pesticide residues} *** carbendazim  unauthorised substance - {pesticide residues} *** chlorpyrifos  unauthorised substance - {pesticide residues} *** dimethomorph   - {pesticide residues} *** thiophanate-methyl   - {pesticide residues} *** trifloxystrobin   - {pesticide residues},boscalid,False,alert notification,border control - consignment released,serious,distribution to other member countries,Pesticides residues in vine leaves from Egypt
2024.0083,2024-01-04,Egypt,Belgium,Vine leaves ,fruits and vegetables,Azoxystrobin   - {pesticide residues} *** boscalid   - {pesticide residues} *** carbendazim  unauthorised substance - {pesticide residues} *** chlorpyrifos  unauthorised substance - {pesticide residues} *** dimethomorph   - {pesticide residues} *** thiophanate-methyl   - {pesticide residues} *** trifloxystrobin   - {pesticide residues},carbendazim,True,alert notification,border control - consignment released,serious,distribution to other member countries,Pesticides residues in vine leaves from Egypt
2024.0083,2024-01-04,Egypt,Belgium,Vine leaves ,fruits and vegetables,Azoxystrobin   - {pesticide residues} *** boscalid   - {pesticide residues} *** carbendazim  unauthorised substance - {pesticide residues} *** chlorpyrifos  unauthorised substance - {pesticide residues} *** dimethomorph   - {pesticide residues} *** thiophanate-methyl   - {pesticide residues} *** trifloxystrobin   - {pesticide residues},chlorpyrifos,True,alert notification,border control - consignment released,serious,distribution to other member countries,Pesticides residues in vine leaves from Egypt
2024.0083,2024-01-04,Egypt,Belgium,Vine leaves ,fruits and vegetables,Azoxystrobin   - {pesticide residues} *** boscalid   - {pesticide residues} *** carbendazim  unauthorised substance - {pesticide residues} *** chlorpyrifos  unauthorised substance - {pesticide residues} *** dimethomorph   - {pesticide residues} *** thiophanate-methyl   - {pesticide residues} *** trifloxystrobin   - {pesticide residues},dimethomorph,False,alert notification,border control - consignment released,serious,distribution to other member countries,Pesticides residues in vine leaves from Egypt
2024.0083,2024-01-04,Egypt,Belgium,Vine leaves ,fruits and vegetables,Azoxystrobin   - {pesticide residues} *** boscalid   - {pesticide residues} *** carbendazim  unauthorised substance - {pesticide residues} *** chlorpyrifos  unauthorised substance - {pesticide residues} *** dimethomorph   - {pesticide residues} *** thiophanate-methyl   - {pesticide residues} *** trifloxystrobin   - {pesticide residues},thiophanate-methyl,False,alert notification,border control - consignment released,serious,distribution to other member countries,Pesticides residues in vine leaves from Egypt
2024.0083,2024-01-04,Egypt,Belgium,Vine leaves ,fruits and vegetables,Azoxystrobin   - {pesticide residues} *** boscalid   - {pesticide residues} *** carbendazim  unauthorised substance - {pesticide residues} *** chlorpyrifos  unauthorised substance - {pesticide residues} *** dimethomorph   - {pesticide residues} *** thiophanate-methyl   - {pesticide residues} *** trifloxystrobin   - {pesticide residues},trifloxystrobin,False,alert notification,border control - consignment released,serious,distribution to other member countries,Pesticides residues in vine leaves from Egypt
2024.0063,2024-01-04,Türkiye,Croatia,Tomatoes,fruits and vegetables,buprofezin   - {pesticide residues},buprofezin,False,border rejection notification,border control - forwarded to destination,no risk,product allowed to travel to destination under customs seals,Pesticide residues in tomatoes from Turkey
2024.0066,2024-01-04,Kenya,Italy,Fresh chili,fruits and vegetables,chlorfenapyr  unauthorised substance - {pesticide residues} *** lambda-cyhalothrin   - {pesticide residues},chlorfenapyr,True,border rejection notification,border control - consignment detained,potentially serious,product not (yet) placed on the market,Chlorfenapyr e Lambda-cyhalothrin in peperoncini freschi dal Kenia//Chlorfenapyr and Lambda cyhalothrin in fresh chili peppers from Kenya
2024.0066,2024-01-04,Kenya,Italy,Fresh chili,fruits and vegetables,chlorfenapyr  unauthorised substance - {pesticide residues} *** lambda-cyhalothrin   - {pesticide residues},lambda-cyhalothrin,False,border rejection notification,border control - consignment detained,potentially serious,product not (yet) placed on the market,Chlorfenapyr e Lambda-cyhalothrin in peperoncini freschi dal Kenia//Chlorfenapyr and Lambda cyhalothrin in fresh chili peppers from Kenya
2024.0092,2024-01-04,India,France,Drumsticks (Moringa oleifera),fruits and vegetables,thiophanate-methyl   - {pesticide residues},thiophanate-methyl,False,border rejection notification,border control - consignment detained,not serious,product not (yet) placed on the market,Thiophanate-methyl in drumsticks from India
2024.0087,2024-01-04,India,France,"Guavas, mangoes and mangosteens",fruits and vegetables,clothianidin   - {pesticide residues} *** fluopyram   - {pesticide residues} *** thiamethoxam   - {pesticide residues},clothianidin,False,border rejection notification,border control - consignment detained,not serious,product not (yet) placed on the market,"Clothianidin, fluopyram and thiamethoxam in guavas from India"
2024.0087,2024-01-04,India,France,"Guavas, mangoes and mangosteens",fruits and vegetables,clothianidin   - {pesticide residues} *** fluopyram   - {pesticide residues} *** thiamethoxam   - {pesticide residues},fluopyram,False,border rejection notification,border control - consignment detained,not serious,product not (yet) placed on the market,"Clothianidin, fluopyram and thiamethoxam in guavas from India"
2024.0087,2024-01-04,India,France,"Guavas, mangoes and mangosteens",fruits and vegetables,clothianidin   - {pesticide residues} *** fluopyram   - {pesticide residues} *** thiamethoxam   - {pesticide residues},thiamethoxam,False,border rejection notification,border control - consignment detained,not serious,product not (yet) placed on the market,"Clothianidin, fluopyram and thiamethoxam in guavas from India"
2024.0089,2024-01-04,India,France,Drumsticks (Moringa oleifera),fruits and vegetables,tricyclazole  unauthorised substance - {pesticide residues},tricyclazole,True,border rejection notification,border control - consignment detained,not serious,product not (yet) placed on the market,Tricyclazole in drumsticks from India
2024.0048,2024-01-03,India,France,Drumsticks leaves (Moringa oleifera),fruits and vegetables,acephate  unauthorised substance - {pesticide residues} *** fipronil  unauthorised substance - {pesticide residues} *** methamidophos  unauthorised substance - {pesticide residues} *** permethrin  unauthorised substance - {pesticide residues},acephate,True,border rejection notification,border control - consignment detained,serious,product not (yet) placed on the market,Multiple pesticide residues in drumstick leaves from India
2024.0048,2024-01-03,India,France,Drumsticks leaves (Moringa oleifera),fruits and vegetables,acephate  unauthorised substance - {pesticide residues} *** fipronil  unauthorised substance - {pesticide residues} *** methamidophos  unauthorised substance - {pesticide residues} *** permethrin  unauthorised substance - {pesticide residues},fipronil,True,border rejection notification,border control - consignment detained,serious,product not (yet) placed on the market,Multiple pesticide residues in drumstick leaves from India
2024.0048,2024-01-03,India,France,Drumsticks leaves (Moringa oleifera),fruits and vegetables,acephate  unauthorised substance - {pesticide residues} *** fipronil  unauthorised substance - {pesticide residues} *** methamidophos  unauthorised substance - {pesticide residues} *** permethrin  unauthorised substance - {pesticide residues},methamidophos,True,border rejection notification,border control - consignment detained,serious,product not (yet) placed on the market,Multiple pesticide residues in drumstick leaves from India
2024.0048,2024-01-03,India,France,Drumsticks leaves (Moringa oleifera),fruits and vegetables,acephate  unauthorised substance - {pesticide residues} *** fipronil  unauthorised substance - {pesticide residues} *** methamidophos  unauthorised substance - {pesticide residues} *** permethrin  unauthorised substance - {pesticide residues},permethrin,True,border rejection notification,border control - consignment detained,serious,product not (yet) placed on the market,Multiple pesticide residues in drumstick leaves from India
2024.0019,2024-01-02,Türkiye,Bulgaria,"Grapefruit, including pomelos",fruits and vegetables,chlorpyrifos-methyl   - {pesticide residues},chlorpyrifos-methyl,False,border rejection notification,border control - consignment detained,serious,product not (yet) placed on the market,Chlorpyrifos-methyl in fresh grapefruit  from Türkiye
